Area,Perimeter,MajorAxisLength,MinorAxisLength,AspectRation,Eccentricity,ConvexArea,EquivDiameter,Extent,Solidity,roundness,Compactness,ShapeFactor1,ShapeFactor2,ShapeFactor3,ShapeFactor4,Class,Predict
51527,856.204,331.6249644,198.2840686,1.672474076,0.801558325,52055,256.1371,0.720576719,0.989856882,0.883263364,0.772369778,0.006435946,0.001412841,0.596555074,0.997722895,SIRA,SIRA
38670,711.562,245.5214698,200.8051418,1.222685174,0.575400165,39010,221.8922558,0.763625592,0.991284286,0.95975093,0.903759073,0.006349146,0.002612797,0.816780461,0.998665361,SEKER,SEKER
67849,1022.629,389.9148165,222.0912704,1.75565125,0.821929521,68732,293.9184068,0.750641678,0.987153,0.815299369,0.753801585,0.005746803,0.001144549,0.56821683,0.997590588,BARBUNYA,CALI
67467,1011.524,393.3314773,220.0732498,1.787275271,0.828822991,68144,293.0898367,0.739404899,0.990065156,0.828607538,0.745147169,0.005829983,0.001108703,0.555244303,0.992374412,CALI,CALI
36581,711.899,266.6283294,174.9238304,1.524253893,0.754709882,36983,215.815606,0.776963595,0.989130141,0.907044662,0.809424889,0.007288711,0.001929908,0.655168651,0.998643367,DERMASON,DERMASON
27725,612.615,228.8474164,154.6665122,1.479618394,0.737039253,28090,187.8844495,0.757637864,0.987006052,0.928338081,0.821003149,0.00825419,0.002313308,0.674046171,0.997331113,DERMASON,DERMASON
46015,775.166,277.2145631,211.5356223,1.310486433,0.646309435,46401,242.0498247,0.785372931,0.991681214,0.962320769,0.873149744,0.006024439,0.002159988,0.762390475,0.999102374,SEKER,SEKER
44710,832.12,332.0685295,171.9583089,1.931099064,0.855477596,45234,238.5928332,0.694103766,0.988415793,0.811414217,0.718504802,0.007427165,0.001221016,0.516249151,0.996928253,HOROZ,HOROZ
61570,996.083,394.0513466,200.9737245,1.960710772,0.860163059,62653,279.9881404,0.704462243,0.982714315,0.779808494,0.7105372,0.006400054,0.001006261,0.504863112,0.989890543,HOROZ,HOROZ
40660,750.676,279.9752458,185.8686357,1.506307101,0.747843336,41115,227.5300417,0.79488583,0.988933479,0.906717872,0.812679139,0.006885766,0.001852714,0.660447383,0.994836583,SIRA,SIRA
29322,625.847,223.6875615,167.0670972,1.33890853,0.664962203,29700,193.2199005,0.758164189,0.987272727,0.94073457,0.863793673,0.00762866,0.0026198,0.74613951,0.999012554,DERMASON,DERMASON
35674,712.727,258.2219167,176.3050191,1.464631682,0.730637568,36178,213.1233153,0.719233871,0.986068882,0.882501088,0.825349444,0.007238379,0.002071918,0.681201704,0.997709598,DERMASON,DERMASON
47026,815.622,312.6353105,192.7472981,1.621995813,0.787335799,47758,244.6944275,0.741290709,0.984672725,0.888321228,0.782683271,0.006648137,0.001538948,0.612593103,0.993623448,SIRA,SIRA
47009,802.977,295.6113614,203.9232482,1.449620698,0.723966029,47490,244.6501947,0.798522167,0.989871552,0.916188139,0.82760755,0.006288399,0.001819775,0.684934257,0.992894877,SIRA,SIRA
44048,763.489,271.0824375,207.2220042,1.308173997,0.644713487,44378,236.8198798,0.761614939,0.992563883,0.949577661,0.873608346,0.006154251,0.00221117,0.763191542,0.99838733,SEKER,SEKER
73769,1047.573,399.9223342,236.1586535,1.693447724,0.807029378,74575,306.4728503,0.801532026,0.989192089,0.84472465,0.76633092,0.005421279,0.001153312,0.587263079,0.994499324,CALI,CALI
47143,858.562,296.8462778,203.0587116,1.461874132,0.729431915,47996,244.9986364,0.717986598,0.982227686,0.803681099,0.825338415,0.00629672,0.001802281,0.681183499,0.995804537,BARBUNYA,SIRA
42588,765.436,280.882102,193.9428884,1.448272243,0.723353474,43076,232.8620315,0.817977528,0.988671186,0.91343856,0.82903834,0.006595334,0.00192183,0.687304569,0.99540413,SIRA,SIRA
51191,849.927,319.1020181,205.4676187,1.553052593,0.765115384,51839,255.300618,0.783911672,0.987499759,0.890512922,0.800059553,0.006233557,0.001575451,0.640095288,0.994101647,SIRA,SIRA
27875,616.012,222.6462814,159.8193731,1.393111968,0.696231421,28270,188.3920176,0.791071885,0.986027591,0.923094993,0.846149401,0.007987311,0.002525623,0.715968809,0.997424716,DERMASON,DERMASON
43047,780.551,288.11903,191.0736746,1.507894956,0.748463338,43492,234.1135252,0.70252142,0.989768233,0.887871643,0.812558355,0.006693127,0.001799812,0.660251081,0.995589274,SIRA,SIRA
52875,911.09,380.0417586,177.9162954,2.136070548,0.883649367,53456,259.4658762,0.751449605,0.989131248,0.800456406,0.682729911,0.007187551,0.000963289,0.466120132,0.995665486,HOROZ,HOROZ
56889,951.582,384.2369343,190.1773181,2.020414096,0.868922572,57644,269.1343985,0.613504012,0.986902366,0.789488352,0.700438647,0.006754152,0.001002838,0.490614299,0.991244045,HOROZ,HOROZ
34444,686.359,249.6569696,175.8623222,1.419616018,0.709787527,34799,209.4169594,0.787291429,0.989798557,0.918799561,0.838818799,0.007248199,0.002213515,0.703616978,0.998865932,DERMASON,DERMASON
52530,831.059,296.6304835,225.9183413,1.312998678,0.648029319,52917,258.6180065,0.749571918,0.99268666,0.955770343,0.871852425,0.005646878,0.002012612,0.760126652,0.998045289,SEKER,SEKER
48883,827.086,321.6458166,194.40345,1.654527307,0.796679321,49352,249.4789944,0.71787529,0.990496839,0.897979404,0.775632642,0.006579912,0.001469008,0.601605995,0.995373547,SIRA,SIRA
47259,828.291,320.7676251,188.0343422,1.705899153,0.810165565,47818,245.2998729,0.729035542,0.988309841,0.865622441,0.764727652,0.00678744,0.001431901,0.584808382,0.997624124,SIRA,SIRA
32406,675.291,259.8476025,159.14108,1.632812864,0.790517033,32736,203.1270555,0.807485299,0.989919355,0.893003926,0.781716104,0.008018503,0.00184701,0.611080068,0.997779395,DERMASON,DERMASON
35706,693.069,250.7097581,181.6645682,1.380069656,0.689168511,36096,213.2188809,0.724627093,0.989195479,0.934110205,0.850461037,0.007021502,0.002265831,0.723283976,0.998182268,DERMASON,DERMASON
30113,641.52,236.1498262,162.6632701,1.451771048,0.724938263,30428,195.8087394,0.732908219,0.989647693,0.919482541,0.829171643,0.007842122,0.002286605,0.687525613,0.99812978,DERMASON,DERMASON
78121,1069.584,412.3801112,242.3737879,1.701422067,0.809047225,78892,315.3834911,0.702185989,0.990227146,0.858119681,0.764788317,0.005278736,0.001113973,0.584901169,0.995163757,CALI,CALI
35699,694.117,236.6649656,192.4798218,1.229557277,0.581843363,36104,213.1979796,0.758488081,0.988782406,0.93110906,0.900843008,0.006629456,0.00269311,0.811518126,0.997808017,SEKER,SEKER
40197,742.209,256.7947879,199.5419875,1.286921069,0.62944081,40643,226.2308776,0.76230301,0.989026401,0.91696144,0.880979242,0.006388407,0.00237375,0.776124425,0.998810875,SEKER,SEKER
35923,684.665,229.9818299,199.1153587,1.155018033,0.500412098,36239,213.8658088,0.771012191,0.991280113,0.962999824,0.929924807,0.006402077,0.002953194,0.864760147,0.998813564,SEKER,SEKER
32791,670.372,250.3606648,166.9543423,1.499575641,0.745187209,33141,204.3301199,0.785413174,0.989439063,0.916922843,0.816143063,0.007635042,0.002089567,0.6660895,0.998851588,DERMASON,DERMASON
51440,905.432,359.2756954,183.5025868,1.957878097,0.859725106,52233,255.9207733,0.800834462,0.984818027,0.788495366,0.712324203,0.006984364,0.001109219,0.50740577,0.993438643,HOROZ,HOROZ
61704,969.404,395.6012989,199.799678,1.979989672,0.863088249,62388,280.2926558,0.650927274,0.989036353,0.825113262,0.708523093,0.006411275,0.000996644,0.502004973,0.993964662,HOROZ,HOROZ
42414,768.017,289.0165233,187.3363113,1.542768304,0.761482498,42814,232.3858474,0.797315588,0.990657262,0.903602512,0.804057307,0.006814177,0.001756876,0.646508152,0.997412286,SIRA,SIRA
35978,687.586,243.5302452,188.4149583,1.292520761,0.633574163,36297,214.0294661,0.746927421,0.991211395,0.956297082,0.878861949,0.006768866,0.002491026,0.772398326,0.998340872,SEKER,SEKER
44634,774.05,266.8971937,213.6078863,1.249472566,0.599549468,45116,238.3899617,0.738777807,0.989316429,0.93613319,0.893190214,0.005979684,0.002347652,0.797788759,0.996815168,SEKER,SEKER
25256,586.29,220.5764305,146.0429268,1.510353397,0.749418414,25536,179.3235566,0.782791966,0.989035088,0.923314082,0.812976963,0.008733625,0.002353354,0.660931542,0.9982402,DERMASON,DERMASON
69441,1019.858,400.6709536,222.5306984,1.800519913,0.831586582,70363,297.3466449,0.749676124,0.986896522,0.838969971,0.742121789,0.005769948,0.001079574,0.55074475,0.991626889,CALI,CALI
36085,689.809,237.3103987,193.835087,1.224290207,0.576921209,36414,214.3474958,0.75592844,0.990965013,0.952969192,0.903236845,0.006576428,0.002700079,0.815836799,0.998821003,SEKER,SEKER
35259,677.828,234.8896338,191.2971925,1.227878103,0.580285549,35577,211.8800441,0.752240143,0.991061641,0.964363679,0.902040847,0.006661835,0.002720686,0.813677689,0.999097017,SEKER,SEKER
42402,800.745,318.293212,171.8010823,1.852684557,0.841820685,43064,232.3529711,0.703219066,0.984627531,0.831012841,0.729996627,0.007506561,0.001314935,0.532895075,0.987286476,HOROZ,HOROZ
51560,850.918,316.8622226,208.4950408,1.519759038,0.75301876,52472,256.2191073,0.785724082,0.982619302,0.894844043,0.808613615,0.006145505,0.001620696,0.653855978,0.993703532,SIRA,SIRA
45030,842.585,343.6325296,168.215351,2.042813141,0.87199149,45623,239.4451434,0.630760611,0.98700217,0.797047794,0.696805811,0.007631191,0.001109735,0.485538338,0.991864097,HOROZ,HOROZ
41285,743.117,261.234297,201.4387469,1.296842345,0.636709511,41729,229.2720973,0.773040482,0.989359918,0.939480477,0.877649298,0.006327584,0.002315804,0.77026829,0.998916536,SEKER,SEKER
34394,669.762,230.9211333,189.9052632,1.215980692,0.568936466,34730,209.264906,0.781681818,0.990325367,0.963499612,0.90621808,0.006713995,0.002793133,0.821231209,0.998601293,SEKER,SEKER
27998,615.426,228.0066779,156.5950636,1.456027238,0.726846129,28329,188.8072053,0.787566807,0.98831586,0.928934715,0.828077524,0.008143677,0.002362024,0.685712386,0.998415911,DERMASON,DERMASON
75936,1079.901,420.4081586,232.4118036,1.808893318,0.833297909,77128,310.9416634,0.765599637,0.984545172,0.818256933,0.739618528,0.005536348,0.001021961,0.547035567,0.989528982,CALI,CALI
40662,767.554,279.2703195,185.8498523,1.502666351,0.746412361,41304,227.5356376,0.723574632,0.984456711,0.867322717,0.814750518,0.006868091,0.001866871,0.663818407,0.997497584,SIRA,SIRA
65496,988.059,366.1841229,228.3916323,1.60331672,0.781658155,66356,288.7768987,0.7891845,0.987039605,0.843060777,0.788611195,0.005590939,0.001333878,0.621907617,0.99711488,BARBUNYA,CALI
39506,725.692,243.1820843,206.996576,1.17481211,0.524841556,39972,224.2779558,0.774172056,0.988341839,0.942688594,0.922263482,0.006155573,0.002747061,0.85056993,0.999259854,SEKER,SEKER
70332,1004.224,377.6639772,237.5478886,1.589843544,0.777411198,70976,299.2481974,0.710510365,0.99092651,0.876398526,0.792366271,0.005369732,0.001305679,0.627844308,0.99817422,CALI,CALI
44595,791.968,296.6677286,192.2877194,1.542832426,0.761505428,45055,238.2857895,0.784681166,0.989790256,0.893471624,0.803207651,0.006652489,0.00170795,0.645142531,0.995346816,SIRA,SIRA
43935,765.713,256.3129117,218.4494531,1.173328237,0.523091664,44370,236.5159179,0.786731131,0.990196078,0.941647708,0.922762401,0.005833912,0.002609151,0.851490449,0.999077787,SEKER,SEKER
29664,639.039,237.7824776,159.1750173,1.493842951,0.742889188,29981,194.3434533,0.735915056,0.989426637,0.912819374,0.817316126,0.00801586,0.00220643,0.668005649,0.99789553,DERMASON,DERMASON
41029,768.181,294.6773361,177.8312027,1.657062043,0.797379871,41473,228.5601568,0.817799482,0.98929424,0.87372281,0.775628556,0.007182172,0.001603433,0.601599658,0.996887958,SIRA,SIRA
42948,778.088,285.0214146,193.0020563,1.47677916,0.735845638,43496,233.8441617,0.789427248,0.98740114,0.891446683,0.820444183,0.00663643,0.001854857,0.673128658,0.994062374,SIRA,SIRA
36362,701.998,258.6351721,179.4211654,1.44149756,0.720241911,36721,215.168623,0.786035452,0.990223578,0.927226589,0.831938755,0.007112787,0.002101769,0.692122091,0.997692306,DERMASON,DERMASON
44570,807.791,308.0542278,184.8333766,1.666659093,0.799997955,45178,238.2189886,0.688318508,0.986542122,0.858330367,0.773302124,0.006911695,0.001524618,0.597996175,0.996655762,SIRA,SIRA
42116,766.156,291.4779223,184.2718623,1.58178204,0.774806584,42500,231.568039,0.800319246,0.990964706,0.901617987,0.794461677,0.006920836,0.001700709,0.631169356,0.998372352,SIRA,SIRA
48263,838.687,304.7356873,202.7929268,1.502693867,0.746423225,48922,247.8918315,0.712011684,0.986529578,0.862232434,0.813465051,0.006314064,0.001705471,0.66172539,0.994370685,SIRA,SIRA
30879,654.628,243.4126252,161.6760602,1.505557625,0.747549831,31244,198.2835442,0.736108131,0.988317757,0.905490581,0.814598438,0.007882788,0.002141085,0.663570615,0.999043799,DERMASON,DERMASON
48027,832.7,311.9178795,197.3641072,1.580418466,0.774361203,48676,247.2850089,0.701380066,0.986666941,0.870398621,0.792788824,0.006494636,0.001582576,0.62851412,0.993315321,SIRA,SIRA
29920,641.567,236.3747199,161.4634609,1.463951773,0.730341116,30221,195.1802428,0.761439406,0.990040038,0.91345555,0.825723846,0.007900225,0.002265471,0.68181987,0.998151407,DERMASON,DERMASON
43753,794.736,297.0848689,189.1153233,1.570919076,0.771218905,44188,236.0255279,0.694492063,0.990155698,0.870506319,0.794471724,0.006790046,0.001668654,0.63118532,0.991541059,SIRA,SIRA
27503,607.354,225.3457581,155.7569148,1.446778517,0.722672317,27755,187.1307222,0.787329669,0.990920555,0.936927833,0.830415996,0.008193497,0.002403432,0.689590727,0.997685049,DERMASON,DERMASON
28157,628.77,233.6673957,154.603181,1.511400957,0.749823596,28477,189.3425622,0.686086745,0.988762861,0.894978536,0.810308009,0.008298732,0.002206948,0.656599069,0.992384462,DERMASON,DERMASON
74154,1054.801,413.1876243,230.6605578,1.791323268,0.829675124,75125,307.2715496,0.763136771,0.987074875,0.837535802,0.743661067,0.005572021,0.001051218,0.553031783,0.990658701,CALI,CALI
36906,702.412,246.3682022,190.9485904,1.290233155,0.631895354,37298,216.7721814,0.779232296,0.989490053,0.939989487,0.879870777,0.00667556,0.002467988,0.774172584,0.998863135,SEKER,SEKER
41735,735.759,257.9670166,206.2186993,1.250939015,0.600799858,42050,230.5182257,0.773988354,0.992508918,0.968811121,0.893595735,0.006181071,0.002431128,0.798513337,0.998891488,SEKER,SEKER
42316,770.012,293.4460478,184.402955,1.591330507,0.777886363,42757,232.1172216,0.774649434,0.989685899,0.896849325,0.791004763,0.006934636,0.001674634,0.625688536,0.995677255,SIRA,SIRA
31158,642.626,216.4848362,183.6443122,1.178826797,0.529514251,31492,199.1773023,0.798759229,0.989394132,0.948119004,0.92005198,0.00694797,0.003071052,0.846495646,0.997871751,SEKER,SEKER
71853,1046.04,402.6695608,229.7830879,1.752389893,0.821193899,73226,302.466661,0.778101447,0.981249829,0.825198036,0.751153527,0.005604074,0.001100521,0.564231622,0.988753791,CALI,CALI
44793,804.334,306.7170378,186.5375503,1.644264317,0.793803189,45254,238.8141933,0.698232323,0.989813055,0.870055907,0.778614045,0.006847432,0.001552374,0.60623983,0.996818521,SIRA,SIRA
30452,641.074,230.9343034,168.3467942,1.371777255,0.684533585,30821,196.9078226,0.728168341,0.988027643,0.931127939,0.852657313,0.007583551,0.002472581,0.727024494,0.997315665,DERMASON,DERMASON
41974,780.738,287.8867489,186.9834501,1.539637592,0.760358605,42558,231.1773273,0.705066183,0.986277551,0.865325669,0.803014825,0.006858692,0.0017592,0.644832809,0.992808834,SIRA,SIRA
41704,778.258,292.0013691,182.6032013,1.599103231,0.780343999,42191,230.4325975,0.72747571,0.988457254,0.865247571,0.789149031,0.007001759,0.001675032,0.622756193,0.99585144,SIRA,SIRA
36015,701.005,256.4520818,179.3963455,1.429527904,0.714601626,36407,214.1394924,0.758609795,0.98923284,0.920981808,0.835007815,0.007120702,0.002135329,0.697238051,0.996721249,DERMASON,DERMASON
30240,662.069,254.4625911,152.1133319,1.672848711,0.801658192,30632,196.2212115,0.77044586,0.987202925,0.86693222,0.771120072,0.008414768,0.001835312,0.594626165,0.994719613,DERMASON,DERMASON
27770,610.656,224.8720126,157.3307031,1.429295161,0.7144901,28076,188.0368638,0.737935799,0.989101012,0.935820353,0.83619505,0.00809766,0.002442135,0.699222162,0.999394852,DERMASON,DERMASON
63128,1000.638,407.6883919,198.5910656,2.052903995,0.873337926,63792,283.5084937,0.799118954,0.989591171,0.792278574,0.695404871,0.006458123,0.000931616,0.483587935,0.992759604,HOROZ,HOROZ
48044,824.551,317.7222313,192.8835326,1.647223208,0.794638988,48442,247.3287704,0.807869514,0.991783989,0.888002067,0.778443389,0.006613151,0.001497947,0.60597411,0.998174617,SIRA,SIRA
76682,1047.949,400.5993106,245.2582862,1.633377273,0.790680942,77378,312.4652857,0.734431568,0.991005195,0.877451257,0.779994567,0.005224164,0.001192787,0.608391524,0.993732888,CALI,CALI
31778,660.047,247.4383002,163.8337408,1.51030123,0.749398209,32053,201.1492139,0.713214831,0.99142046,0.916614455,0.812926753,0.007786465,0.002097615,0.660849906,0.998082425,DERMASON,DERMASON
26956,607.337,229.4683068,149.91654,1.53064036,0.757080733,27315,185.2604792,0.802261905,0.986857038,0.918344928,0.807346696,0.008512699,0.002230937,0.651808687,0.997684684,DERMASON,DERMASON
38191,703.597,249.3851018,195.2092877,1.277526826,0.622320642,38438,220.513699,0.778566041,0.993574067,0.969444467,0.884229641,0.006529944,0.002462348,0.781862058,0.998849753,SEKER,SEKER
34359,691.867,264.7905497,165.6443363,1.598548768,0.780170126,34741,209.1584029,0.807629927,0.989004346,0.901997111,0.789901313,0.007706585,0.001850687,0.623944084,0.997405047,DERMASON,DERMASON
64116,1008.614,406.6034935,201.66292,2.016253129,0.868339958,64861,285.7184395,0.619298754,0.988513899,0.79200204,0.702695486,0.006341685,0.000953791,0.493780946,0.995587378,HOROZ,HOROZ
47677,834.119,313.9661431,194.1148488,1.617424659,0.785968282,48354,246.3823082,0.779265143,0.98599909,0.861118177,0.784741647,0.006585275,0.001540496,0.615819452,0.996041567,SIRA,SIRA
31426,651.033,241.5225894,166.1677578,1.45348648,0.725709837,31760,200.0320623,0.734578434,0.989483627,0.93173619,0.828212644,0.007685438,0.00223057,0.685936183,0.996998968,DERMASON,DERMASON
76634,1059.047,424.1268957,231.4512985,1.832467126,0.837972551,77236,312.3674747,0.750100328,0.992205707,0.858619782,0.736495322,0.005534448,0.001004463,0.54242536,0.99397664,CALI,CALI
45092,796.137,309.6716193,186.0583448,1.664379094,0.799380842,45491,239.6099279,0.809667457,0.991229034,0.893992235,0.773754884,0.006867551,0.001518432,0.598696621,0.996458139,SIRA,SIRA
49226,892.285,360.8226857,175.5796931,2.055036545,0.873619677,49991,250.3527308,0.692008154,0.984697246,0.776957435,0.693838666,0.007329921,0.001047884,0.481412094,0.989319446,HOROZ,HOROZ
60134,984.152,385.5043376,199.9895086,1.927622805,0.854911607,61079,276.7037889,0.681745006,0.984528234,0.780199376,0.717770883,0.006410755,0.00104962,0.515195041,0.99310171,HOROZ,HOROZ
44710,832.12,332.0685295,171.9583089,1.931099064,0.855477596,45234,238.5928332,0.694103766,0.988415793,0.811414217,0.718504802,0.007427165,0.001221016,0.516249151,0.996928253,HOROZ,HOROZ
38701,718.151,248.2347968,199.6790345,1.243169056,0.594093726,39125,221.9811785,0.764600126,0.989162939,0.942975723,0.894238766,0.00641417,0.00253008,0.799662971,0.994116262,SEKER,SEKER
37220,697.179,246.030186,192.8818788,1.275548473,0.620790529,37513,217.6923881,0.762454933,0.992189374,0.962271534,0.884819833,0.006610161,0.002499259,0.782906137,0.998634728,SEKER,SEKER
33956,689.029,254.524934,170.1985614,1.495458786,0.743540312,34327,207.9281654,0.77748775,0.989192181,0.898775835,0.816926508,0.007495728,0.002059328,0.667368919,0.998022713,DERMASON,DERMASON
50246,843.69,322.3092782,198.9166128,1.620323581,0.786837148,50717,252.9331812,0.77564063,0.990713173,0.887044801,0.784753025,0.006414626,0.001500663,0.615837311,0.997855717,SIRA,SIRA
49226,831.527,317.1805409,198.2224463,1.600124238,0.7806636,49747,250.3527308,0.744157218,0.989527007,0.89464698,0.789306715,0.006443354,0.001542677,0.62300509,0.996885546,SIRA,SIRA
28597,622.214,222.4268376,164.0193755,1.356100991,0.67544736,28969,190.8162238,0.802384961,0.987158687,0.928219702,0.857883095,0.007777978,0.002598717,0.735963404,0.998040702,DERMASON,DERMASON
35130,678.016,239.1831502,187.1601061,1.277960112,0.622654309,35473,211.4920925,0.780146569,0.990330674,0.960302653,0.884226554,0.006808516,0.002567358,0.781856598,0.999181546,SEKER,SEKER
32594,669.871,240.5127998,173.1557031,1.388997275,0.694032348,32909,203.7154136,0.736987293,0.99042815,0.912778016,0.847004458,0.007379051,0.002342735,0.717416551,0.996489635,DERMASON,DERMASON
52492,868.092,336.0718809,199.2172947,1.686961373,0.805363109,53087,258.5244479,0.68668158,0.988791983,0.875329321,0.769253432,0.006402345,0.001382919,0.591750843,0.998260815,SIRA,SIRA
52319,892.41,362.4719118,184.5235704,1.964366455,0.860725131,52908,258.0980816,0.757543728,0.988867468,0.825544412,0.712049881,0.006928112,0.001098592,0.507015033,0.995963323,HOROZ,HOROZ
45733,813.793,308.8591055,189.8292942,1.627036053,0.788827598,46443,241.3069914,0.791776316,0.984712443,0.867784034,0.781285017,0.006753528,0.001552203,0.610406277,0.99315302,SIRA,SIRA
58182,961.668,404.2347502,183.9882348,2.197068474,0.890413782,58693,272.1757212,0.670709074,0.991293681,0.79058429,0.673311043,0.006947763,0.000880821,0.45334776,0.996036072,HOROZ,HOROZ
54018,916.231,365.6682108,191.4539936,1.909953426,0.851980832,55477,262.2553216,0.682769604,0.973700813,0.808608684,0.717194752,0.006769377,0.001104783,0.514368312,0.982419519,HOROZ,HOROZ
29059,622.307,225.3313696,164.4132381,1.37051841,0.683819826,29372,192.3514178,0.799444276,0.989343593,0.942933698,0.853637992,0.007754271,0.002539895,0.728697821,0.998693778,DERMASON,DERMASON
75706,1054.586,408.5982938,237.6190299,1.719552066,0.81351295,76512,310.470406,0.807401482,0.989465705,0.855413621,0.759842639,0.005397172,0.00110979,0.577360836,0.992802019,CALI,CALI
61747,952.441,360.101053,220.61887,1.632231427,0.790347965,62884,280.3903033,0.745646661,0.981919089,0.85536123,0.778643386,0.005831879,0.001322339,0.606285523,0.989598284,CALI,CALI
26318,604.873,232.1263561,144.7366524,1.603784198,0.781803184,26607,183.0549599,0.783460348,0.989138197,0.90392906,0.788600498,0.008820061,0.002104164,0.621890745,0.99737855,DERMASON,DERMASON
77402,1066.856,404.6549222,245.6865747,1.647037176,0.794586598,78556,313.9287933,0.687565512,0.985309843,0.854575502,0.775793833,0.005227965,0.001168148,0.601856072,0.991279325,CALI,CALI
34613,691.652,254.8657128,173.3685858,1.470080128,0.732994068,35013,209.9300845,0.758557966,0.988575672,0.909230158,0.823689001,0.007363295,0.002090764,0.678463571,0.997395813,DERMASON,DERMASON
40202,726.182,251.7947693,203.4919059,1.237369949,0.588955124,40556,226.2449473,0.756757774,0.991271329,0.958002326,0.898529179,0.00626324,0.0025183,0.807354685,0.998996426,SEKER,SEKER
43205,768.043,282.0801793,195.6517826,1.441746022,0.720357042,43689,234.5427776,0.811087332,0.988921697,0.920391932,0.831475569,0.006528878,0.001924936,0.691351622,0.996753451,SIRA,SIRA
35915,685.086,238.6370697,191.8374385,1.243954629,0.594780918,36222,213.8419937,0.799390135,0.991524488,0.961602424,0.896097132,0.006644496,0.002642787,0.80299007,0.998883214,SEKER,SEKER
43629,792.654,295.0560665,189.2264858,1.559274671,0.767270323,44322,235.6908316,0.766321817,0.984364424,0.87260523,0.798800155,0.006762843,0.001698485,0.638081687,0.994944613,SIRA,SIRA
46522,853.266,351.1710871,170.4460356,2.060306571,0.874311813,47247,243.3796419,0.738092972,0.98465511,0.802970074,0.693051481,0.007548495,0.001074242,0.480320355,0.989607184,HOROZ,HOROZ
47149,857.69,300.2878932,200.3199142,1.499041643,0.74497456,48091,245.0142267,0.720767408,0.980412135,0.805418604,0.815931086,0.006368913,0.001741242,0.665743536,0.997977284,BARBUNYA,SIRA
29602,651.461,239.0421845,158.1333836,1.511649084,0.749919413,30002,194.1402509,0.730426629,0.986667555,0.876504349,0.812158955,0.008075204,0.002167192,0.659602169,0.997087015,DERMASON,DERMASON
24256,573.98,212.1768045,145.921687,1.454045721,0.725960608,24494,175.7375839,0.708121679,0.990283335,0.925199796,0.828260112,0.008747395,0.002539367,0.686014813,0.997496904,DERMASON,DERMASON
46519,863.421,356.7518402,167.5166271,2.12965033,0.882900217,47189,243.3717945,0.75959309,0.985801776,0.784142548,0.682187916,0.007668949,0.001024547,0.465380353,0.991097423,HOROZ,HOROZ
26240,598.413,216.9675185,154.3929623,1.405294097,0.702590074,26572,182.7834939,0.802937576,0.987505645,0.920813453,0.842446349,0.008268579,0.002569092,0.709715852,0.997359497,DERMASON,DERMASON
40337,767.18,291.046573,177.3840058,1.640771228,0.792809525,40897,226.6244989,0.798562718,0.986307064,0.861229533,0.778653727,0.007215375,0.001636124,0.606301627,0.994802266,SIRA,SIRA
26821,616.335,238.4687667,143.7002578,1.659487397,0.798046615,27114,184.7959898,0.760879433,0.989193774,0.887260543,0.774927435,0.008891121,0.001977791,0.60051253,0.996542975,DERMASON,DERMASON
38091,716.472,247.0380998,196.9387892,1.254390264,0.603715212,38511,220.2248113,0.781273716,0.989094025,0.932467691,0.891460918,0.006485472,0.002526565,0.794702569,0.996867165,SEKER,SEKER
38713,711.163,242.9600789,203.0492489,1.196557388,0.54913918,39057,222.0155907,0.771928775,0.99119236,0.96189659,0.913794528,0.00627593,0.002699306,0.835020439,0.999149876,SEKER,SEKER
51559,897.074,364.9340163,180.9135277,2.017173734,0.868469205,52296,256.2166226,0.605557709,0.985907144,0.8051148,0.702090271,0.007077989,0.001060868,0.492930749,0.99432696,HOROZ,HOROZ
36374,702.404,261.1393907,177.8936841,1.467952008,0.732077662,36757,215.2041245,0.75913597,0.989580216,0.926460642,0.824096755,0.007179287,0.002042556,0.679135461,0.996938264,DERMASON,DERMASON
27586,614.302,226.9137165,155.4852077,1.459391024,0.728338678,27917,187.412876,0.74972143,0.988143425,0.918617548,0.825921319,0.008225684,0.002361057,0.682146025,0.995517786,DERMASON,DERMASON
43044,783.0,298.7572467,183.7687769,1.62572365,0.788440763,43487,234.1053672,0.694953018,0.989813048,0.882264821,0.783597285,0.006940741,0.0016142,0.614024704,0.998234483,SIRA,SIRA
33896,695.663,257.4012325,168.242884,1.529938304,0.756821921,34357,207.7443804,0.725731169,0.986582065,0.880157724,0.807083861,0.007593853,0.001987543,0.651384358,0.99657788,DERMASON,DERMASON
41332,740.092,266.3276466,197.9216687,1.345621469,0.6691237,41673,229.4025651,0.75007259,0.991817244,0.948254397,0.861354681,0.006443619,0.002187951,0.741931886,0.998359475,SEKER,SEKER
52660,866.059,328.3550412,205.6149049,1.596941823,0.779664965,53405,258.9378196,0.804989529,0.986049995,0.882258316,0.788590967,0.006235379,0.001487475,0.621875714,0.993099337,SIRA,SIRA
28108,614.608,225.9312352,158.5650068,1.424849276,0.712345836,28422,189.1777395,0.781559337,0.98895222,0.935068423,0.837324416,0.008037969,0.002437256,0.701112177,0.998979179,DERMASON,DERMASON
34895,677.7,225.3698384,197.2329239,1.142658305,0.483847619,35227,210.7835238,0.76303245,0.990575411,0.954768529,0.93527832,0.006458514,0.003048427,0.874745536,0.999535251,SEKER,SEKER
50223,840.795,311.9481949,206.6487556,1.509557577,0.749109892,50711,252.8752848,0.785188312,0.990376841,0.892754965,0.810632307,0.006211262,0.001654456,0.657124737,0.991967626,SIRA,SIRA
49687,833.732,311.1420374,204.0146941,1.525096213,0.755024711,50102,251.5222719,0.801222305,0.991716898,0.898255114,0.808384087,0.006262041,0.001649555,0.653484832,0.996627243,SIRA,SIRA
55434,888.425,336.5121927,210.269529,1.600384965,0.780745095,55924,265.670399,0.705338966,0.991238109,0.882560609,0.789482238,0.006070502,0.001454701,0.623282204,0.997491468,SIRA,SIRA
40756,732.781,248.046899,209.8969438,1.181755649,0.532867614,41203,227.7984875,0.775728506,0.989151275,0.953790555,0.918368616,0.006086144,0.002670485,0.843400916,0.996693796,SEKER,SEKER
65170,978.084,380.2564555,220.0316841,1.728189543,0.815582908,66112,288.0573226,0.701386198,0.985751452,0.856062111,0.757534339,0.005834839,0.001185272,0.573858275,0.991735869,BARBUNYA,CALI
67063,990.719,370.0897582,231.6978532,1.597294722,0.779776061,68087,292.2109916,0.717711901,0.984960418,0.858601924,0.789567896,0.005518539,0.001323006,0.623417462,0.995781422,BARBUNYA,CALI
27063,614.036,232.2130002,148.7617192,1.560972819,0.767852943,27425,185.6278045,0.789699446,0.986800365,0.901982546,0.799385927,0.00858046,0.002161306,0.639017861,0.997489512,DERMASON,DERMASON
30318,654.579,251.6026409,154.4252148,1.629284707,0.789487786,30710,196.4741116,0.70474198,0.987235428,0.889173019,0.780890498,0.008298788,0.001903509,0.60978997,0.993521473,DERMASON,DERMASON
50090,837.283,306.410704,209.1192243,1.465244073,0.730904125,50640,252.540232,0.727470772,0.989139021,0.89787597,0.824188675,0.006117203,0.001741162,0.679286971,0.995321209,SIRA,SIRA
36606,700.229,246.8871858,188.8914566,1.30703204,0.643920762,36991,215.8893392,0.780012785,0.989592063,0.93817089,0.8744453,0.006744446,0.002432521,0.764654582,0.999428038,SEKER,SEKER
53226,919.697,372.8302749,183.6102592,2.030552522,0.870325574,53942,260.3256576,0.627265656,0.986726484,0.790759019,0.698241734,0.007004665,0.001027047,0.487541519,0.989978661,HOROZ,HOROZ
39965,739.181,248.2454739,205.4197384,1.208479165,0.561485849,40461,225.5770786,0.783627451,0.987741282,0.919153597,0.908685565,0.006211572,0.002612377,0.825709455,0.997852673,SEKER,SEKER
62761,983.59,398.5037819,201.5787917,1.976913239,0.862627852,63509,282.683192,0.694450899,0.988222142,0.815213775,0.709361378,0.006349545,0.000991728,0.503193565,0.994770021,HOROZ,HOROZ
40344,760.586,282.7320891,182.5017141,1.549202376,0.763765798,40944,226.6441621,0.70151278,0.985345838,0.876379409,0.801621644,0.007008033,0.001785063,0.64259726,0.995513202,SIRA,SIRA
39598,715.191,245.7534219,205.3312462,1.196863246,0.549464074,39879,224.5389487,0.783994615,0.992953685,0.972834657,0.913675777,0.006206208,0.002667931,0.834803426,0.999145538,SEKER,SEKER
34361,684.072,254.8947793,172.0663133,1.481375258,0.737773445,34688,209.1644903,0.715139028,0.990573109,0.922724452,0.820591504,0.007418142,0.002074832,0.673370416,0.997514274,DERMASON,DERMASON
49489,840.761,321.1870782,197.9265318,1.622759088,0.787562787,50038,251.0206203,0.791684663,0.989028338,0.879778666,0.781540222,0.00649007,0.001493601,0.610805118,0.991189557,SIRA,SIRA
32934,668.197,221.4087308,189.6018111,1.167756413,0.516407505,33401,204.7751722,0.776708646,0.986018383,0.926926508,0.924873972,0.006722801,0.003034312,0.855391863,0.998889334,SEKER,SEKER
24545,584.164,221.9685464,141.1223374,1.572880315,0.771873382,24783,176.7814035,0.783759619,0.990396643,0.903864484,0.796425468,0.00904333,0.00224434,0.634293526,0.997667801,DERMASON,DERMASON
58629,977.866,403.5571922,186.8010243,2.160358562,0.886417755,59488,273.2192549,0.646762272,0.985560113,0.77048406,0.677027346,0.006883235,0.000892066,0.458366028,0.990234972,HOROZ,HOROZ
45239,812.088,317.6297481,183.0349588,1.735350177,0.817271665,45788,240.0001745,0.651614669,0.988009959,0.862018674,0.755597283,0.007021149,0.001411723,0.570927253,0.99075871,SIRA,SIRA
26707,606.667,228.2435958,149.4176127,1.527554829,0.755939931,26985,184.402843,0.786147416,0.98969798,0.911872727,0.807921214,0.008546209,0.002246101,0.652736688,0.99709108,DERMASON,DERMASON
43788,786.336,298.0839396,187.7906957,1.587320067,0.776601082,44222,236.1199127,0.79265776,0.99018588,0.889915263,0.792125577,0.006807434,0.001653253,0.62746293,0.9959845,SIRA,SIRA
41771,770.214,290.675722,183.4785214,1.584249316,0.775608898,42238,230.6176251,0.69631099,0.988943605,0.884834239,0.793384544,0.006958793,0.001700782,0.629459034,0.997220045,DERMASON,SIRA
49066,821.717,310.2911232,201.8246541,1.537429233,0.759560686,49495,249.9455371,0.759512089,0.991332458,0.913158098,0.805519457,0.006323954,0.001642376,0.648861596,0.997578785,SIRA,SIRA
40778,725.165,254.1433484,204.3979634,1.24337515,0.594274212,41037,227.8599617,0.802779746,0.993688622,0.974455735,0.896580466,0.006232364,0.002484218,0.803856532,0.999495236,SEKER,SEKER
49874,824.563,280.3607018,226.8318893,1.235984511,0.587710049,50482,251.995137,0.775054779,0.987956103,0.92179931,0.898824747,0.00562138,0.002263199,0.807885926,0.998534492,SEKER,SEKER
32358,661.076,245.6905351,168.1761978,1.460911463,0.729008937,32694,202.9765632,0.81411966,0.989722885,0.930440816,0.826147263,0.007592884,0.002181807,0.6825193,0.99710027,DERMASON,DERMASON
46668,810.287,303.4046748,197.0698379,1.539579461,0.760337655,47199,243.7612419,0.740761905,0.988749762,0.89320534,0.803419532,0.006501343,0.001670907,0.645482945,0.993772284,SIRA,SIRA
49409,836.728,316.9601728,199.0834079,1.592097383,0.778130788,49869,250.8176482,0.724440274,0.990775833,0.886844187,0.791322285,0.006415029,0.001551644,0.626190959,0.996956987,SIRA,SIRA
50362,898.204,360.980706,178.6500411,2.020602423,0.868948847,51020,253.2249789,0.747299383,0.987103097,0.784445657,0.701491727,0.00716772,0.001070659,0.492090643,0.994319546,HOROZ,HOROZ
34622,683.382,235.9288048,187.0530848,1.261293312,0.609433752,35010,209.9573755,0.763726204,0.988917452,0.931611724,0.889918362,0.006814419,0.002636388,0.791954691,0.998887155,SEKER,SEKER
37912,723.057,275.3941982,175.7770097,1.566724788,0.769809102,38295,219.7067537,0.723539066,0.989998694,0.911258285,0.797790059,0.007264038,0.001815149,0.636468979,0.997171725,DERMASON,DERMASON
57150,956.504,396.9845225,184.0545577,2.156885043,0.886028085,57820,269.7510704,0.67861214,0.988412314,0.784969021,0.67950022,0.006946361,0.000913473,0.461720549,0.995878146,HOROZ,HOROZ
41360,797.728,318.6575509,165.8801125,1.921011181,0.853825593,41858,229.4802553,0.664770079,0.988102633,0.816734164,0.720146925,0.007704486,0.001278227,0.518611593,0.996258669,HOROZ,HOROZ
32797,678.471,249.8288633,167.7011636,1.489726475,0.7412182,33234,204.3488129,0.709507842,0.986850815,0.895326431,0.81795518,0.00761743,0.002103325,0.669050677,0.996702507,DERMASON,DERMASON
45880,820.718,300.3378642,196.4296153,1.528984638,0.756469642,46723,241.6944979,0.687176108,0.981957494,0.855944009,0.804742014,0.006546161,0.001693531,0.64760971,0.990185298,SIRA,SIRA
63819,966.163,364.7912673,224.6349532,1.623929233,0.787910025,64489,285.0559147,0.740703343,0.989610631,0.859130338,0.781421981,0.005716029,0.00131467,0.610620312,0.991604175,CALI,CALI
73806,1033.627,392.5088982,240.1750506,1.634261749,0.790937392,74622,306.5496988,0.691391101,0.989064887,0.868108168,0.781000635,0.005318116,0.001220515,0.609961992,0.996837552,BARBUNYA,CALI
47002,847.653,346.9692765,173.4072482,2.000892582,0.866154141,47610,244.6319789,0.70177377,0.987229574,0.822034406,0.705053719,0.007382011,0.001125235,0.497100747,0.994645197,HOROZ,HOROZ
39887,764.323,279.1330622,183.2211903,1.523475869,0.754418503,40396,225.3568409,0.687292151,0.987399743,0.858000182,0.807345569,0.006998096,0.001833992,0.651806868,0.993012034,SIRA,SIRA
26930,606.008,216.3814134,158.8763773,1.361948309,0.678887552,27253,185.1711126,0.723457984,0.988148094,0.921487615,0.855762562,0.008034958,0.002658132,0.732329562,0.997395008,DERMASON,DERMASON
33330,653.776,224.3601667,189.4313875,1.184387496,0.535842011,33580,206.0026068,0.790184922,0.992555092,0.979912348,0.918178168,0.006731478,0.002951196,0.843051148,0.998499238,SEKER,SEKER
36117,717.108,274.6438326,167.7868347,1.636861635,0.791688333,36505,214.4425159,0.707760141,0.989371319,0.882576579,0.780802226,0.007604281,0.00174342,0.609652117,0.99791616,DERMASON,DERMASON
38354,715.527,253.6098213,192.8160004,1.315294482,0.649588466,38702,220.9837766,0.79630437,0.991008217,0.941387604,0.871353386,0.006612343,0.002351324,0.759256724,0.998646179,SEKER,SEKER
41158,728.657,253.2860349,207.1147218,1.222926273,0.575629287,41456,228.9191848,0.770402815,0.992811656,0.974132076,0.903797104,0.006153993,0.002532914,0.816849205,0.998946354,SEKER,SEKER
25885,587.92,218.8234957,150.9335567,1.449800167,0.724047387,26146,181.5428479,0.746137438,0.990017594,0.941069211,0.829631422,0.00845368,0.002470395,0.688288296,0.997880486,DERMASON,DERMASON
29410,625.321,226.6327495,165.4143252,1.37009143,0.683577115,29746,193.5096251,0.741946063,0.988704364,0.945145914,0.853846699,0.007705976,0.002526545,0.729054186,0.998870892,DERMASON,DERMASON
29628,647.754,241.4036502,156.5224899,1.542293701,0.761312667,29938,194.2254907,0.779807338,0.989645267,0.887343951,0.804567332,0.008147821,0.00210606,0.647328591,0.998370808,DERMASON,DERMASON
40297,752.095,279.9816048,183.9133241,1.522356285,0.753998225,40720,226.5121055,0.829258756,0.989611984,0.895235254,0.809024956,0.006947952,0.001836049,0.654521379,0.996414735,SIRA,SIRA
52047,864.997,322.0632653,206.6722292,1.558328696,0.766944748,52603,257.4262974,0.683282571,0.989430261,0.87413068,0.799303507,0.006187931,0.001558017,0.638886096,0.995594537,SIRA,SIRA
36592,698.499,239.8121644,194.3987173,1.233609808,0.585559966,36953,215.8480517,0.779083631,0.990230834,0.94246327,0.900071321,0.006553677,0.002653215,0.810128384,0.99938232,SEKER,SEKER
47794,833.459,279.6545564,217.918565,1.283298448,0.626723197,48528,246.6844357,0.738131274,0.984874712,0.864599066,0.882104118,0.005851248,0.002185283,0.778107674,0.998544371,BARBUNYA,SEKER
28587,627.475,227.4244037,160.5624757,1.416423126,0.708208122,28936,190.7828579,0.783634868,0.9879389,0.912400661,0.838884723,0.007955518,0.002430286,0.703727578,0.996776016,DERMASON,DERMASON
31667,654.114,244.4430233,165.2762433,1.478996729,0.736778658,31918,200.7976012,0.79127936,0.992136099,0.93005771,0.821449508,0.007719172,0.002168073,0.674779294,0.997996369,DERMASON,DERMASON
28935,625.763,217.2830795,169.937502,1.278605822,0.6231506,29254,191.9405799,0.760246978,0.989095508,0.928567735,0.883366438,0.007509351,0.002820628,0.780336263,0.99774249,DERMASON,DERMASON
27050,607.241,220.9804369,156.4302188,1.41264545,0.706320982,27365,185.583215,0.71903243,0.988488946,0.92183875,0.839817396,0.008169332,0.00250672,0.705293258,0.996329312,DERMASON,DERMASON
41334,734.848,261.4167748,201.6866298,1.296153221,0.636212678,41654,229.4081152,0.783137552,0.992317665,0.961883037,0.877556979,0.006324497,0.0023137,0.770106252,0.998175699,SEKER,SEKER
42722,765.843,284.2304289,192.0571927,1.479925979,0.737168034,43176,233.2280854,0.776580081,0.989484899,0.915338955,0.820559876,0.006653023,0.001860544,0.67331851,0.996461554,SIRA,SIRA
44364,791.197,304.8763961,185.8276061,1.640641035,0.792772343,44811,237.6678337,0.679908046,0.990024771,0.890576635,0.77955472,0.006872158,0.001565522,0.607705562,0.997026683,SIRA,SIRA
45473,834.56,335.9276309,173.6660506,1.934331032,0.856000741,46244,240.6200778,0.784071315,0.983327567,0.820442861,0.71628546,0.007387409,0.001199545,0.513064861,0.992437282,HOROZ,HOROZ
51026,817.975,290.3108914,224.0330409,1.295839623,0.635986195,51407,254.8888405,0.779784828,0.992588558,0.958343779,0.877985801,0.00568947,0.002085458,0.770859067,0.998909723,SEKER,SEKER
33911,686.717,260.061908,166.5262932,1.561686765,0.768097193,34270,207.7903419,0.742587483,0.989524365,0.903638786,0.799003374,0.007668954,0.001928015,0.638406391,0.996990812,DERMASON,DERMASON
33867,682.352,252.3156236,171.4581946,1.471586845,0.733639796,34275,207.6554927,0.701485118,0.98809628,0.914049371,0.822998948,0.007450191,0.002108358,0.677327268,0.996745897,DERMASON,DERMASON
28950,637.584,243.3087158,152.2381748,1.598210935,0.780064078,29237,191.9903248,0.70294289,0.990183671,0.89491876,0.789081165,0.008404446,0.002009905,0.622649084,0.995124576,DERMASON,DERMASON
29734,640.924,237.4579657,159.7690593,1.486257519,0.7397963,30046,194.5726204,0.758597816,0.989615922,0.909599331,0.819398161,0.007986075,0.002220716,0.671413346,0.997893135,DERMASON,DERMASON
46838,820.688,316.4250758,189.3233353,1.671347461,0.801257522,47299,244.2048194,0.677633102,0.990253494,0.873880482,0.771761905,0.006755734,0.001478379,0.595616438,0.995482022,SIRA,SIRA
28964,624.872,230.7781918,159.910621,1.443169881,0.721015324,29266,192.0367417,0.766547572,0.989680858,0.932151008,0.832126902,0.00796776,0.002356537,0.69243518,0.999301597,DERMASON,DERMASON
26983,606.261,223.4526419,154.0370819,1.450641879,0.724428435,27294,185.3532375,0.791754695,0.988605554,0.922530714,0.829496737,0.008281238,0.002418431,0.688064837,0.998135669,DERMASON,DERMASON
29081,638.527,238.8763025,155.2048378,1.539103457,0.760166004,29406,192.4242168,0.70687895,0.988947834,0.896315008,0.805539163,0.008214171,0.002133488,0.648893343,0.998713988,DERMASON,DERMASON
34821,693.661,263.3403706,168.5880967,1.562034187,0.768215901,35164,210.5599064,0.767252776,0.990245706,0.909403346,0.799573214,0.007562688,0.001906729,0.639317324,0.998635517,DERMASON,DERMASON
28976,623.07,227.4846357,162.640096,1.398699591,0.699175783,29279,192.0765187,0.738430173,0.989651286,0.937939044,0.844349414,0.007850795,0.0024614,0.712925932,0.997169209,DERMASON,DERMASON
34006,683.564,250.4466272,173.6210687,1.442489838,0.720701243,34450,208.0811956,0.764179775,0.987111756,0.914549148,0.830840479,0.007364778,0.002164761,0.690295901,0.995744822,DERMASON,DERMASON
28222,621.151,233.8825348,154.0372309,1.518350683,0.752485007,28482,189.5609834,0.729231803,0.990871428,0.919185731,0.810496532,0.008287242,0.002205944,0.656904629,0.997411592,DERMASON,DERMASON
41949,774.378,296.4984314,180.7257045,1.640599118,0.792760369,42497,231.1084716,0.788307588,0.987104972,0.879074058,0.77945934,0.007068069,0.001609364,0.607556863,0.996757253,SIRA,SIRA
44409,758.724,268.853506,210.6264322,1.276447135,0.621486928,44698,237.7883406,0.777958798,0.993534386,0.969422765,0.884453189,0.006054032,0.002285198,0.782257443,0.998510272,SEKER,SEKER
50978,881.559,323.1062346,201.1006885,1.606688853,0.782700884,51805,254.7689257,0.70891392,0.98403629,0.824308712,0.788498947,0.00633815,0.001511286,0.621730589,0.998927607,BARBUNYA,SIRA
40718,737.056,249.6641037,207.980511,1.200420666,0.553210793,41105,227.6922655,0.762366598,0.990585087,0.941879469,0.911994404,0.006131541,0.002616484,0.831733794,0.998430435,SEKER,SEKER
54070,932.991,391.3126563,176.8546005,2.212623563,0.892042176,54728,262.3815203,0.715438764,0.987976904,0.780569046,0.670516315,0.007237149,0.00090237,0.449592129,0.994778138,HOROZ,HOROZ
63213,964.795,359.6080056,225.8670332,1.592122589,0.778138814,64317,283.6992974,0.798143939,0.98283502,0.853387304,0.78891263,0.00568883,0.001359309,0.622383137,0.990910252,CALI,CALI
33096,672.63,254.9744645,165.7613652,1.538202006,0.759840388,33371,205.2781917,0.793802317,0.991759312,0.919248448,0.805093138,0.007704087,0.001996574,0.64817496,0.997024024,DERMASON,DERMASON
59930,973.199,396.55265,193.5951033,2.048360951,0.872734461,60675,276.2340419,0.622895273,0.987721467,0.795153241,0.696588566,0.006616931,0.000961041,0.485235631,0.993937718,HOROZ,HOROZ
70626,995.284,375.0609853,241.0058327,1.556231984,0.766220513,71282,299.8729999,0.739849151,0.990797116,0.8959431,0.799531307,0.005310523,0.001338625,0.639250312,0.994821781,CALI,CALI
44216,783.854,287.6206261,196.4868532,1.463816136,0.730281912,44679,237.271068,0.791550304,0.98963719,0.904313383,0.82494455,0.006504899,0.001858315,0.680533511,0.996175934,SIRA,SIRA
55701,932.537,386.3861056,183.9715804,2.100248879,0.879372713,56186,266.3094363,0.724565854,0.991367956,0.804897747,0.6892314,0.006936789,0.000965603,0.475039922,0.997702064,HOROZ,HOROZ
33215,674.529,251.366707,168.6538236,1.490429933,0.741505001,33544,205.6469097,0.715640015,0.990191987,0.917366483,0.818115144,0.007567867,0.002091274,0.669312389,0.997563219,DERMASON,DERMASON
69236,1003.29,379.8828948,232.8288057,1.63159749,0.790163384,69916,296.9074151,0.703589285,0.990274043,0.864348467,0.781576162,0.005486783,0.00126294,0.610861297,0.996679759,BARBUNYA,CALI
45422,801.81,298.1707362,194.3573935,1.534136319,0.758362919,45910,240.4851068,0.740592187,0.989370508,0.887836878,0.806534906,0.006564456,0.001713449,0.650498555,0.997953459,SIRA,SIRA
51118,873.417,337.3899233,193.8206144,1.740732916,0.818525169,51680,255.1185196,0.661105507,0.989125387,0.842054956,0.756153347,0.006600218,0.001330998,0.571767884,0.995295175,SIRA,SIRA
43746,836.693,339.3525674,165.4114419,2.051566467,0.873160718,44442,236.0066464,0.713777575,0.984339139,0.785264458,0.695461502,0.007757339,0.001119399,0.483666701,0.992274385,HOROZ,HOROZ
37047,710.523,249.1860379,189.4711605,1.315166051,0.649501559,37442,217.1858776,0.797807735,0.98945035,0.922160738,0.871581247,0.006726214,0.002394319,0.759653869,0.99907098,SEKER,SEKER
55695,925.046,378.2428911,188.1254524,2.010588607,0.86754036,56281,266.2950928,0.674910933,0.98958796,0.817898503,0.704031983,0.006791326,0.00102921,0.495661033,0.996570427,HOROZ,HOROZ
51935,861.798,333.0331134,199.1773475,1.672043119,0.801443346,52533,257.1491702,0.684435952,0.988616679,0.878737249,0.772142949,0.006412499,0.001406041,0.596204733,0.996880022,SIRA,SIRA
69020,1017.811,386.1991321,228.8595124,1.687494342,0.805500878,69789,296.4439127,0.702450741,0.988981072,0.837241098,0.76759342,0.005595467,0.001198232,0.589199659,0.99427109,CALI,CALI
49493,833.519,309.5981643,204.0678996,1.517133096,0.752022049,50044,251.0307646,0.714432127,0.988989689,0.89520528,0.810827691,0.006255393,0.001667818,0.657441544,0.997426325,SIRA,SIRA
35215,711.318,269.1178308,167.0956931,1.610561144,0.78388851,35600,211.7477994,0.765244035,0.989185393,0.874600979,0.786821887,0.007642136,0.001806759,0.619088682,0.997080176,SIRA,DERMASON
26262,612.125,223.163167,150.0670985,1.487089237,0.740138372,26641,182.8601021,0.776683524,0.985773807,0.880759684,0.81940091,0.008497569,0.002362981,0.671417851,0.998458259,DERMASON,DERMASON
33318,688.874,257.4648986,165.036857,1.560044849,0.767534855,33692,205.9655193,0.698695634,0.988899442,0.88228562,0.799975144,0.007727502,0.001952202,0.639960231,0.998366662,SIRA,DERMASON
36229,711.028,267.8022757,172.6504995,1.551123666,0.764440806,36660,214.7747552,0.800888673,0.988243317,0.900518841,0.80199003,0.007391931,0.001886312,0.643188009,0.997664142,DERMASON,DERMASON
29688,638.382,233.4472425,162.2840607,1.43850999,0.718851417,30054,194.4220553,0.786645469,0.987821921,0.915439271,0.832830807,0.007863354,0.002333537,0.693607153,0.997760818,DERMASON,DERMASON
39823,725.562,260.3187562,195.1187592,1.334155451,0.661961495,40183,225.1759721,0.763009657,0.991040987,0.950593366,0.865000952,0.006536895,0.002257447,0.748226648,0.998250661,DERMASON,SEKER
42795,767.708,282.042444,194.2409531,1.452023579,0.725052071,43198,233.4272613,0.721183013,0.990670864,0.912453544,0.827631678,0.006590547,0.001907434,0.684974195,0.994598682,SIRA,SIRA
34291,680.903,250.314032,174.6730289,1.433043405,0.716277481,34664,208.9513274,0.757812155,0.989239557,0.929436062,0.834756748,0.007299701,0.002186375,0.696818829,0.998571627,DERMASON,DERMASON
39454,717.993,255.6058624,196.9123275,1.298069378,0.637591243,39779,224.1303036,0.796567737,0.99182986,0.961746211,0.87685901,0.006478579,0.002362537,0.768881724,0.998061821,SEKER,SEKER
32143,658.745,243.5473137,168.2202678,1.44778817,0.723133032,32455,202.301109,0.778884366,0.990386689,0.930811218,0.830643976,0.007576994,0.002225033,0.689969415,0.998929556,DERMASON,DERMASON
43244,776.834,293.3088109,188.0602371,1.559653521,0.767400506,43618,234.6486115,0.78925371,0.991425558,0.900490784,0.800005328,0.006782648,0.001713762,0.640008525,0.99819155,SIRA,SIRA
28987,649.391,241.042983,154.3733699,1.561428523,0.768008893,29451,192.1129738,0.696551724,0.984245017,0.863774947,0.79700712,0.008315555,0.002069759,0.63522035,0.991851173,DERMASON,DERMASON
75698,1058.905,415.3089974,233.4139571,1.779280908,0.827120379,76255,310.4540015,0.773367661,0.992695561,0.848360172,0.747525345,0.005486393,0.001056745,0.558794141,0.994251747,CALI,CALI
34625,684.401,246.6660149,179.6733466,1.372858132,0.685144279,35064,209.9664717,0.734825976,0.987480037,0.928920132,0.851217675,0.007123928,0.002307076,0.72457153,0.994733917,DERMASON,DERMASON
29119,643.089,250.4928561,148.3821804,1.688159962,0.80567272,29407,192.5498956,0.764719786,0.990206413,0.884798053,0.76868418,0.008602385,0.001852637,0.590875368,0.99749214,DERMASON,DERMASON
73065,1034.349,405.1519478,231.638731,1.749068241,0.820439759,74003,305.0069628,0.672344302,0.987324838,0.858193172,0.752821168,0.005545089,0.00109864,0.566739712,0.991266431,CALI,CALI
47775,827.016,311.2632763,196.1862083,1.586570631,0.776359582,48371,246.6353974,0.771622386,0.987678568,0.877774047,0.792369085,0.006515192,0.001584226,0.627848767,0.996126414,SIRA,SIRA
54785,933.137,383.8828656,183.2796697,2.094519629,0.878666287,55571,264.1106368,0.754614325,0.985855932,0.790643509,0.687997982,0.00700708,0.000968424,0.473341223,0.991422482,HOROZ,HOROZ
49882,891.505,357.1890036,179.8346914,1.986207449,0.864011494,51042,252.0153467,0.726021017,0.977273618,0.788689675,0.705551806,0.007160679,0.001094585,0.497803351,0.988740725,CALI,HOROZ
27563,610.702,229.0353037,153.4873852,1.4922093,0.74222815,27810,187.3347314,0.818548986,0.991118303,0.928704745,0.8179295,0.00830952,0.002294136,0.669008666,0.998300954,DERMASON,DERMASON
43712,759.328,261.0795717,213.6792805,1.221829141,0.574584821,44059,235.9149147,0.786286043,0.992124197,0.952690232,0.903613075,0.005972721,0.002456303,0.81651659,0.997643764,SEKER,SEKER
50913,828.731,294.4740388,220.4803859,1.335601975,0.662879546,51415,254.6064511,0.769043699,0.990236312,0.931561181,0.864614253,0.005783867,0.001993828,0.747557807,0.998439683,SEKER,SEKER
64132,968.793,380.8541775,215.9688009,1.763468501,0.823673539,65166,285.7540874,0.743404275,0.98413283,0.85866283,0.750297894,0.005938598,0.00116091,0.56294693,0.992739179,CALI,CALI
38976,716.184,257.7444621,192.8115845,1.336768549,0.663616833,39281,222.7684549,0.768939394,0.992235432,0.954900019,0.864299675,0.006612902,0.002276299,0.747013929,0.998584726,SEKER,SEKER
70135,1026.311,388.0247906,230.7070123,1.68189422,0.804045543,70895,298.8288063,0.755179171,0.989279921,0.836732616,0.77012813,0.005532541,0.001200484,0.593097336,0.997526982,BARBUNYA,CALI
29098,638.41,243.2299584,152.7184161,1.592669467,0.778312847,29464,192.4804517,0.711895092,0.987578061,0.897167724,0.791351744,0.008358992,0.002022143,0.626237582,0.997389476,DERMASON,DERMASON
41410,768.075,287.390257,184.3639318,1.558820395,0.767114067,42028,229.6189225,0.783064181,0.985295517,0.882079716,0.798979495,0.006940117,0.001744573,0.638368234,0.995101422,SIRA,SIRA
38641,718.184,247.7468033,198.8496914,1.245899863,0.596473563,39027,221.8090378,0.753206503,0.990109411,0.941427261,0.895305347,0.006411501,0.002541114,0.801571665,0.998678028,SEKER,SEKER
72854,1032.067,400.1707754,235.7257083,1.697611933,0.808087275,74426,304.5662388,0.761943608,0.978878349,0.859503168,0.761090658,0.005492777,0.001136887,0.57925899,0.983356974,CALI,CALI
68897,1027.553,400.6362934,220.5823919,1.816265976,0.834782304,69754,296.1796497,0.700229693,0.987713966,0.819977079,0.739273138,0.005815003,0.001071395,0.546524772,0.992634349,CALI,CALI
27277,605.212,218.1704781,159.4646912,1.368142856,0.682465482,27611,186.360283,0.749368132,0.987903372,0.935818026,0.854195694,0.007998331,0.002626689,0.729650283,0.998265823,DERMASON,DERMASON
47160,817.827,311.8671938,193.785565,1.609341717,0.783515632,47702,245.0428063,0.807534247,0.988637793,0.886055186,0.785728064,0.00661296,0.001554765,0.61736859,0.993557027,SIRA,SIRA
43267,784.55,298.7637884,185.3710949,1.611706445,0.78423779,43743,234.711004,0.751946472,0.989118259,0.88333491,0.785607269,0.006905119,0.001622456,0.617178782,0.99471102,SIRA,SIRA
51680,859.263,327.6778329,201.2672654,1.628073161,0.789132493,52099,256.5170943,0.734842453,0.991957619,0.879589722,0.782833224,0.006340515,0.001468863,0.612827856,0.997728585,SIRA,SIRA
43753,782.625,269.7175291,206.8390513,1.303997129,0.641799054,44377,236.0255279,0.782491281,0.985938662,0.89765668,0.875084125,0.006164549,0.002229874,0.765772225,0.998564783,SEKER,SEKER
51317,885.452,359.4584548,182.9682328,1.964594888,0.860760137,51864,255.6146195,0.769774244,0.989453185,0.822509792,0.711110328,0.007004666,0.00110488,0.505677898,0.993452214,HOROZ,HOROZ
44536,793.589,297.2520768,191.9474171,1.548612018,0.763557762,45052,238.1281091,0.793104676,0.988546568,0.888648053,0.801098218,0.006674422,0.001695651,0.641758355,0.993834701,SIRA,SIRA
39868,732.632,255.1164421,199.1201328,1.281218722,0.625147217,40297,225.3031606,0.753876409,0.989354046,0.933388715,0.883138534,0.006399028,0.002401094,0.77993367,0.999265619,SEKER,SEKER
46316,879.449,345.658035,172.3715198,2.005308274,0.866788212,47252,242.8402,0.716965944,0.980191315,0.752522675,0.702544641,0.007463037,0.001121479,0.493568972,0.989757944,HOROZ,HOROZ
43196,750.694,256.7552351,214.505591,1.196962904,0.549569839,43547,234.5183476,0.789097751,0.991939743,0.96322447,0.913392662,0.005943959,0.002552029,0.834286155,0.998609578,SEKER,SEKER
35031,675.649,232.0680178,192.5367815,1.205317841,0.558273939,35369,211.1938789,0.79899188,0.990443609,0.964317665,0.910051635,0.006624647,0.002802894,0.828193978,0.998236977,SEKER,SEKER
35826,699.05,254.24474,180.3120311,1.410026489,0.705000774,36230,213.5768712,0.697872838,0.98884902,0.921280132,0.840044405,0.007096654,0.002179929,0.705674602,0.99501988,DERMASON,DERMASON
41915,773.699,289.5639307,185.1824735,1.563668123,0.768772884,42450,231.014795,0.731067081,0.987396938,0.879903942,0.797802387,0.006908361,0.001726379,0.636488648,0.99525701,SIRA,SIRA
31703,656.305,215.7089067,187.2724497,1.151845384,0.496263281,32093,200.9117052,0.777110501,0.987847817,0.92490856,0.931401991,0.006804053,0.003158611,0.867509669,0.999237008,SEKER,SEKER
66697,1000.308,383.9606276,223.7562539,1.715977189,0.812645513,67724,291.4125219,0.809980084,0.984835509,0.837623166,0.758964594,0.00575679,0.001178274,0.576027255,0.98844963,CALI,CALI
30126,645.034,230.9081535,166.6224229,1.385816803,0.692314285,30524,195.8510008,0.725682902,0.98696108,0.909884196,0.848177069,0.007664747,0.002446942,0.719404341,0.996962623,DERMASON,DERMASON
49907,847.577,327.2809042,195.0787302,1.677686255,0.802940634,50548,252.0784917,0.789917695,0.987318984,0.872997504,0.770220592,0.006557816,0.001423638,0.59323976,0.995270191,SIRA,SIRA
57781,958.226,381.7761337,194.1116939,1.966785854,0.861095198,58475,271.2361593,0.659781219,0.98813168,0.790786081,0.710458657,0.006607295,0.001038386,0.504751504,0.992738117,HOROZ,HOROZ
50590,920.82,372.2516309,173.8599815,2.141100141,0.88423111,51320,253.7975346,0.630404984,0.985775526,0.749764816,0.681790256,0.007358206,0.000980742,0.464837953,0.995264606,HOROZ,HOROZ
48788,833.874,313.8279464,198.9479243,1.577437651,0.77338266,49410,249.2364558,0.796317757,0.987411455,0.881702381,0.79418184,0.006432482,0.001578477,0.630724794,0.994929038,SIRA,SIRA
45010,802.097,301.8021811,191.1676981,1.578730006,0.773807747,45468,239.3919629,0.66881631,0.989926982,0.879154276,0.793208194,0.006705225,0.001637351,0.629179239,0.993304143,SIRA,SIRA
30042,648.527,246.4217001,155.5109502,1.584593881,0.775720581,30352,195.5777656,0.693554345,0.989786505,0.89759946,0.793671034,0.008202573,0.002007668,0.629913711,0.998157411,DERMASON,DERMASON
58419,982.432,400.343978,187.2581239,2.13792582,0.883864477,59282,272.7295015,0.661147578,0.985442461,0.760604661,0.681237926,0.006852976,0.000910446,0.464085112,0.992179544,HOROZ,HOROZ
34509,688.346,250.9547498,175.3087423,1.431501627,0.715544512,34900,209.6144638,0.730071084,0.988796562,0.915226639,0.835267968,0.007272154,0.002183464,0.697672578,0.99871943,DERMASON,DERMASON
46143,832.979,334.310932,177.2798264,1.885781021,0.84781991,46616,242.3862461,0.772966363,0.989853269,0.83569458,0.725032366,0.007245106,0.001234963,0.525671932,0.991302153,HOROZ,HOROZ
72648,1044.995,397.2866435,234.5561319,1.693780675,0.807114301,73835,304.1353423,0.688150043,0.983923613,0.835997737,0.765531254,0.005468652,0.001158542,0.5860381,0.992620009,BARBUNYA,CALI
48863,833.196,318.0781757,196.1838391,1.621327104,0.787136616,49359,249.4279533,0.756686024,0.989951174,0.884495523,0.784171856,0.006509592,0.001518373,0.614925499,0.996995379,SIRA,SIRA
33589,687.288,268.520007,159.5931156,1.682528761,0.804211307,33894,206.8014581,0.707479411,0.991001357,0.893571721,0.770152885,0.007994284,0.001734871,0.593135466,0.997967481,DERMASON,DERMASON
34563,697.508,267.781517,164.7466312,1.62541422,0.788349393,34954,209.778403,0.779815893,0.98881387,0.892735714,0.783393885,0.007747635,0.001799988,0.61370598,0.997526426,DERMASON,DERMASON
43608,795.74,298.6075167,186.8078623,1.598474031,0.780146673,44295,235.6341021,0.758254943,0.984490349,0.865433404,0.789109748,0.00684754,0.001637812,0.622694194,0.995360498,SIRA,SIRA
43549,786.279,291.5102486,191.4406543,1.522718618,0.754134367,44199,235.4746461,0.735475917,0.985293785,0.885186328,0.807774846,0.006693845,0.001757991,0.652500201,0.993574205,SIRA,SIRA
28194,634.778,227.0370844,159.0118204,1.427800045,0.713771954,28708,189.4669251,0.768061458,0.982095583,0.879271155,0.834519725,0.008052674,0.002409164,0.696423171,0.994353035,DERMASON,DERMASON
30996,652.345,245.1105175,161.6665388,1.51614873,0.751646742,31424,198.6588355,0.751673295,0.986379837,0.915294474,0.810486786,0.007907811,0.002104844,0.65688883,0.995941166,DERMASON,DERMASON
35418,700.057,255.2186478,177.0359845,1.44162018,0.72029874,35811,212.3572419,0.723850399,0.989025718,0.908169877,0.832060054,0.007205902,0.002130526,0.692323934,0.998068154,DERMASON,DERMASON
52203,889.797,360.3593486,185.3790152,1.943905831,0.857533448,52821,257.8117995,0.752812067,0.988300108,0.828559024,0.715429752,0.006903039,0.001115548,0.51183973,0.994968236,HOROZ,HOROZ
48130,840.554,331.5392572,185.5027974,1.787246671,0.828816947,48617,247.5500339,0.64725659,0.989982928,0.856040846,0.746668844,0.006888412,0.001320721,0.557514363,0.996415689,SIRA,SIRA
29405,633.671,229.1153422,163.5468688,1.400915492,0.700330303,29695,193.4931751,0.740792059,0.990234046,0.920244825,0.844522995,0.007791714,0.002444886,0.71321909,0.999159672,DERMASON,DERMASON
32466,674.691,249.1401469,166.3696338,1.497509739,0.744362924,32849,203.3150143,0.722558533,0.988340589,0.896249269,0.816066848,0.007673879,0.002099412,0.6659651,0.997289223,DERMASON,DERMASON
25642,589.767,212.2822111,154.5115643,1.373892059,0.685726591,26006,180.6887058,0.71569722,0.98600323,0.926404857,0.851172149,0.008278692,0.002680471,0.724494027,0.995376591,DERMASON,DERMASON
31746,661.676,241.9665261,167.461571,1.444907776,0.721815346,32126,201.0479112,0.723209404,0.988171574,0.911188251,0.830891423,0.007621953,0.002240903,0.690380556,0.997536235,DERMASON,DERMASON
38190,706.192,250.1782298,194.68827,1.285019533,0.62801865,38507,220.510812,0.796986519,0.991767731,0.962307644,0.881414871,0.006550883,0.00243894,0.776892174,0.998321619,SEKER,SEKER
36299,693.838,243.7414222,189.8014847,1.284191336,0.627396254,36649,214.982144,0.738339808,0.990449944,0.947519948,0.882009065,0.006714825,0.002506725,0.777939991,0.999023797,SEKER,SEKER
71041,1004.677,385.0415084,236.6119668,1.627312066,0.78890881,71806,300.7527398,0.776404372,0.989346294,0.884435182,0.781091735,0.00541999,0.001244476,0.610104298,0.992830086,CALI,CALI
32026,661.84,244.0595844,167.5041642,1.457035923,0.727295101,32428,201.9325869,0.719410562,0.987603306,0.918769439,0.827390522,0.00762067,0.002203003,0.684575076,0.997450477,DERMASON,DERMASON
68015,993.761,386.9878698,224.3231412,1.725135747,0.814855223,68625,294.2777389,0.777509774,0.991111111,0.86546731,0.760431429,0.005689743,0.00117358,0.578255959,0.997570025,BARBUNYA,CALI
26638,602.775,219.8769404,154.6849224,1.421450372,0.710688529,26935,184.1644781,0.717058333,0.988973455,0.921299881,0.837579774,0.008254259,0.002505893,0.701539878,0.99720412,DERMASON,DERMASON
54692,881.807,330.7268466,211.9992114,1.560038098,0.767532538,55278,263.8863717,0.678224206,0.989399038,0.88386632,0.797898249,0.006047079,0.001511874,0.636641616,0.993185175,BARBUNYA,SIRA
25723,596.77,225.1437187,145.6950274,1.545308188,0.762388068,26015,180.9738678,0.73626814,0.988775706,0.907648128,0.803814865,0.008752623,0.002253939,0.646118337,0.998451956,DERMASON,DERMASON
28653,629.485,240.8427665,151.9037479,1.58549588,0.776012521,28962,191.0029651,0.793953836,0.989330847,0.908676282,0.793060833,0.008405499,0.002051017,0.628945485,0.997190476,DERMASON,DERMASON
30708,659.27,250.6504374,156.5493905,1.601094942,0.780966767,31070,197.7337602,0.694515436,0.98834889,0.887840125,0.788882566,0.008162382,0.001950052,0.622335703,0.996418546,DERMASON,DERMASON
36206,700.7,257.614902,179.4009798,1.435972659,0.717661521,36548,214.7065694,0.743877383,0.990642443,0.926672289,0.833440021,0.007115254,0.002117715,0.694622269,0.997458587,DERMASON,DERMASON
43886,773.792,289.8960571,193.321899,1.499551052,0.745177424,44317,236.3839899,0.761870041,0.990274612,0.921058876,0.815409469,0.006605661,0.001801354,0.664892601,0.9970404,HOROZ,SIRA
45116,796.691,293.5128954,196.2453819,1.495642305,0.743614094,45643,239.673685,0.800553623,0.98845387,0.893224506,0.816569523,0.006505738,0.001784223,0.666785786,0.99727303,SIRA,SIRA
42715,756.895,257.0854586,211.9778321,1.212794074,0.565800332,43190,233.2089774,0.77803683,0.989002084,0.93695558,0.907126287,0.006018622,0.002513899,0.8228781,0.997981684,SEKER,SEKER
44904,826.44,317.4294521,181.163033,1.752175634,0.821145404,45676,239.1099089,0.680281178,0.983098345,0.826175354,0.75326945,0.007069069,0.001403923,0.567414865,0.9942105,HOROZ,SIRA
43150,788.215,294.72321,187.6463242,1.570631406,0.771122655,43975,234.3934435,0.690289554,0.981239341,0.872772941,0.795300253,0.006830202,0.001685535,0.632502493,0.993428279,SIRA,SIRA
32216,660.801,247.121501,166.3037032,1.485965112,0.739675864,32541,202.5307018,0.711013021,0.990012599,0.927128854,0.819559209,0.007670769,0.002134716,0.671677297,0.99808903,DERMASON,DERMASON
55388,934.878,385.6247335,184.2763131,2.092644068,0.878433641,56017,265.5601474,0.730712401,0.988771266,0.796371424,0.688649157,0.006962243,0.000965875,0.474237661,0.992410628,HOROZ,HOROZ
43193,783.521,296.5261057,186.055883,1.593747539,0.778655284,43754,234.5102037,0.688049573,0.987178315,0.884141857,0.790858542,0.006865143,0.001656626,0.625457234,0.996820928,SIRA,SIRA
46301,814.862,297.3416074,199.6006052,1.489682895,0.741200415,46852,242.8008735,0.690595868,0.988239563,0.876258218,0.816572143,0.006421926,0.001761259,0.666790064,0.993305753,SIRA,SIRA
33010,665.85,224.9712592,186.8900915,1.203762369,0.556677424,33374,205.0113104,0.791587732,0.989093306,0.935626643,0.911277783,0.006815246,0.002899108,0.830427198,0.999637011,SEKER,SEKER
26442,602.609,219.862477,153.3690142,1.43355213,0.71651865,26771,183.4856944,0.713684211,0.987710582,0.915024953,0.834547563,0.008314896,0.002487946,0.696469635,0.998425529,DERMASON,DERMASON
50547,854.246,325.399109,198.7428884,1.637286806,0.79181073,51228,253.6896515,0.69770042,0.986706489,0.870441004,0.779626141,0.006437555,0.001467055,0.607816919,0.995170622,SIRA,SIRA
48536,827.083,311.2252589,198.9350601,1.564456555,0.76904088,48988,248.5919438,0.773765683,0.990773251,0.891611492,0.798752469,0.006412256,0.00161005,0.638005506,0.998131897,SIRA,SIRA
30393,640.171,239.1387934,162.2205903,1.474158076,0.734735869,30645,196.7169781,0.796524884,0.991776799,0.931947486,0.822605882,0.007868219,0.002222406,0.676680438,0.997533932,DERMASON,DERMASON
29702,631.176,226.4472203,167.565085,1.351398594,0.672635329,30053,194.4678918,0.728561617,0.988320634,0.936902945,0.858778004,0.007623972,0.002557907,0.73749966,0.996656004,DERMASON,DERMASON
68752,1025.143,403.6652478,218.4574089,1.847798387,0.840903827,69504,295.8678171,0.798059177,0.989180479,0.822103125,0.732953403,0.005871324,0.001045253,0.537220691,0.992675527,CALI,CALI
34761,687.872,229.7370214,192.8875726,1.191041073,0.543202669,35171,210.3784205,0.776816841,0.988342669,0.92318101,0.915735824,0.006609045,0.002866813,0.838572099,0.998773812,SEKER,SEKER
42749,744.594,257.7228968,211.7778141,1.216949461,0.569881609,43052,233.301773,0.74530144,0.992961999,0.96893972,0.905242708,0.006028747,0.002497278,0.81946436,0.997246712,SEKER,SEKER
26464,597.198,219.6286216,154.021151,1.425964033,0.712885978,26774,183.5620094,0.788135088,0.988421603,0.932456676,0.835783643,0.008299147,0.002497978,0.698534298,0.996084784,DERMASON,DERMASON
34855,688.682,252.7764551,176.1330977,1.43514455,0.717271378,35184,210.662679,0.817118342,0.990649159,0.923501249,0.833395179,0.007252229,0.002158019,0.694547524,0.996776093,DERMASON,DERMASON
83001,1119.895,432.2294073,246.7591762,1.751624454,0.821020557,84155,325.0848435,0.739759358,0.986287208,0.831646143,0.752111814,0.00520752,0.001027875,0.56567218,0.990845224,CALI,CALI
45524,799.609,299.969982,193.6621241,1.548934689,0.763671505,45998,240.754973,0.787994184,0.989695204,0.894736041,0.802596885,0.006589271,0.00168658,0.644161759,0.997764494,SIRA,SIRA
70006,1013.071,387.8711935,230.873465,1.680016339,0.803553671,70848,298.5538604,0.777326227,0.988115402,0.857166838,0.769724242,0.005540542,0.0011997,0.592475409,0.995368367,CALI,CALI
38192,706.381,251.3090882,193.9290045,1.295881907,0.636016747,38486,220.516586,0.814345722,0.992360858,0.96184313,0.877471593,0.00658015,0.002406289,0.769956397,0.997772564,SEKER,SEKER
25613,610.307,232.4110344,140.6719035,1.652149638,0.796018683,25947,180.5865013,0.718678975,0.987127606,0.864119113,0.777013457,0.009073948,0.002040282,0.603749913,0.9974852,DERMASON,DERMASON
30409,642.868,236.4930792,163.9142466,1.442785384,0.720837813,30787,196.7687509,0.73364858,0.98772209,0.924630863,0.832027523,0.007777075,0.002299042,0.692269799,0.998796748,DERMASON,DERMASON
51322,906.253,362.3812629,181.4415766,1.997233873,0.865625225,52010,255.627072,0.72694051,0.986771775,0.785261892,0.705409187,0.007060934,0.001078466,0.497602121,0.993827811,HOROZ,HOROZ
40329,724.982,251.3028696,205.058574,1.225517494,0.578077558,40651,226.6020247,0.790826732,0.992078916,0.964212749,0.901708863,0.006231319,0.00254112,0.813078873,0.996442382,SEKER,SEKER
68218,1005.139,384.2915641,226.6177581,1.695769861,0.807620438,69026,294.7165677,0.748472181,0.988294266,0.848509284,0.766908762,0.005633287,0.001202033,0.588149049,0.997365432,BARBUNYA,CALI
42772,753.505,269.3754713,202.6182578,1.329472843,0.658960173,43098,233.3645256,0.782338308,0.992435844,0.946666797,0.866316909,0.00629794,0.002188192,0.750504987,0.997775998,SEKER,SEKER
38116,722.078,250.7483056,194.0435644,1.292226858,0.633359224,38556,220.2970687,0.756570067,0.988588028,0.918647623,0.878558554,0.006578558,0.002417649,0.771865132,0.997424855,SEKER,SEKER
51734,920.246,385.1404207,172.0681211,2.238302006,0.894650232,52451,256.6510756,0.755814633,0.986330099,0.767676146,0.666383121,0.007444629,0.000905563,0.444066464,0.993954857,HOROZ,HOROZ
62887,1010.745,417.6604033,192.4317333,2.170434138,0.887536549,63619,282.9668094,0.727320041,0.988494003,0.773548482,0.677504516,0.006641443,0.000863159,0.459012369,0.996256116,HOROZ,HOROZ
36393,681.994,233.8313405,198.3315724,1.178992016,0.52970465,36655,215.2603232,0.782864027,0.992852271,0.983256019,0.920579435,0.006425174,0.00284649,0.847466495,0.999156232,SEKER,SEKER
37970,703.416,246.4983607,196.4891967,1.254513555,0.603818654,38241,219.8747496,0.750039507,0.992913365,0.964330662,0.891992746,0.006491924,0.00253512,0.795651059,0.998155038,SEKER,SEKER
42438,782.142,297.9735621,182.2210678,1.635231127,0.791217885,43022,232.4515859,0.790735807,0.98642555,0.871753214,0.780108088,0.007021386,0.001604064,0.60856863,0.995150366,SIRA,SIRA
45110,796.592,299.3946992,193.0543859,1.55083086,0.764338135,45658,239.6577473,0.778900112,0.987997722,0.893327719,0.80047425,0.006636992,0.001680895,0.640759025,0.99370887,SIRA,SIRA
29707,642.324,239.7110781,158.510592,1.512271672,0.75015957,30132,194.4842594,0.697347418,0.985895394,0.904816187,0.811327791,0.008069178,0.002156724,0.658252784,0.995457038,DERMASON,DERMASON
66744,986.985,380.8264967,224.2150642,1.698487557,0.808308559,67410,291.51518,0.806866538,0.99012016,0.860995714,0.765480298,0.005705779,0.001208456,0.585960086,0.995245915,CALI,CALI
35041,697.337,269.3350903,166.2433791,1.620125215,0.786777873,35367,211.2240206,0.708758091,0.990782368,0.905526027,0.784242485,0.007686284,0.001793485,0.615036276,0.996435779,DERMASON,DERMASON
36934,697.608,244.0535919,192.9037677,1.265157207,0.612570951,37227,216.8543966,0.77540309,0.992129368,0.953703341,0.888552367,0.00660783,0.002540801,0.789525308,0.998873634,SEKER,SEKER
60178,974.122,390.9521962,197.9370167,1.975134327,0.862360538,60876,276.8050023,0.640436763,0.988534069,0.796931348,0.708027746,0.006496597,0.001007087,0.501303289,0.990141335,HOROZ,HOROZ
36132,715.089,268.4672703,171.8213196,1.562479388,0.768367876,36545,214.4870421,0.757484277,0.988698864,0.887936013,0.79893181,0.00743018,0.001867317,0.638292037,0.99731815,DERMASON,DERMASON
30987,660.269,253.3964873,156.1384317,1.622896327,0.787603559,31388,198.6299921,0.697575471,0.987224417,0.89319767,0.783870346,0.00817751,0.001904486,0.614452719,0.997193061,DERMASON,DERMASON
44456,791.275,300.1159958,189.5924781,1.582953073,0.775187954,44977,237.9141383,0.77020097,0.988416302,0.892247539,0.792740612,0.006750855,0.00164461,0.628437679,0.994787354,SIRA,SIRA
43255,787.245,297.6927946,185.4316736,1.605404238,0.782304595,43833,234.6784534,0.786340169,0.986813588,0.87705405,0.788324265,0.006882275,0.001639575,0.621455147,0.997686726,SIRA,SIRA
47139,812.169,306.9829506,196.2988093,1.563855388,0.768836582,47658,244.9882424,0.697487571,0.989109908,0.898043579,0.798051624,0.006512292,0.001629437,0.636886395,0.995998221,SIRA,SIRA
34290,684.886,254.4472911,172.1170076,1.478339036,0.736502501,34574,208.9482807,0.798481744,0.991785735,0.918630312,0.821184929,0.007420452,0.002081488,0.674344687,0.996910075,DERMASON,DERMASON
57615,954.153,387.9443721,191.1817237,2.029191727,0.870138613,58614,270.8462597,0.714755359,0.98295629,0.79526046,0.698157466,0.006733392,0.000986796,0.487423847,0.989076438,HOROZ,HOROZ
38890,718.332,243.0128936,204.0932073,1.190695647,0.542826007,39276,222.5225514,0.758148784,0.990172115,0.947103365,0.915682078,0.006248724,0.00270988,0.838473668,0.998366947,SEKER,SEKER
24235,573.373,210.6773677,146.8454314,1.434687928,0.717055872,24491,175.6614937,0.77240566,0.989547181,0.926357051,0.833793851,0.008693104,0.002591728,0.695212186,0.99741253,DERMASON,DERMASON
43439,792.227,293.8008553,189.3641639,1.551512437,0.764577016,44030,235.1770664,0.71419881,0.986577334,0.869741922,0.8004642,0.006763527,0.001712855,0.640742935,0.994120632,SIRA,SIRA
32941,695.209,255.1218669,164.681723,1.549181428,0.763758422,33455,204.7969332,0.728767063,0.984636078,0.856477329,0.802741591,0.007744812,0.001983781,0.644394061,0.998283312,DERMASON,DERMASON
34060,662.146,220.4383774,196.882203,1.119646032,0.449779934,34367,208.2463418,0.789083496,0.991067012,0.976218398,0.944691865,0.00647206,0.003179677,0.892442719,0.99921995,SEKER,SEKER
33969,666.389,222.3618326,194.7690372,1.141669311,0.482473841,34260,207.9679641,0.764705882,0.99150613,0.961251403,0.935268259,0.006546022,0.003089598,0.874726717,0.998648649,SEKER,SEKER
33726,690.875,254.2011266,169.7468976,1.497530324,0.744371158,34147,207.2227712,0.737228671,0.987670952,0.887923897,0.815192182,0.007537245,0.002053206,0.664538294,0.995166247,DERMASON,DERMASON
29957,645.43,240.6079596,158.7911788,1.515247644,0.751302381,30376,195.3008885,0.741656764,0.986206215,0.903670048,0.811697538,0.008031778,0.002150643,0.658852894,0.998325295,DERMASON,DERMASON
41847,763.857,286.1000097,187.6363842,1.524757636,0.754898241,42322,230.8273277,0.796660829,0.988776523,0.901259939,0.806806431,0.006836811,0.001786943,0.650936617,0.992520578,SIRA,SIRA
77361,1078.14,400.4973813,247.4276089,1.618644674,0.786334631,78594,313.8456379,0.703857702,0.98431178,0.836337597,0.783639675,0.005176993,0.001204268,0.614091141,0.993995354,CALI,CALI
51610,900.804,375.6367421,175.6908578,2.138055143,0.883879449,52247,256.3433106,0.742333583,0.987807912,0.799250858,0.682423421,0.007278371,0.00097371,0.465701726,0.995695969,HOROZ,HOROZ
31414,658.232,241.103848,166.1409755,1.451200387,0.724680799,31861,199.9938676,0.773172533,0.985970309,0.911119035,0.829492641,0.007675045,0.002241356,0.688058041,0.998510096,DERMASON,DERMASON
33615,683.001,258.2694941,166.23088,1.553679402,0.76533392,34026,206.8814813,0.802075877,0.987921002,0.905524699,0.801029491,0.007683162,0.001951254,0.641648245,0.996915661,DERMASON,DERMASON
36044,717.225,273.9078212,168.1707544,1.628748246,0.789330583,36500,214.2256898,0.698527132,0.987506849,0.880505365,0.782108699,0.007599263,0.00175396,0.611694017,0.996295558,DERMASON,DERMASON
31834,649.59,235.2444452,172.7409358,1.361833801,0.678820774,32165,201.326371,0.792245284,0.989709311,0.948030729,0.855817747,0.007389723,0.002445305,0.732424015,0.997439781,DERMASON,DERMASON
33666,684.632,259.6233715,165.5788265,1.567974462,0.770230602,34201,207.03836,0.763349432,0.984357183,0.902582678,0.797456557,0.007711738,0.001923801,0.635936961,0.997132914,DERMASON,DERMASON
72483,1022.607,402.4616043,231.3031665,1.739974469,0.818349366,73363,303.789766,0.794978942,0.988004853,0.871020751,0.754829188,0.005552497,0.001111892,0.569767103,0.991380213,CALI,CALI
52398,904.806,358.823553,186.3452156,1.925585006,0.854578221,53028,258.292868,0.673842593,0.988119484,0.804291781,0.719832536,0.006848039,0.001134154,0.518158879,0.997758969,HOROZ,HOROZ
52839,883.529,323.1037414,209.2399353,1.544178175,0.761985858,53489,259.3775324,0.693015935,0.987847969,0.850595021,0.802768582,0.006114872,0.001566494,0.644437396,0.995126163,BARBUNYA,SIRA
38170,723.21,247.5815839,196.6482473,1.259007326,0.607556381,38617,220.453064,0.769106772,0.988424787,0.917071461,0.890425938,0.006486287,0.002515169,0.79285835,0.998214471,SEKER,SEKER
49784,856.101,328.2985726,194.09757,1.691410008,0.806508347,50440,251.7676657,0.770316272,0.986994449,0.853590638,0.766886264,0.00659446,0.001406963,0.588114542,0.994742822,SIRA,SIRA
73076,1043.319,407.1067509,230.3264754,1.76752043,0.824566996,73830,305.0299214,0.665646463,0.989787349,0.843626859,0.749262744,0.005571005,0.001083053,0.56139466,0.992276531,CALI,CALI
26953,608.884,223.0780056,153.9633777,1.448903037,0.723640298,27232,185.2501699,0.776296083,0.9897547,0.913582667,0.830427766,0.008276556,0.002427934,0.689610275,0.999178422,DERMASON,DERMASON
45195,765.944,270.5319702,213.1831864,1.269011758,0.615656343,45511,239.8834326,0.785098843,0.993056624,0.968068787,0.886710108,0.005985883,0.002282625,0.786254816,0.997766606,SEKER,SEKER
22688,561.892,207.3482325,139.5295371,1.486052608,0.739711911,22982,169.9625217,0.746463118,0.98720738,0.90302626,0.819696024,0.009139115,0.002545043,0.671901571,0.998481082,DERMASON,DERMASON
37125,720.143,270.7608164,175.0295199,1.546943719,0.762968276,37570,217.4143926,0.746351172,0.988155443,0.899578028,0.802975835,0.007293221,0.00187029,0.644770191,0.997423197,DERMASON,DERMASON
50661,863.776,325.1539409,199.4678056,1.630107375,0.789728495,51476,253.9755669,0.796556604,0.984167379,0.85325994,0.781093307,0.00641823,0.001473692,0.610106754,0.994539519,SIRA,SIRA
74336,1054.454,406.7324636,235.6378361,1.72609149,0.815083451,75627,307.6483948,0.729929301,0.982929377,0.840144087,0.756390065,0.005471541,0.001104772,0.572125931,0.987541701,CALI,CALI
30918,647.111,237.9300256,165.8571185,1.434548169,0.716989858,31228,198.4087202,0.738146397,0.990073011,0.92781992,0.833895258,0.007695518,0.002295428,0.695381302,0.997557973,DERMASON,DERMASON
42688,781.306,289.2129122,188.3374171,1.535610484,0.758900319,43254,233.1352605,0.781831502,0.986914505,0.878766218,0.806102531,0.00677504,0.001764626,0.64980129,0.997841674,SIRA,SIRA
31214,656.61,238.8516203,167.0256839,1.430029291,0.714841636,31638,199.3562117,0.80647995,0.986598394,0.90979659,0.834644586,0.007652067,0.002290682,0.696631585,0.996203571,DERMASON,DERMASON
28302,646.61,237.8014065,151.9245495,1.565259909,0.769313436,28765,189.8294645,0.783815221,0.98390405,0.850632863,0.798268889,0.008402283,0.002104621,0.637233219,0.99743561,DERMASON,DERMASON
31507,644.759,232.2807816,173.1442548,1.34154484,0.666607063,31766,200.289686,0.824920145,0.991846628,0.95240593,0.862274032,0.007372355,0.002514011,0.743516506,0.997460732,DERMASON,DERMASON
52762,914.255,366.468076,183.9484185,1.992232816,0.864897007,53405,259.1884736,0.633032586,0.987959929,0.793225058,0.707260716,0.006945682,0.001072044,0.50021772,0.996550157,HOROZ,HOROZ
35237,676.073,233.9276146,192.0229569,1.218227333,0.571122486,35502,211.8139321,0.778271049,0.992535632,0.968772063,0.905467841,0.006638693,0.002752672,0.819872011,0.998790493,SEKER,SEKER
44392,802.513,289.8278573,195.488756,1.482580703,0.738275269,45107,237.742823,0.773110414,0.984148802,0.86618453,0.820289758,0.006528831,0.00182341,0.672875287,0.997591916,SIRA,SIRA
27662,625.096,238.0967012,148.6065969,1.602194695,0.781309431,28121,187.6708616,0.688143689,0.983677679,0.889610707,0.788212775,0.008607357,0.002049384,0.621279379,0.995410525,DERMASON,DERMASON
50702,845.013,323.2263387,200.4390244,1.612591858,0.784507197,51212,254.0783174,0.775319214,0.990041397,0.892294414,0.786069348,0.006375021,0.001501429,0.61790502,0.996428605,SIRA,SIRA
45610,804.498,309.4170817,188.0474435,1.645420304,0.794130362,45991,240.9822725,0.770829812,0.99171577,0.885564093,0.778826661,0.006783975,0.001539668,0.606570967,0.998064185,SIRA,SIRA
32274,669.447,253.6942715,162.2346851,1.563748661,0.768800282,32663,202.7129327,0.77151463,0.9880905,0.904961825,0.799044186,0.007860639,0.001976609,0.638471611,0.998409127,DERMASON,DERMASON
44165,771.361,263.8424028,213.423154,1.236240763,0.587940854,44603,237.1341909,0.749473934,0.990180033,0.93276608,0.898772102,0.005974016,0.002404609,0.807791291,0.998624522,SEKER,SEKER
41084,735.08,255.4653723,204.9917072,1.246222961,0.596753476,41440,228.7132997,0.763302616,0.991409266,0.955461894,0.895281022,0.006218123,0.002464204,0.801528109,0.998882733,SEKER,SEKER
42492,747.511,268.3935132,201.7675119,1.330211741,0.659436788,42859,232.5994298,0.764904954,0.991437038,0.955612586,0.86663581,0.00631633,0.002197815,0.751057628,0.999065674,SEKER,SEKER
29453,632.811,227.3243033,165.3592755,1.374729676,0.686197017,29820,193.6510375,0.740248316,0.987692824,0.924254049,0.851871246,0.007718205,0.002507217,0.72568462,0.997620182,DERMASON,DERMASON
67163,983.06,369.4249515,232.3443475,1.589988977,0.777457743,67907,292.4287735,0.758389792,0.989043839,0.873333059,0.791578296,0.005500424,0.001332145,0.626596198,0.996281048,BARBUNYA,CALI
48606,805.113,287.380339,215.5698919,1.333119094,0.661301136,48997,248.7711424,0.738782831,0.99201992,0.942293224,0.865651225,0.005912446,0.002047947,0.749352043,0.998975517,SEKER,SEKER
36007,692.918,254.009914,180.8653911,1.404414147,0.702138216,36355,214.1157077,0.79823978,0.990427727,0.942395311,0.842942326,0.007054459,0.002197025,0.710551765,0.997908951,DERMASON,DERMASON
41320,758.763,284.7797238,185.6855684,1.533666435,0.758191219,41894,229.3692612,0.812186732,0.986298754,0.901898962,0.805426939,0.006892055,0.001789094,0.648712554,0.99490867,SIRA,SIRA
51349,856.244,323.4435007,203.3939461,1.5902317,0.777535391,52073,255.6943046,0.777661669,0.986096442,0.880129893,0.790537773,0.006298925,0.001517528,0.62494997,0.993815253,SIRA,SIRA
26188,600.051,219.927009,152.614971,1.441057896,0.720037991,26495,182.6022924,0.772872152,0.988412908,0.913978266,0.83028589,0.008398007,0.002461879,0.689374659,0.993428796,DERMASON,DERMASON
47855,851.869,342.4300513,179.84806,1.903996358,0.850971981,48436,246.8418085,0.781025591,0.98800479,0.828688965,0.72085323,0.007155575,0.001191823,0.519629379,0.989372445,HOROZ,HOROZ
53306,913.497,374.4862022,183.1041603,2.045208594,0.872313112,53951,260.5212221,0.707341994,0.988044707,0.802734093,0.695676424,0.007025217,0.001015006,0.483965687,0.989810783,HOROZ,HOROZ
44212,768.598,268.3170822,210.2958866,1.275902665,0.621065272,44579,237.2603354,0.752365394,0.991767424,0.940484246,0.884253561,0.006068875,0.002288733,0.78190436,0.997633857,SEKER,SEKER
35176,702.735,267.5652851,167.5810136,1.596632454,0.779567498,35546,211.6305135,0.757450474,0.989590953,0.895103279,0.79094907,0.007606473,0.001836357,0.625600432,0.998853953,DERMASON,DERMASON
49364,850.513,322.6070207,195.6737823,1.648698241,0.795053634,49843,250.7034042,0.761637326,0.990389824,0.857547718,0.777117013,0.006535269,0.001470242,0.603910851,0.995666758,SIRA,SIRA
45024,790.438,292.3623177,196.7499382,1.48595888,0.739673296,45489,239.4291905,0.821351041,0.989777748,0.905562268,0.81894682,0.006493477,0.001801689,0.670673894,0.996593829,SIRA,SIRA
54113,872.821,327.6299219,210.7828409,1.554348165,0.765566725,54651,262.485831,0.717755199,0.990155715,0.892608673,0.801165625,0.006054551,0.001538689,0.641866358,0.997683796,BARBUNYA,SIRA
40485,764.309,288.2349682,180.6038738,1.595951195,0.779352626,41179,227.0398709,0.701002545,0.98314675,0.870895528,0.787690239,0.00711955,0.001690652,0.620455912,0.990217355,SIRA,SIRA
47327,825.849,321.678254,188.3403868,1.707962161,0.810677415,47812,245.4762879,0.812062457,0.989856103,0.872002129,0.76311123,0.006796929,0.001421818,0.582338749,0.994612548,SIRA,SIRA
59302,949.017,381.9898368,198.7499853,1.921961585,0.85398248,59875,274.782917,0.817507582,0.990430063,0.827429919,0.719346146,0.006441433,0.001063932,0.517458878,0.994536086,HOROZ,HOROZ
40126,721.437,250.2511912,204.3694336,1.224504011,0.577123072,40413,226.0309934,0.760956553,0.992898325,0.96881066,0.903216453,0.006236634,0.002560339,0.815799962,0.998950325,SEKER,SEKER
33447,664.412,226.1186154,188.7406408,1.198038824,0.550708725,33791,206.3638608,0.770224525,0.989819774,0.952120901,0.912635435,0.006760505,0.002892999,0.832903437,0.997850654,SEKER,SEKER
43497,774.492,289.2876329,192.0904089,1.505997278,0.747722072,43866,235.334019,0.806097109,0.991588018,0.911245289,0.813494917,0.006650749,0.001796676,0.66177398,0.996629813,SIRA,SIRA
36986,693.771,232.7137695,202.5916367,1.148683989,0.492059713,37350,217.0069994,0.771747522,0.990254351,0.965639328,0.932506056,0.006291942,0.00293475,0.869567545,0.998858317,SEKER,SEKER
69985,1009.03,378.8776726,236.0335038,1.605185986,0.782237152,70931,298.5090778,0.702547783,0.986663095,0.86378702,0.787877195,0.005413698,0.001286791,0.620750474,0.996419962,BARBUNYA,CALI
34337,667.785,229.8067605,190.6295846,1.205514668,0.558475195,34583,209.0914304,0.809796708,0.992886678,0.967606759,0.909857612,0.006692686,0.002829267,0.827840875,0.997974317,SEKER,SEKER
34327,677.311,231.1581283,189.3043718,1.221092393,0.573880789,34714,209.0609812,0.793596116,0.98885176,0.940306539,0.904406791,0.006734003,0.002779127,0.817951644,0.998794531,SEKER,SEKER
31720,660.858,247.9994942,163.2366092,1.519263941,0.752831336,32056,200.9655651,0.697909791,0.989518343,0.912697244,0.810346673,0.007818395,0.002079605,0.656661731,0.997642489,DERMASON,DERMASON
26816,609.169,227.9826047,150.451682,1.515321076,0.751330473,27176,184.778764,0.698333333,0.986753017,0.908088701,0.810495013,0.008501738,0.002263022,0.656902165,0.995417696,DERMASON,DERMASON
52266,858.101,318.8880924,209.7300289,1.520469406,0.753287277,52924,257.9673197,0.697354201,0.987567077,0.891974239,0.808958772,0.006101253,0.001611775,0.654414295,0.995016915,SIRA,SIRA
44090,789.911,289.9401635,194.4578348,1.491018162,0.741744426,44729,236.9327574,0.72089601,0.985713966,0.887960484,0.817178119,0.006576098,0.001808902,0.667780078,0.995672225,SIRA,SIRA
68451,1002.041,384.8935977,228.0712058,1.687602766,0.805528886,69370,295.2194439,0.720233586,0.986752198,0.856680098,0.76701573,0.005622907,0.001200488,0.588313131,0.992838866,BARBUNYA,CALI
34305,677.703,242.4443654,180.5545652,1.342776158,0.667370614,34672,208.9939774,0.739969802,0.98941509,0.93861712,0.862028602,0.007067319,0.00240725,0.743093311,0.997807981,DERMASON,DERMASON
73636,1045.21,412.0408752,230.1832737,1.790055674,0.829409002,74832,306.1964518,0.758258506,0.984017533,0.847018587,0.743121545,0.005595644,0.001052614,0.552229631,0.988521784,CALI,CALI
33427,665.61,228.223182,186.6258656,1.222891486,0.575596241,33789,206.3021528,0.754491694,0.989286454,0.948129347,0.903949156,0.00682751,0.002812018,0.817124077,0.999254077,SEKER,SEKER
45502,797.005,304.5152524,190.7146866,1.596705832,0.779590622,45895,240.6967922,0.790995219,0.991436976,0.90015699,0.790426063,0.006692349,0.0016114,0.624773362,0.99757927,SIRA,SIRA
54717,922.315,378.6974903,185.5740586,2.040681188,0.871704192,55375,263.9466768,0.734446517,0.988117381,0.808301898,0.696985545,0.006921021,0.0010075,0.48578885,0.991340168,HOROZ,HOROZ
25623,595.048,225.5910435,144.8607612,1.557295721,0.766588394,25894,180.6217508,0.764363701,0.989534255,0.909359987,0.800660115,0.00880424,0.002231847,0.641056619,0.99831473,DERMASON,DERMASON
57104,946.381,391.5949652,186.8180544,2.096130197,0.878865515,57747,269.6424873,0.734976511,0.988865222,0.801206326,0.68857496,0.006857575,0.000950945,0.474135475,0.993849686,HOROZ,HOROZ
37405,712.42,262.5301573,181.9229177,1.44308458,0.720975959,37772,218.2327317,0.737509366,0.990283808,0.926120115,0.831267287,0.007018585,0.002067246,0.691005303,0.997179097,DERMASON,DERMASON
39779,719.021,252.4796509,200.8914979,1.256796099,0.605725069,40075,225.0515404,0.775298199,0.992613849,0.966897808,0.891365065,0.006347059,0.00247158,0.794531679,0.998564315,SEKER,SEKER
41867,763.931,281.9307647,189.5290707,1.487533093,0.740320623,42267,230.882481,0.802464876,0.990536352,0.901516,0.818933263,0.006733961,0.001868291,0.670651689,0.997616581,SIRA,SIRA
29553,643.75,236.5023064,159.3817688,1.483873019,0.738811522,29910,193.9795048,0.753134557,0.988064193,0.896142251,0.820201324,0.00800265,0.002234063,0.672730212,0.99824621,DERMASON,DERMASON
28843,628.281,226.8472462,162.6073761,1.395061231,0.697264006,29170,191.6351956,0.711329782,0.988789853,0.918210895,0.844776381,0.007864898,0.002470813,0.713647133,0.995581448,DERMASON,DERMASON
35664,695.948,262.8627317,173.1266239,1.518326446,0.752475806,36022,213.0934422,0.724657117,0.990061629,0.925308034,0.810664338,0.007370534,0.001963555,0.657176668,0.997808715,DERMASON,DERMASON
44911,770.999,261.8356413,218.8099031,1.196635242,0.549221921,45359,239.1285453,0.766857338,0.990123239,0.949412532,0.913277292,0.0058301,0.00250188,0.834075412,0.998084032,SEKER,SEKER
43303,762.695,265.1642832,208.4373741,1.272153251,0.618138994,43727,234.8086285,0.749575904,0.990303474,0.935461785,0.885521329,0.006123462,0.002322592,0.784148024,0.997556459,SEKER,SEKER
40902,764.048,282.799354,184.7136204,1.531015165,0.757218722,41426,228.2061433,0.807063931,0.987350939,0.880467079,0.80695426,0.006914072,0.001808462,0.651175177,0.996959071,SIRA,SIRA
33231,668.878,246.1755997,172.2440199,1.429225815,0.714456857,33609,205.6964349,0.729517914,0.988753013,0.933382063,0.835567924,0.007408011,0.002227452,0.698173756,0.997847956,DERMASON,DERMASON
36021,718.049,268.2881126,171.3113294,1.566085054,0.769592848,36571,214.1573292,0.777386913,0.984960761,0.8779251,0.79823637,0.007448103,0.001865312,0.637181303,0.997880115,DERMASON,DERMASON
42320,750.314,257.711468,209.8106,1.228305281,0.580682857,42728,232.128192,0.760330579,0.990451226,0.944646725,0.900728997,0.00608959,0.002472546,0.811312726,0.996539706,SEKER,SEKER
30880,640.707,230.455707,171.0007556,1.347688238,0.670387293,31220,198.2867548,0.819380688,0.989109545,0.945296866,0.860411562,0.007462944,0.002522986,0.740308056,0.99770446,DERMASON,DERMASON
46333,813.226,309.3905459,192.3269846,1.608669457,0.783309629,46766,242.8847624,0.701175865,0.990741137,0.88039542,0.785042613,0.006677542,0.001564477,0.616291904,0.991409962,SIRA,SIRA
76081,1055.587,411.2516436,236.7630047,1.736975944,0.817651697,76772,311.2383938,0.814868367,0.990999323,0.858021184,0.756807659,0.005405445,0.001093839,0.572757833,0.994866578,CALI,CALI
28657,632.81,243.0925497,150.4128659,1.616168593,0.78559006,28973,191.0162968,0.787474925,0.989093294,0.8992779,0.785776022,0.008482833,0.001994875,0.617443957,0.997893531,DERMASON,DERMASON
41560,756.937,286.9308353,185.1299442,1.549888845,0.764007333,41972,230.0344224,0.806896284,0.990183932,0.911519437,0.801706872,0.006904014,0.001759316,0.642733908,0.996166114,SIRA,SIRA
65997,992.511,383.2409682,221.3444275,1.731423612,0.816348656,67054,289.8792684,0.734458813,0.984236585,0.841905605,0.756389041,0.005806945,0.001172488,0.572124381,0.990589663,CALI,CALI
56392,930.097,371.9571248,195.0053327,1.907420273,0.851553134,57178,267.9561987,0.732782369,0.986253454,0.819164031,0.720395392,0.00659592,0.001095819,0.518969521,0.989892985,HOROZ,HOROZ
30065,642.016,239.4651628,160.2928466,1.493922953,0.742921489,30415,195.652618,0.750630415,0.98849252,0.916598979,0.817040006,0.007964915,0.002189446,0.667554371,0.997274797,DERMASON,DERMASON
34894,707.258,264.3841713,168.9600431,1.564773342,0.769148419,35522,210.7805035,0.715686275,0.982320815,0.876606898,0.797250843,0.00757678,0.001888184,0.635608907,0.994583874,SIRA,DERMASON
45280,846.153,353.4912173,164.3193202,2.151245617,0.885391042,45912,240.1089057,0.620070114,0.986234536,0.794727946,0.67924999,0.007806785,0.00102511,0.461380548,0.992542882,HOROZ,HOROZ
37637,703.354,250.5441029,191.5283756,1.308130465,0.644683323,37959,218.9084666,0.786332108,0.991517163,0.95604193,0.873732265,0.006656856,0.002393109,0.763408072,0.998637355,SEKER,SEKER
31516,657.536,242.2357999,166.095756,1.458410532,0.727905005,31883,200.3182905,0.799188538,0.988489164,0.916013523,0.826955762,0.007686121,0.002217257,0.683855832,0.997342548,DERMASON,DERMASON
29617,639.567,240.5443261,157.4405198,1.527842555,0.756046676,29943,194.1894322,0.727994494,0.989112647,0.90986893,0.807291676,0.008121833,0.002127922,0.651719851,0.995725322,DERMASON,DERMASON
29144,628.216,234.7564055,158.7917162,1.478392016,0.736524764,29386,192.6325344,0.696924769,0.991764786,0.92798517,0.820563485,0.008055051,0.002252666,0.673324434,0.995437467,DERMASON,DERMASON
28897,625.84,230.0211982,160.2509244,1.435381412,0.71738306,29227,191.8145019,0.719188651,0.98870907,0.92712008,0.833899238,0.007960037,0.002374374,0.695387939,0.998146922,DERMASON,DERMASON
32032,662.22,243.3074442,167.778285,1.450172436,0.724216022,32373,201.9515018,0.729824561,0.989466531,0.917887243,0.830025988,0.007595762,0.002223913,0.688943142,0.999086354,DERMASON,DERMASON
45850,807.498,302.5812704,194.606187,1.554838904,0.76573732,46293,241.6154654,0.761526707,0.990430519,0.883621538,0.79851428,0.006599373,0.001655058,0.637625056,0.991404243,SIRA,SIRA
27351,606.399,223.2634276,156.2566103,1.428825489,0.714264824,27646,186.6129009,0.718722901,0.989329379,0.934686824,0.835841781,0.008162898,0.002457652,0.698631483,0.99822247,DERMASON,DERMASON
30099,638.821,237.1419113,162.3034301,1.461102277,0.729092863,30477,195.7632168,0.803604325,0.987597204,0.926837426,0.825510833,0.007878731,0.002256977,0.681468136,0.995694645,DERMASON,DERMASON
45623,770.991,270.4839862,215.0498095,1.257773661,0.606536548,46014,241.016613,0.750217881,0.991502586,0.964484131,0.891056866,0.005928676,0.002305468,0.793982338,0.998650072,SEKER,SEKER
43305,778.579,255.2154301,216.4162888,1.179280134,0.530036322,43833,234.8140509,0.79191354,0.987954281,0.897723379,0.920062125,0.00589344,0.002605057,0.846514314,0.998277513,SEKER,SEKER
41389,738.976,257.1531925,205.2238431,1.253037604,0.602577136,41854,229.5606924,0.769240777,0.988889951,0.952432332,0.892700146,0.006213081,0.002433936,0.79691355,0.998562645,SEKER,SEKER
45163,798.896,299.1589708,193.0184595,1.549898241,0.764010636,45735,239.7984937,0.777305428,0.987493167,0.889226002,0.801575473,0.006623984,0.001686851,0.64252324,0.995845639,SIRA,SIRA
31505,656.192,233.1552806,172.412829,1.352308189,0.673182475,31932,200.283329,0.735702777,0.986627834,0.919448662,0.859012622,0.00740058,0.002485671,0.737902685,0.997871844,DERMASON,DERMASON
37386,710.826,260.5512655,183.116227,1.422873711,0.711384465,37751,218.1772986,0.715220386,0.990331382,0.929805811,0.837368025,0.00696922,0.002113632,0.701185209,0.997698001,DERMASON,DERMASON
30057,642.063,239.8814209,160.0678124,1.498623723,0.744807935,30433,195.6265856,0.805234817,0.987644991,0.916220929,0.815513702,0.007980884,0.002177488,0.665062598,0.996678587,DERMASON,DERMASON
26584,608.165,220.6112556,153.9603325,1.432909711,0.716214046,26937,183.9777162,0.728708095,0.986895348,0.903207108,0.833945284,0.008298648,0.002475924,0.695464736,0.996538175,DERMASON,DERMASON
33996,663.743,223.0963581,194.3808765,1.147727915,0.490774479,34285,208.0505986,0.764693974,0.991570658,0.969700851,0.932559367,0.00656243,0.003061614,0.869666974,0.998141063,SEKER,SEKER
47245,826.032,316.7318396,190.5824299,1.661915213,0.798710561,47809,245.2635364,0.79954307,0.988203058,0.870105619,0.774357061,0.006704029,0.001486896,0.599628858,0.996532321,SIRA,SIRA
35985,699.379,261.7911116,175.5434374,1.491318134,0.741866384,36351,214.0502862,0.714158133,0.989931501,0.924498467,0.817637715,0.007275007,0.002005658,0.668531433,0.996993049,DERMASON,DERMASON
33978,667.754,241.5791627,179.3886182,1.346680548,0.66977223,34287,207.9955126,0.757085561,0.990987838,0.957579146,0.860982836,0.00710987,0.002410013,0.741291443,0.998282767,DERMASON,DERMASON
74734,1045.291,410.5420844,233.9440811,1.754872713,0.821754349,75497,308.4708805,0.754340278,0.989893638,0.859515414,0.751374566,0.005493378,0.001080053,0.564563739,0.9907375,CALI,CALI
35873,702.091,263.6200054,173.4729962,1.519660185,0.752981356,36216,213.7169207,0.734650829,0.990529048,0.914514824,0.810700692,0.007348703,0.00195809,0.657235611,0.99877479,DERMASON,DERMASON
35495,704.595,253.8907406,178.39469,1.423196736,0.711542022,35963,212.5879527,0.756226431,0.986986625,0.898458311,0.837320621,0.007152859,0.002168835,0.701105823,0.997811519,DERMASON,DERMASON
36613,697.658,233.0502036,200.3535672,1.163194681,0.510797067,36993,215.90998,0.757030022,0.989727786,0.945279027,0.926452655,0.006365231,0.00289259,0.858314523,0.998386887,SEKER,SEKER
40486,727.273,244.537238,211.0640645,1.15859248,0.505005282,40839,227.0426749,0.789616367,0.991356302,0.961877587,0.92845849,0.006040044,0.002768662,0.862035169,0.998747464,SEKER,SEKER
40965,745.06,255.4926019,204.4643427,1.249570456,0.599633154,41428,228.3818249,0.785311709,0.988823984,0.927342848,0.893888211,0.006236851,0.002456281,0.799036134,0.998451946,SEKER,SEKER
40143,721.446,251.9267346,203.1890745,1.239863586,0.591179057,40480,226.0788691,0.747820417,0.991674901,0.96919693,0.897399276,0.006275733,0.002510655,0.80532546,0.998493712,SEKER,SEKER
29372,635.787,233.8804883,161.0266668,1.452433271,0.725236541,29779,193.38457,0.747531304,0.986332651,0.913103687,0.826852088,0.007962702,0.002295892,0.683684375,0.993005933,DERMASON,DERMASON
24541,578.864,206.4772833,151.8732124,1.359537209,0.677476505,24910,176.7669982,0.727464058,0.985186672,0.920341566,0.856108698,0.008413564,0.002787889,0.732922103,0.996434871,DERMASON,DERMASON
34823,682.046,251.260848,176.6798845,1.422124815,0.71101864,35149,210.5659532,0.744877005,0.990725198,0.940694737,0.838037262,0.007215371,0.002195289,0.702306453,0.998767435,DERMASON,DERMASON
32251,644.051,220.9809628,186.0277835,1.187892253,0.539747143,32514,202.6406883,0.764060649,0.991911177,0.977040422,0.917005183,0.00685191,0.002988674,0.840898506,0.998896821,SEKER,SEKER
26700,598.326,221.0061134,154.1061701,1.43411593,0.716785532,27015,184.3786751,0.724362453,0.988339811,0.937228259,0.83426957,0.008277383,0.002473423,0.696005715,0.998152883,DERMASON,DERMASON
35233,707.917,263.2304507,170.859998,1.540620706,0.76071245,35678,211.8019095,0.779284261,0.987527328,0.883476098,0.804625411,0.007471134,0.001931707,0.647422052,0.997431818,DERMASON,DERMASON
59527,958.355,393.7438418,193.1217328,2.038837556,0.871454945,60192,275.3037057,0.774949879,0.98895202,0.814462389,0.69919495,0.006614542,0.000975153,0.488873578,0.996733811,HOROZ,HOROZ
33165,674.921,261.1331351,162.0316558,1.611618013,0.784210853,33414,205.4920668,0.816751219,0.992548034,0.914921815,0.786924519,0.007873757,0.00186249,0.619250199,0.997994775,DERMASON,DERMASON
46723,820.51,300.7580268,198.3222477,1.51651179,0.751785272,47315,243.9048406,0.711091833,0.987488112,0.872113135,0.810967019,0.006437044,0.00171743,0.657667506,0.997360528,SIRA,SIRA
36136,711.044,234.6393277,196.2778303,1.195444882,0.547953699,36663,214.4989142,0.775583791,0.985625835,0.898166783,0.914164374,0.006493229,0.002797291,0.835696503,0.999029108,SEKER,SEKER
46392,806.126,310.367614,190.8223795,1.626473869,0.78866203,46767,243.0393568,0.809068713,0.991981525,0.897112902,0.783069321,0.006690111,0.001551722,0.613197562,0.997349811,SIRA,SIRA
48160,829.234,304.5282824,202.7155129,1.502244589,0.746245739,48950,247.6271723,0.754043433,0.983861083,0.880120509,0.813149998,0.006323262,0.001705311,0.66121292,0.993303531,BARBUNYA,SIRA
33556,689.294,264.6307432,161.7054714,1.636498387,0.791583671,33892,206.6998456,0.774071511,0.990086156,0.887505501,0.781087802,0.007886242,0.001810712,0.610098155,0.998424646,HOROZ,DERMASON
33725,676.717,251.5991783,170.9062633,1.472147207,0.733879298,34071,207.219699,0.787452134,0.989844736,0.925438683,0.823610396,0.007460317,0.002117504,0.678334085,0.998607629,DERMASON,DERMASON
48363,815.384,297.6873389,207.6800474,1.433394024,0.716443733,48995,248.1485122,0.724083723,0.987100725,0.914110561,0.833587727,0.00615527,0.001833294,0.694868499,0.996020353,SIRA,SIRA
25959,597.217,217.8824928,152.0369934,1.433088671,0.716298954,26365,181.8021599,0.709747095,0.984600797,0.914604848,0.834404626,0.008393332,0.002509695,0.696231079,0.997760872,DERMASON,DERMASON
49916,833.692,316.1569277,201.617206,1.568104895,0.770274524,50430,252.10122,0.799705213,0.989807654,0.902481633,0.79739268,0.006333779,0.001579544,0.635835087,0.997056112,SIRA,SIRA
29194,627.767,224.6036772,165.7226237,1.355298826,0.674970562,29520,192.7977056,0.745696041,0.98895664,0.930907444,0.85839069,0.007693488,0.002576576,0.736834577,0.998631037,DERMASON,DERMASON
76070,1063.592,413.1743905,235.3469831,1.755596716,0.821917259,76858,311.2158932,0.777446191,0.989747326,0.845032002,0.753231324,0.005431502,0.001078483,0.567357427,0.996050836,CALI,CALI
36553,691.653,231.2505752,201.4553836,1.147899704,0.491005896,36884,215.7329949,0.777591048,0.991025919,0.960188191,0.932897117,0.006326446,0.002955797,0.870297031,0.999013704,SEKER,SEKER
45218,788.51,269.4230654,213.9499604,1.259280744,0.607781771,45684,239.9444639,0.784054654,0.989799492,0.913917098,0.890586199,0.005958315,0.002312102,0.793143779,0.998790688,SEKER,SEKER
38746,714.422,250.5392244,197.0547139,1.271419594,0.61756174,39096,222.1101965,0.767916601,0.991047678,0.953953265,0.886528635,0.006466196,0.002463767,0.78593302,0.999250642,SEKER,SEKER
52784,914.54,383.4384506,175.842829,2.180574851,0.88864556,53295,259.2425045,0.731586972,0.990411859,0.793061289,0.676099395,0.007264293,0.000936301,0.457110392,0.996763425,HOROZ,HOROZ
42505,805.21,323.5070543,167.7971292,1.92796537,0.854967535,43079,232.6350078,0.681737987,0.986675642,0.823818546,0.719103354,0.007611035,0.001255419,0.517109634,0.996969466,HOROZ,HOROZ
35189,692.856,260.2085531,172.5705835,1.507838403,0.748441299,35538,211.669616,0.701367297,0.990179526,0.921150993,0.813461408,0.007394599,0.001997295,0.661719462,0.997766018,DERMASON,DERMASON
30341,659.183,250.7582428,154.525294,1.622765026,0.787564552,30810,196.5486226,0.797649719,0.98477767,0.877460868,0.783817195,0.008264666,0.001924262,0.614369396,0.996977168,DERMASON,DERMASON
48550,820.627,311.2734957,199.5234265,1.560084954,0.767548617,49142,248.6277939,0.758001561,0.987953278,0.905956811,0.798743861,0.006411401,0.001609766,0.637991756,0.995321339,SIRA,SIRA
61911,985.026,408.7900346,194.1173368,2.105891423,0.880062273,62612,280.7624146,0.787711843,0.988804063,0.801829989,0.686813256,0.006602866,0.000906289,0.471712448,0.993375199,HOROZ,HOROZ
70722,1029.555,400.5572151,226.2264628,1.770602829,0.825241923,71420,300.0767353,0.686441418,0.990226827,0.838427074,0.749148247,0.005663828,0.001100426,0.561223095,0.9937032,CALI,CALI
33808,683.885,262.2827152,164.4212286,1.595187662,0.779111405,34115,207.4745347,0.803918771,0.991001026,0.908370846,0.791033959,0.007758007,0.001873745,0.625734725,0.998164313,DERMASON,DERMASON
45147,807.574,309.4261227,186.5771932,1.658434868,0.797757696,45655,239.7560129,0.788979763,0.98887307,0.869909561,0.774840892,0.006853747,0.001523905,0.600378408,0.995688486,SIRA,SIRA
36860,704.322,238.888659,196.7100157,1.214420415,0.567406158,37289,216.6370458,0.780370072,0.988495267,0.933732954,0.906853623,0.006480973,0.002703764,0.822383493,0.998719303,SEKER,SEKER
49531,885.953,370.3006484,171.1370748,2.163766377,0.886798067,50060,251.127115,0.651021267,0.989432681,0.792986135,0.678170876,0.007476139,0.000975469,0.459915737,0.995150207,HOROZ,HOROZ
34800,698.814,257.285774,172.4931671,1.491570816,0.741969043,35179,210.4964041,0.765020115,0.989226527,0.895500668,0.818142414,0.007393269,0.002043299,0.669357009,0.99839338,DERMASON,DERMASON
39257,723.526,255.0806668,196.2999924,1.299443081,0.638573971,39588,223.5700445,0.760455611,0.99163888,0.942364002,0.87646801,0.006497712,0.00236529,0.768196173,0.998227202,SEKER,SEKER
39833,720.171,247.1659123,205.3478178,1.203645186,0.556556713,40184,225.2042424,0.762850467,0.99126518,0.965120681,0.911146041,0.006205054,0.002638015,0.830187108,0.999250715,SEKER,SEKER
70342,1013.073,382.5846158,236.8221826,1.615493159,0.785386236,71805,299.2694706,0.723668237,0.979625374,0.861277485,0.782230802,0.005438921,0.001256123,0.611885027,0.988496075,CALI,CALI
46947,801.777,297.618262,201.6623331,1.475824749,0.735442417,47478,244.4888073,0.792996858,0.988815873,0.917720687,0.821484561,0.006339452,0.001780857,0.674836884,0.995940975,SIRA,SIRA
27966,615.342,224.3227739,159.2471911,1.40864509,0.704300445,28301,188.6992769,0.768296703,0.988162962,0.928126344,0.841195362,0.008021268,0.002477481,0.707609637,0.99677084,DERMASON,DERMASON
32794,665.443,245.8774897,170.2968686,1.443816858,0.721313594,33131,204.3394666,0.787843844,0.989828258,0.930641756,0.831062115,0.007497636,0.002206165,0.690664239,0.997192671,DERMASON,DERMASON
25940,600.063,225.86061,146.5242397,1.5414556,0.761012287,26262,181.7356151,0.690132227,0.987738938,0.905286696,0.804636165,0.00870704,0.002251378,0.647439359,0.997999025,DERMASON,DERMASON
29088,634.555,233.7540623,158.5635316,1.474198134,0.734752886,29440,192.4473743,0.730854271,0.988043478,0.907789562,0.823289967,0.0080361,0.002277384,0.67780637,0.999220886,DERMASON,DERMASON
65537,1008.248,415.9306891,201.1797116,2.067458423,0.875241783,66269,288.8672706,0.787420401,0.988954111,0.810142998,0.694508191,0.006346502,0.000910801,0.482341628,0.997221261,HOROZ,HOROZ
58678,960.283,388.4974922,193.4136119,2.008635733,0.867262953,59456,273.3334045,0.629052316,0.986914693,0.799625593,0.703565428,0.006620837,0.001000716,0.495004312,0.994283349,HOROZ,HOROZ
44177,802.585,303.7853658,187.067069,1.623938235,0.787912693,44960,237.1664044,0.797548338,0.98258452,0.861834761,0.780703849,0.00687655,0.00157578,0.6094985,0.989787918,SIRA,SIRA
31205,655.46,243.3752477,163.6117553,1.48751688,0.740313969,31554,199.3274692,0.810961823,0.988939596,0.912728609,0.819012907,0.007799239,0.002164686,0.670782143,0.99779976,DERMASON,DERMASON
64440,1013.402,415.4249883,198.4248228,2.093614006,0.878554039,65219,286.4394461,0.703263123,0.988055628,0.788500334,0.689509428,0.006446694,0.00089883,0.475423251,0.995352778,HOROZ,HOROZ
47728,863.9,349.6567152,174.1742676,2.007510754,0.867102741,48248,246.5140503,0.780481423,0.989222351,0.803630021,0.705017349,0.007326029,0.001116471,0.497049462,0.99783214,HOROZ,HOROZ
27559,611.485,229.7812386,153.0885101,1.500969854,0.745741059,27857,187.3211377,0.713446205,0.989302509,0.926193444,0.81521511,0.008337793,0.002271537,0.664575675,0.997508054,DERMASON,DERMASON
50023,848.958,319.2951885,201.5756517,1.583996807,0.775526997,50774,252.3712776,0.777116669,0.985208965,0.872182137,0.790401129,0.006382968,0.001536712,0.624733945,0.989576574,SIRA,SIRA
25381,603.806,220.053562,147.302134,1.49389256,0.742909218,25783,179.7667736,0.777818639,0.984408331,0.874830155,0.816922807,0.008670012,0.0023819,0.667362873,0.99696843,DERMASON,DERMASON
48941,835.461,317.011253,197.6973189,1.603518221,0.781720686,49366,249.6269548,0.780222233,0.991390836,0.881110426,0.787438782,0.006477417,0.001536204,0.620059835,0.994277243,SIRA,SIRA
34259,676.402,227.5449241,191.8680382,1.185944914,0.537585123,34623,208.8538091,0.770124761,0.989486757,0.940967839,0.917857473,0.006641902,0.002907858,0.842462341,0.999113929,SEKER,SEKER
28072,630.453,234.9270092,152.949461,1.535978013,0.759034,28538,189.0565537,0.741958504,0.983670895,0.887519263,0.804745927,0.008368731,0.002165083,0.647616007,0.994723947,DERMASON,DERMASON
33795,690.578,256.3516827,168.1214356,1.5248007,0.754914333,34246,207.4346413,0.701869159,0.986830579,0.890505974,0.809179948,0.007585491,0.00200606,0.654772188,0.998397091,DERMASON,DERMASON
57817,952.871,393.3447524,187.8909932,2.093473166,0.878536568,58459,271.320642,0.811751492,0.989017944,0.800197514,0.689778217,0.006803272,0.000950026,0.475793989,0.996061948,HOROZ,HOROZ
57103,919.308,354.5460499,205.552263,1.724846249,0.814786004,57779,269.6401263,0.676639966,0.988300247,0.849076284,0.760522156,0.006208887,0.001281271,0.57839395,0.997640635,BARBUNYA,SIRA
78114,1072.209,411.0303643,243.347579,1.689066996,0.805906502,78908,315.3693609,0.807004494,0.989937649,0.853846583,0.767265361,0.00526193,0.001124882,0.588696134,0.994347212,CALI,CALI
29081,628.774,228.8841672,162.3086009,1.410178918,0.705077882,29460,192.4242168,0.771747784,0.987135098,0.924336388,0.840705668,0.007870574,0.002425281,0.706786021,0.996694746,DERMASON,DERMASON
66252,984.959,375.2092101,226.7207463,1.654939904,0.796793616,67161,290.438748,0.813167391,0.986465359,0.858168465,0.774071478,0.005663364,0.001254234,0.599186654,0.991617903,CALI,CALI
29087,632.507,241.1708794,153.7918713,1.568164022,0.77029443,29489,192.4440663,0.722658385,0.986367798,0.913646348,0.79795731,0.008291363,0.002073597,0.636735869,0.998506281,DERMASON,DERMASON
71433,1014.513,396.1442929,231.8978414,1.708270722,0.810753784,72296,301.5813661,0.739648156,0.988062963,0.872154691,0.76129171,0.005545676,0.001149049,0.579565068,0.990054036,CALI,CALI
38512,710.718,246.2116357,199.4479802,1.234465425,0.586336991,38880,221.4384821,0.757662798,0.990534979,0.958101031,0.899382685,0.006393115,0.002580301,0.808889215,0.998545769,SEKER,SEKER
47917,828.355,320.3207569,191.3322304,1.674159948,0.802007105,48522,247.0016584,0.67238718,0.987531429,0.877539123,0.771107251,0.006684908,0.001457922,0.594606393,0.995466208,SIRA,SIRA
24754,590.086,223.2470047,141.5263218,1.577423916,0.773378136,25100,177.5324525,0.747245449,0.986215139,0.893356144,0.795228822,0.009018623,0.002224787,0.632388879,0.997545342,DERMASON,DERMASON
35980,710.63,259.9490691,176.8295109,1.470054788,0.732983186,36501,214.0354149,0.795454545,0.985726418,0.895331672,0.823374423,0.007224821,0.002048313,0.677945441,0.996616941,DERMASON,DERMASON
57512,936.819,381.2903979,193.0702349,1.974879235,0.86232214,58119,270.6040515,0.81161711,0.989555911,0.823487392,0.709705917,0.006629754,0.001037507,0.503682489,0.994712088,HOROZ,HOROZ
44555,793.957,300.195125,190.0168188,1.579834495,0.77417003,45145,238.178899,0.696248027,0.986931,0.888203229,0.793413614,0.00673763,0.001646969,0.629505162,0.994513971,SIRA,SIRA
45009,768.751,277.9183465,206.4853569,1.345947,0.669323269,45398,239.3893036,0.743643123,0.991431341,0.95705708,0.861365601,0.006174728,0.002096755,0.741950698,0.998626317,SEKER,SEKER
33538,658.284,227.5186814,187.9440519,1.210566012,0.563582376,33800,206.6443995,0.760516111,0.992248521,0.972569007,0.908252449,0.006783907,0.002847646,0.82492251,0.998623154,SEKER,SEKER
32038,675.473,239.9630491,170.6138358,1.406468872,0.703191553,32573,201.970415,0.747259411,0.983575354,0.882387349,0.841672982,0.007489951,0.002318634,0.708413408,0.996361407,DERMASON,DERMASON
35690,691.225,238.3892909,190.7619789,1.249668787,0.599717186,36059,213.1711035,0.752572537,0.989766771,0.938679942,0.894214261,0.006679442,0.002634428,0.799619144,0.999259086,SEKER,SEKER
44468,790.341,308.7121015,184.8243493,1.670299951,0.800977191,45091,237.9462462,0.783218261,0.986183496,0.894599058,0.770770712,0.006942343,0.001511425,0.59408749,0.992304305,SIRA,SIRA
38798,716.355,251.7188293,196.4911875,1.281069306,0.625033544,39139,222.2591907,0.792539935,0.991287463,0.950085324,0.882966091,0.006487933,0.002432553,0.779629118,0.998758933,SEKER,SEKER
27517,610.178,225.0695203,156.0495214,1.442295486,0.720611374,27787,187.1783442,0.709823041,0.990283226,0.928747928,0.831646791,0.00817929,0.002413521,0.691636385,0.997544036,DERMASON,DERMASON
33817,681.306,257.9591319,167.2846968,1.542036641,0.7612206,34146,207.5021486,0.798889676,0.990364904,0.915504565,0.804399314,0.00762809,0.001970073,0.647058256,0.997787539,DERMASON,DERMASON
31431,655.809,238.7027514,168.2668128,1.418596736,0.709284867,31787,200.0479746,0.776841325,0.988800453,0.918360758,0.838063128,0.007594501,0.002310925,0.702349807,0.996351144,DERMASON,DERMASON
31920,663.202,244.1461516,167.0059619,1.461900814,0.729443623,32314,201.5981306,0.799398948,0.987807142,0.911971134,0.825727251,0.007648689,0.002193377,0.681825493,0.996761243,DERMASON,DERMASON
80336,1096.541,428.615314,241.0316076,1.778253559,0.826899655,81366,319.8233451,0.787607843,0.98734115,0.839595918,0.746178064,0.005335283,0.001020251,0.556781703,0.990099045,CALI,CALI
38550,714.519,238.4852609,206.1382711,1.156918895,0.502865237,38916,221.5477024,0.792036489,0.990595128,0.948869928,0.928978594,0.006186388,0.002842103,0.863001229,0.998422428,SEKER,SEKER
53228,920.083,380.3253043,178.9699397,2.125079245,0.8823623,53905,260.3305485,0.653938768,0.987440868,0.790125356,0.68449442,0.007145211,0.000967552,0.468532611,0.995668926,HOROZ,HOROZ
47735,795.626,273.7960664,222.4660455,1.230731934,0.582926871,48141,246.5321271,0.752324665,0.99156644,0.947608303,0.900422458,0.005735751,0.002325709,0.810760603,0.997828964,SEKER,SEKER
32623,672.076,255.9956299,162.8045055,1.572411212,0.771717113,32975,203.8060197,0.814190876,0.989325246,0.907605223,0.796130855,0.00784709,0.001944582,0.633824338,0.996632497,DERMASON,DERMASON
72327,1036.092,400.4867479,230.7281855,1.7357513,0.817365546,73037,303.4626774,0.674572604,0.9902789,0.846669031,0.757734629,0.005537168,0.001125994,0.574161768,0.996602036,BARBUNYA,CALI
42039,774.13,284.2984726,189.1280152,1.503206557,0.746625516,42569,231.3562561,0.740318746,0.987549625,0.881524617,0.813779455,0.006762732,0.001829485,0.662237001,0.995479003,SIRA,SIRA
26579,599.102,216.4623815,156.4822114,1.383303441,0.690945149,26857,183.9604138,0.730573651,0.989648881,0.930565532,0.849849348,0.008144113,0.002620543,0.722243914,0.999082492,DERMASON,DERMASON
41195,759.615,284.0638731,185.4795379,1.531510571,0.757400918,41821,229.022058,0.798259892,0.985031444,0.897154639,0.806234371,0.006895591,0.0017972,0.650013861,0.995503099,SIRA,SIRA
25938,590.345,217.5657622,151.91579,1.432147127,0.715851766,26177,181.728609,0.734205163,0.990869848,0.935264761,0.835281283,0.008387916,0.002518633,0.697694821,0.999201634,DERMASON,DERMASON
25187,590.941,219.3864284,146.7625379,1.494839429,0.74329105,25548,179.0784309,0.705182406,0.985869735,0.906354428,0.816269412,0.008710304,0.002385323,0.666295753,0.996005163,DERMASON,DERMASON
51015,859.253,327.8575096,198.507869,1.651609638,0.795868169,51718,254.861365,0.777418814,0.986407054,0.868291682,0.777354056,0.006426688,0.00144758,0.604279329,0.998033563,BARBUNYA,SIRA
29526,646.0,236.8743741,160.0258018,1.480226135,0.737293606,29989,193.8908734,0.805400982,0.984561006,0.889097611,0.818538832,0.008022569,0.002221521,0.670005819,0.991760124,DERMASON,DERMASON
32829,658.101,221.5995,189.0026275,1.172467827,0.522071263,33154,204.4484801,0.789785166,0.990197261,0.952538233,0.922603526,0.006750114,0.003016833,0.851197267,0.998001409,SEKER,SEKER
36207,711.528,267.5823913,172.7226525,1.549202652,0.763765896,36586,214.7095345,0.717112299,0.989640846,0.898707603,0.802405321,0.00739035,0.001889818,0.643854298,0.997460787,DERMASON,DERMASON
45436,806.533,311.3791564,186.0834442,1.673330789,0.801786584,46008,240.5221652,0.737453743,0.98756738,0.877739558,0.772441444,0.006853138,0.001504983,0.596665784,0.998419227,SIRA,SIRA
45903,807.111,309.799576,189.3141233,1.636431401,0.791564362,46388,241.755072,0.75,0.98954471,0.885491509,0.780359596,0.006749005,0.001543827,0.608961099,0.996523064,SIRA,SIRA
35246,683.282,240.0903587,186.9855135,1.284005131,0.627256068,35599,211.8409804,0.781282557,0.990083991,0.948679991,0.882338556,0.006811847,0.002546746,0.778521327,0.999625379,SEKER,SEKER
33468,683.722,255.9969811,166.8002313,1.534751955,0.758587581,33849,206.4286344,0.706075949,0.988744128,0.899664359,0.806371362,0.007649007,0.001994919,0.650234774,0.99794909,DERMASON,DERMASON
48429,864.145,355.5471431,173.8198922,2.045491679,0.872351037,48948,248.3177761,0.675382813,0.989396911,0.814970939,0.69841027,0.007341616,0.001077492,0.487776905,0.9977436,HOROZ,HOROZ
24469,578.395,217.5726729,143.4460593,1.516756013,0.751878388,24762,176.5075024,0.706665511,0.988167353,0.919130177,0.811257683,0.008891768,0.002375763,0.658139028,0.998236327,DERMASON,DERMASON
49925,895.969,354.3854292,180.0151337,1.968642424,0.861378144,50708,252.1239462,0.61960906,0.98455865,0.781523372,0.711439934,0.007098356,0.001121736,0.506146779,0.996422023,HOROZ,HOROZ
45838,806.261,291.871612,201.4447398,1.448891702,0.723635149,46355,241.5838452,0.696732026,0.988846942,0.886103024,0.827705865,0.00636746,0.001843529,0.685096999,0.992631358,SIRA,SIRA
45357,776.822,273.0395633,211.9180462,1.288420539,0.630555577,45741,240.3129752,0.75568551,0.991604906,0.944519988,0.880139758,0.006019789,0.002228269,0.774645994,0.998069808,SEKER,SEKER
46397,809.254,304.1119956,195.0191384,1.559395648,0.767311907,46873,243.0524535,0.744950387,0.9898449,0.890287047,0.799220212,0.006554562,0.00164964,0.638752947,0.996068565,SIRA,SIRA
68292,1035.332,402.7115718,218.4844239,1.843204951,0.840034319,69606,294.8763724,0.80004686,0.981122317,0.800608913,0.732227214,0.005896907,0.001045653,0.536156693,0.988246672,CALI,CALI
28892,623.771,226.5833689,162.6860396,1.392764674,0.696046832,29215,191.7979065,0.754045307,0.988944036,0.933119167,0.846478307,0.007842426,0.002483668,0.716525524,0.997951438,DERMASON,DERMASON
39504,725.338,243.6988427,206.7136807,1.178919759,0.529621399,39885,224.2722787,0.767813411,0.990447537,0.943561204,0.920284545,0.006168966,0.002729485,0.846923644,0.998455019,SEKER,SEKER
37671,721.516,276.4940779,173.7695975,1.591153355,0.777829838,38013,219.0073215,0.776577542,0.991003078,0.909337457,0.792086844,0.007339706,0.001782172,0.627401568,0.99829211,DERMASON,DERMASON
41646,762.458,285.6281087,186.1054363,1.534764993,0.758592335,42074,230.2723042,0.811243572,0.989827447,0.900225494,0.806196229,0.006858476,0.001787189,0.64995236,0.99752413,SIRA,SIRA
73078,1039.637,407.675898,231.4350613,1.761513125,0.82323982,74426,305.0340956,0.689909747,0.98188805,0.849636307,0.748226954,0.005578641,0.001078553,0.559843575,0.986171806,CALI,CALI
28584,625.161,232.7674861,156.5727079,1.486641505,0.739954318,28869,190.772847,0.752626451,0.990127819,0.919071106,0.819585459,0.008143279,0.002266502,0.671720325,0.998607315,DERMASON,DERMASON
40586,754.38,288.2094559,180.1851852,1.59951805,0.780473937,41079,227.3228985,0.786367511,0.987998734,0.896201741,0.788741985,0.007101204,0.00169532,0.622113919,0.995082443,SIRA,SIRA
31918,661.896,241.8120563,168.5512179,1.434650306,0.717038104,32297,201.5918148,0.761148471,0.988265164,0.915516174,0.83367148,0.00757604,0.002257365,0.695008136,0.997093635,DERMASON,DERMASON
28443,633.041,239.4586552,151.6301451,1.579228557,0.773971392,28840,190.3017403,0.762792319,0.986234397,0.891911139,0.794716483,0.008418896,0.002071494,0.631574289,0.997400153,DERMASON,DERMASON
37553,702.511,241.5599608,198.0492209,1.219696598,0.572541091,37880,218.6640451,0.778203747,0.991367476,0.956198908,0.905216429,0.006432508,0.002664218,0.819416783,0.999439862,SEKER,SEKER
43918,824.223,340.089725,164.974604,2.06146714,0.87446345,44470,236.4701553,0.693412909,0.987587137,0.81238699,0.695316965,0.007743743,0.001116508,0.483465681,0.996648615,HOROZ,HOROZ
63169,970.643,365.6305243,222.0500065,1.646613436,0.794467186,63951,283.6005444,0.720811082,0.987771888,0.842548311,0.775647889,0.005788132,0.00129234,0.601629648,0.990651462,CALI,CALI
30155,645.525,241.4759633,159.4125479,1.514786423,0.751125821,30503,195.9452436,0.698614586,0.988591286,0.909375112,0.811448232,0.008007825,0.002141596,0.658448234,0.997408445,DERMASON,DERMASON
76030,1058.572,412.8819876,236.7943681,1.743630944,0.819194457,77182,311.1340589,0.767979798,0.98507424,0.852617122,0.753566559,0.005430514,0.001080207,0.56786256,0.990142731,CALI,CALI
35320,693.884,257.0634918,175.4273827,1.465355567,0.730952609,35700,212.063247,0.807886731,0.989355742,0.921842681,0.824945018,0.007278128,0.002079215,0.680534283,0.997224701,DERMASON,DERMASON
38653,713.967,250.1955429,196.9725114,1.270205376,0.616602981,38972,221.8434766,0.772303143,0.991814636,0.952876887,0.88668037,0.006472862,0.002467996,0.786202079,0.998638107,SEKER,SEKER
32799,653.729,219.9055494,190.1123396,1.156713709,0.502601593,33087,204.3550436,0.746177996,0.991295675,0.964439446,0.929285523,0.006704642,0.003084267,0.863571584,0.998905089,SEKER,SEKER
59911,973.464,400.6249981,190.8467858,2.099196989,0.879243489,60520,276.1902503,0.758684007,0.989937211,0.794468426,0.689398444,0.006687002,0.000931735,0.475270215,0.997685803,HOROZ,HOROZ
33785,688.946,263.5970701,163.4553003,1.612655384,0.784526505,34226,207.4039489,0.780903291,0.987115059,0.894465144,0.786821905,0.007802192,0.0018446,0.61908871,0.998376742,DERMASON,DERMASON
25726,594.314,214.3770492,153.0590422,1.400616691,0.700175053,26034,180.9844207,0.725391231,0.988169317,0.915272065,0.844234126,0.008333089,0.002611184,0.712731259,0.998263298,DERMASON,DERMASON
45104,793.366,304.7796622,189.1736986,1.61111013,0.784056046,45585,239.6418086,0.78567447,0.989448283,0.900487634,0.786278871,0.006757265,0.001593152,0.618234463,0.996043805,SIRA,SIRA
34441,675.683,228.6978291,191.9152031,1.191660824,0.543876991,34826,209.4078393,0.790874437,0.988945041,0.947980998,0.915652939,0.006640278,0.002879318,0.838420304,0.999112631,SEKER,SEKER
26499,602.783,227.5733876,148.3837847,1.533680975,0.758196535,26808,183.6833544,0.748728526,0.98847359,0.916468111,0.807138991,0.008587999,0.002248356,0.651473351,0.999152284,DERMASON,DERMASON
54313,926.338,366.7744394,190.7502467,1.922799292,0.854120547,55100,262.9704535,0.627431727,0.985716878,0.795380054,0.716981407,0.006752977,0.001100795,0.514062337,0.988438699,HOROZ,HOROZ
28487,628.227,216.449322,168.4747024,1.284758595,0.62782275,28868,190.4488774,0.762336759,0.986801995,0.907033619,0.87987745,0.007598179,0.00280917,0.774184327,0.994639968,DERMASON,DERMASON
45886,784.353,272.1067918,215.2976279,1.263863399,0.611525468,46375,241.7103013,0.761075451,0.989455526,0.937274801,0.888292055,0.005930061,0.002277519,0.789062775,0.997267561,SEKER,SEKER
44800,806.03,307.4942738,186.8703706,1.645495072,0.794151495,45450,238.8328529,0.685099095,0.98569857,0.866533716,0.776706668,0.006863711,0.001540873,0.603273248,0.992683157,SIRA,SIRA
59965,967.751,403.7273914,190.3505311,2.120968032,0.881875244,60695,276.3146925,0.750763722,0.98797265,0.804600771,0.68440908,0.006732717,0.000911241,0.468415789,0.993494914,HOROZ,HOROZ
37927,697.748,233.2598714,207.1627477,1.125974018,0.459611724,38208,219.7502132,0.791845001,0.992645519,0.978951452,0.942083231,0.006150233,0.002988329,0.887520813,0.999325377,SEKER,SEKER
48452,876.448,362.6321293,170.9250073,2.121586156,0.881948671,49090,248.3767349,0.609758246,0.987003463,0.792627733,0.684927547,0.007484358,0.001016045,0.469125745,0.995290686,HOROZ,HOROZ
67012,1010.404,382.8597507,224.0108652,1.709112415,0.810961859,68008,292.0998603,0.807801726,0.985354664,0.82484497,0.762942199,0.005713301,0.00119408,0.5820808,0.994841521,BARBUNYA,CALI
45811,806.739,305.8834639,191.5461459,1.596917873,0.779657422,46348,241.5126845,0.776510272,0.98841374,0.884531963,0.789557832,0.006677075,0.00160067,0.62340157,0.995521109,SIRA,SIRA
44094,790.815,300.9702357,187.1172171,1.608458272,0.78324485,44664,236.9435048,0.69389104,0.987238044,0.886011921,0.787265572,0.006825651,0.001617368,0.619787081,0.996901658,SIRA,SIRA
45778,806.543,305.6474709,191.1623732,1.598889289,0.780276935,46273,241.4256819,0.696900499,0.989302617,0.884324437,0.789882806,0.006676733,0.001603225,0.623914847,0.997570766,SIRA,SIRA
60516,970.091,391.9072583,199.3084753,1.966335138,0.861026373,61355,277.5812751,0.760757791,0.986325483,0.808081431,0.708283068,0.006476093,0.001005357,0.501664904,0.986441328,HOROZ,HOROZ
28929,637.003,245.240063,150.8091116,1.626162109,0.788570125,29192,191.9206784,0.8120649,0.990990682,0.895901637,0.782582895,0.008477309,0.001961368,0.612435987,0.995920196,DERMASON,DERMASON
39108,717.398,256.096468,194.8200229,1.314528477,0.649069574,39413,223.145361,0.787721312,0.992261437,0.954893962,0.871333223,0.006548442,0.002328385,0.759221586,0.998018395,SEKER,SEKER
55749,926.981,376.674388,188.7362803,1.995770964,0.865412837,56278,266.4241569,0.703421909,0.990600235,0.815277169,0.707306271,0.006756612,0.001043131,0.500282161,0.998448612,HOROZ,HOROZ
40351,798.577,323.546597,159.4025185,2.029745829,0.870214792,40826,226.6638235,0.675998057,0.988365257,0.795116142,0.70056006,0.008018304,0.001191362,0.490784398,0.996167584,HOROZ,HOROZ
44843,793.092,304.8175122,187.7404568,1.62361122,0.787815745,45278,238.9474438,0.797747812,0.990392685,0.895895562,0.783903267,0.006797438,0.001583343,0.614504333,0.99771613,SIRA,SIRA
35106,688.658,231.1126201,193.5514908,1.194062723,0.54647266,35503,211.419837,0.787430186,0.988817846,0.930216457,0.914791398,0.00658328,0.002843874,0.836843303,0.999243393,SEKER,SEKER
36620,688.188,236.195854,197.7146381,1.19463008,0.547081714,36899,215.9306188,0.788697207,0.992438819,0.971659303,0.914201563,0.006449914,0.002779083,0.835764497,0.998429408,SEKER,SEKER
36100,681.59,236.7518485,194.3442126,1.218208895,0.571104629,36350,214.3920417,0.769952651,0.993122421,0.976496399,0.905555936,0.006558223,0.002720364,0.820031553,0.998969732,SEKER,SEKER
60155,959.281,352.8874658,217.4922322,1.622529054,0.787494419,61020,276.7520999,0.681967622,0.98582432,0.821466599,0.784250297,0.005866303,0.001368873,0.615048529,0.997934108,BARBUNYA,SIRA
46625,785.298,281.1157886,211.6732848,1.328064564,0.65804862,46992,243.648915,0.735874369,0.99219016,0.950079016,0.866720849,0.006029293,0.002098762,0.75120503,0.997648781,SEKER,SEKER
45509,819.252,311.0072436,186.6720588,1.666062107,0.799836663,46000,240.7153058,0.698676615,0.989326087,0.852063842,0.773986171,0.006833972,0.001512815,0.599054594,0.998062158,SIRA,SIRA
29062,628.652,230.6889519,160.5762633,1.436631711,0.717971383,29423,192.3613466,0.734649511,0.987730687,0.92409104,0.833855913,0.007937821,0.002367255,0.695315683,0.99891256,DERMASON,DERMASON
50167,873.825,309.8928256,206.7723679,1.498714885,0.744844297,50937,252.7342641,0.794598875,0.984883287,0.82561783,0.815553776,0.006177225,0.001685713,0.665127961,0.996837177,BARBUNYA,SIRA
35051,700.244,257.7812882,173.8031485,1.483179623,0.738524016,35526,211.254158,0.782388393,0.986629511,0.898279491,0.81950928,0.007354463,0.002046191,0.671595461,0.996096702,DERMASON,DERMASON
27815,625.665,235.4277129,150.6423758,1.562825278,0.76848584,28153,188.1891547,0.743279354,0.987994175,0.8929049,0.799350053,0.008464056,0.002131603,0.638960507,0.998583632,DERMASON,DERMASON
40994,759.102,278.0092853,188.7303824,1.473049976,0.734264408,41557,228.4626488,0.79427265,0.986452343,0.893984295,0.821780641,0.006781707,0.001907842,0.675323422,0.994785151,SIRA,SIRA
45921,821.571,309.2877169,190.456676,1.623926887,0.78790933,46450,241.8024672,0.665232508,0.98861141,0.85493087,0.781804301,0.006735213,0.001552113,0.611217964,0.992573286,SIRA,SIRA
37322,695.359,240.9624354,197.3288105,1.221121411,0.573908559,37630,217.9904729,0.772712215,0.991815041,0.969966226,0.904665794,0.006456311,0.002667576,0.818420199,0.999390428,SEKER,SEKER
47273,817.055,306.0334048,197.0364124,1.553181978,0.765160521,47838,245.336204,0.714395817,0.988189306,0.889857457,0.801664786,0.006473746,0.001649327,0.642666429,0.998177916,SIRA,SIRA
29118,634.887,244.7380163,151.9323565,1.610835388,0.783972228,29411,192.5465893,0.73530303,0.990037741,0.907775666,0.78674573,0.008405042,0.001986357,0.618968844,0.997056917,DERMASON,DERMASON
33518,676.825,249.6162305,171.2239019,1.457835195,0.727650004,33885,206.5827753,0.746370357,0.989169249,0.919464946,0.827601534,0.007447229,0.002155061,0.6849243,0.99850675,DERMASON,DERMASON
43479,750.885,256.2117977,216.2330279,1.184887434,0.536402925,43875,235.2853208,0.792486877,0.990974359,0.969041895,0.918323523,0.005892771,0.002585129,0.843318094,0.999237012,SEKER,SEKER
32221,667.427,248.5096472,166.2182438,1.495080453,0.743388097,32581,202.5464178,0.827091408,0.988950615,0.908952808,0.815044487,0.007712661,0.002099468,0.664297515,0.99317823,DERMASON,DERMASON
42030,745.326,256.8478441,208.924403,1.22938173,0.581680997,42433,231.3314896,0.778765981,0.990502675,0.950772718,0.900655758,0.00611106,0.002480457,0.811180794,0.997250847,SEKER,SEKER
27475,629.537,235.8705626,148.9636302,1.583410408,0.775336614,27891,187.0354418,0.680208952,0.985084794,0.871174279,0.792957967,0.008584916,0.00209371,0.628782338,0.995620498,DERMASON,DERMASON
41239,815.069,336.2166192,157.1966026,2.138828788,0.883968951,41825,229.1443335,0.619874339,0.985989241,0.780062209,0.681537796,0.00815288,0.001085052,0.464493767,0.993472641,HOROZ,HOROZ
41225,754.38,284.4059467,185.751762,1.531107666,0.757252758,41661,229.1054347,0.805931342,0.989534577,0.910311851,0.805557821,0.006898871,0.001792027,0.648923403,0.993571597,SIRA,SIRA
41855,759.913,283.9315433,188.2667882,1.508133995,0.748556461,42237,230.8493906,0.81240295,0.990955797,0.910813506,0.813045947,0.006783695,0.001828548,0.661043712,0.996942495,DERMASON,SIRA
54136,892.691,337.7261379,204.8845378,1.648372988,0.794962317,54637,262.5416081,0.671870928,0.99083039,0.853677264,0.777380187,0.006238476,0.001405375,0.604319955,0.996144689,SEKER,SIRA
46411,807.342,307.584525,192.4194619,1.598510473,0.780158109,46925,243.0891205,0.793350427,0.989046351,0.894778825,0.790316484,0.006627406,0.001594878,0.624600146,0.998429874,SIRA,SIRA
34192,682.345,244.6212611,179.0717036,1.366052012,0.681265361,34637,208.6494824,0.707206089,0.987152467,0.922839854,0.852949092,0.007154342,0.002335834,0.727522153,0.993833101,DERMASON,DERMASON
73240,1042.358,404.7690061,232.4106421,1.741611324,0.818728445,74073,305.3720096,0.709634912,0.988754337,0.84707993,0.754435258,0.005526611,0.0011044,0.569172559,0.991277374,CALI,CALI
46393,801.902,305.6476115,194.0311022,1.575250607,0.772660367,46787,243.0419762,0.797459433,0.991578857,0.906608377,0.79517054,0.006588227,0.001624761,0.632296187,0.996024953,SIRA,SIRA
30640,655.654,243.9888038,160.5221912,1.519969307,0.75309829,31034,197.5147074,0.718237225,0.987304247,0.895672406,0.809523652,0.007963081,0.002109498,0.655328543,0.996079271,DERMASON,DERMASON
33019,655.703,224.4502114,187.5026272,1.197051022,0.549663318,33340,205.0392561,0.764328704,0.990371926,0.965071386,0.913517768,0.006797608,0.002920141,0.834514712,0.998956688,SEKER,SEKER
73874,1035.476,403.2854111,234.6111253,1.718952631,0.81336794,74671,306.6908837,0.777293771,0.989326512,0.865807621,0.760480978,0.005459098,0.0011263,0.578331317,0.99412414,CALI,CALI
51734,878.392,319.9387591,206.311128,1.550758615,0.764312792,52632,256.6510756,0.746522367,0.982938136,0.842576184,0.802188132,0.006184304,0.001579703,0.643505799,0.997922163,BARBUNYA,SIRA
29923,633.899,229.5402992,166.3706019,1.379692665,0.688960279,30216,195.1900277,0.820595091,0.990303151,0.935782379,0.850351892,0.007671032,0.002474163,0.72309834,0.997653476,DERMASON,DERMASON
44371,787.146,296.3200136,191.1799334,1.549953535,0.764030074,44868,237.6865832,0.777293112,0.988923063,0.899908792,0.802128011,0.006678236,0.001705361,0.643409346,0.997254591,SIRA,SIRA
41936,782.3,283.0023939,189.4005478,1.494200504,0.7430335,42603,231.0726586,0.748109034,0.984343826,0.861093294,0.816504254,0.006748436,0.001850191,0.666679197,0.996152392,SIRA,SIRA
25690,601.919,221.9827962,148.0800401,1.499073042,0.744987072,26058,180.8577449,0.792607676,0.985877658,0.89104136,0.814737664,0.008640825,0.002348584,0.663797462,0.99508088,DERMASON,DERMASON
34631,670.02,229.3367837,192.4014026,1.191970436,0.544213158,34953,209.9846629,0.760686201,0.990787629,0.969391848,0.915617022,0.006622297,0.002871071,0.838354531,0.999293816,SEKER,SEKER
45186,802.143,290.1222046,198.5274085,1.461371035,0.729210999,45793,239.8595465,0.714380573,0.986744699,0.882490759,0.826753495,0.006420622,0.00185038,0.683521341,0.99887829,SIRA,SIRA
32601,666.726,240.7172415,173.3194823,1.3888643,0.693960837,32973,203.7372877,0.771037321,0.988718042,0.921607505,0.846375966,0.007383738,0.002337272,0.716352275,0.994916101,DERMASON,DERMASON
46783,807.981,310.6508661,192.2887576,1.615543571,0.78540146,47287,244.0613972,0.774578628,0.98934168,0.900524712,0.785645314,0.006640251,0.001560524,0.61723856,0.997175787,SIRA,SIRA
30839,651.896,235.4711585,167.5562216,1.405326262,0.702606569,31190,198.1550764,0.792552235,0.988746393,0.911913234,0.841525891,0.007635499,0.002362039,0.708165825,0.995204032,DERMASON,DERMASON
70057,1009.313,384.7634657,233.6409592,1.646815126,0.794524037,70989,298.6625902,0.785559704,0.986871205,0.864190854,0.77622388,0.005492149,0.001229901,0.602523512,0.992244833,CALI,CALI
30136,638.327,230.3926265,167.3832636,1.376437653,0.687152604,30491,195.8835034,0.778687889,0.98835722,0.92941364,0.850216026,0.007645096,0.002464222,0.722867292,0.994981758,DERMASON,DERMASON
26251,612.657,231.5699431,144.7921865,1.599326239,0.780413869,26632,182.821802,0.685941991,0.985693902,0.878862464,0.789488478,0.008821376,0.002113972,0.623292057,0.996847342,DERMASON,DERMASON
42147,763.779,283.3826364,190.2757308,1.489326228,0.741054787,42667,231.6532475,0.705389121,0.987812595,0.907906457,0.817457451,0.006723673,0.001852025,0.668236684,0.99522242,DERMASON,SIRA
47710,826.816,313.4754762,194.8388596,1.608896074,0.783379107,48176,246.4675611,0.807275804,0.990327134,0.877003923,0.786241923,0.006570435,0.001548812,0.618176361,0.99458152,SIRA,SIRA
37838,702.47,242.0141714,199.3740179,1.213870162,0.566864078,38142,219.4922274,0.777887422,0.992029783,0.963568232,0.906939565,0.006396061,0.002669352,0.822539375,0.998456005,SEKER,SEKER
27740,628.02,226.9172302,156.0404649,1.454220419,0.726038868,28178,187.935268,0.781804859,0.984455959,0.883831288,0.828210656,0.008180145,0.002374127,0.68593289,0.997497615,DERMASON,DERMASON
31220,671.127,258.0112672,154.6042127,1.668850174,0.800588174,31589,199.3753711,0.717701149,0.988318719,0.871030456,0.772739009,0.008264294,0.001817678,0.597125577,0.996513123,DERMASON,DERMASON
49975,873.529,313.9996922,203.9382858,1.539679962,0.760373872,50699,252.250166,0.714796539,0.985719639,0.823015495,0.803345265,0.006283135,0.001614229,0.645363615,0.993653426,BARBUNYA,SIRA
51042,847.843,322.4119955,202.3656557,1.593214987,0.778486231,51578,254.9287996,0.775655345,0.989607972,0.892291322,0.790692664,0.006316602,0.00152298,0.625194889,0.996069866,SIRA,SIRA
36728,714.376,274.9892243,170.602728,1.611868858,0.784287248,37034,216.2487965,0.679971859,0.991737322,0.90438517,0.786390074,0.007487182,0.001766242,0.618409349,0.996794771,DERMASON,DERMASON
29440,645.115,245.7222954,152.7833896,1.60830504,0.783197829,29760,193.6082958,0.793787748,0.989247312,0.888941926,0.787915055,0.008346545,0.001984285,0.620810133,0.998452066,DERMASON,DERMASON
35270,692.507,253.1412461,177.9248772,1.422742283,0.71132032,35706,211.9130924,0.730984456,0.987789167,0.924202179,0.837133797,0.00717724,0.002174286,0.700792994,0.997047824,DERMASON,DERMASON
45653,777.821,266.987536,218.420544,1.222355421,0.575086426,46020,241.0958418,0.748495729,0.992025206,0.948243462,0.903022835,0.005848193,0.002398813,0.815450241,0.996770023,SEKER,SEKER
37492,701.925,242.9843493,196.9110602,1.233980199,0.585896659,37814,218.4863772,0.771440329,0.991484635,0.956240318,0.899178807,0.006480965,0.002613387,0.808522526,0.997700788,SEKER,SEKER
34412,667.199,233.9589857,187.3982909,1.248458481,0.598680683,34677,209.319658,0.787459954,0.992358047,0.971424393,0.894685269,0.006798762,0.002687143,0.80046173,0.999343236,SEKER,SEKER
28122,625.434,232.0299677,155.040053,1.496580808,0.743990873,28491,189.2248464,0.719545582,0.987048542,0.903427059,0.815518996,0.008250834,0.002251199,0.665071233,0.995332843,DERMASON,DERMASON
28117,627.741,225.9123035,158.631502,1.424132663,0.711997722,28470,189.2080238,0.769338113,0.987600983,0.896639475,0.837528638,0.008034723,0.002438649,0.70145422,0.998963866,DERMASON,DERMASON
28083,620.77,227.9197659,157.158599,1.45025323,0.724252599,28386,189.0935909,0.736796537,0.989325724,0.91578162,0.829649812,0.008115934,0.002371906,0.688318811,0.998236579,DERMASON,DERMASON
44487,782.475,299.631194,189.5121477,1.581065898,0.774572848,44833,237.9970748,0.80643524,0.992282471,0.913065729,0.794300058,0.006735253,0.001653758,0.630912583,0.997514369,SIRA,SIRA
50189,883.41,367.1287652,174.3932592,2.105177499,0.879975362,50787,252.7896745,0.642715363,0.988225333,0.808153363,0.688558616,0.007314925,0.001014269,0.474112968,0.998091952,HOROZ,HOROZ
53009,903.591,375.4326141,180.6114155,2.078675997,0.876679193,53622,259.7944476,0.763246559,0.988568125,0.815860078,0.691986892,0.007082432,0.001001737,0.478845858,0.995365391,HOROZ,HOROZ
55559,934.184,369.2990243,192.668844,1.916755281,0.853119833,56331,265.9697649,0.652009107,0.98629529,0.800017404,0.720201645,0.00664697,0.001103113,0.51869041,0.994202583,HOROZ,HOROZ
30419,655.222,247.9135627,156.7288142,1.581799517,0.774812284,30763,196.8011019,0.758673151,0.988817736,0.890385041,0.79382951,0.008149958,0.001996384,0.63016529,0.996795152,DERMASON,DERMASON
35414,697.42,258.9546893,174.6907701,1.482360454,0.738183696,35770,212.3452501,0.701267327,0.990047526,0.914947241,0.820009287,0.007312212,0.002039406,0.672415231,0.996761747,DERMASON,DERMASON
45720,811.304,301.1397475,194.6512175,1.547073537,0.763014231,46396,241.2726922,0.733503393,0.985429778,0.872868561,0.801198428,0.006586609,0.001674179,0.64191892,0.993095775,SIRA,SIRA
69135,1014.976,384.5559637,230.1083012,1.671195527,0.801216901,69901,296.6907749,0.814330137,0.989041645,0.843327544,0.77151521,0.005562392,0.00121568,0.595235718,0.99475527,CALI,CALI
25319,590.337,220.5364099,146.8189422,1.502097799,0.746187706,25664,179.5470747,0.711847728,0.986557045,0.912969786,0.814138014,0.008710313,0.002360509,0.662820705,0.995621523,DERMASON,DERMASON
80987,1094.035,425.6211603,244.0051867,1.744311939,0.819351167,81826,321.1165692,0.761356372,0.989746535,0.850281527,0.754465706,0.005255426,0.001050378,0.569218502,0.992894628,CALI,CALI
46445,803.64,303.2764856,196.0293208,1.547097568,0.763022737,46953,243.1781459,0.709571461,0.98918067,0.903703036,0.801836468,0.006529798,0.001665033,0.642941721,0.994693573,SIRA,SIRA
50456,853.739,325.7942312,198.0276559,1.645195615,0.794066834,51168,253.4611893,0.700777778,0.986085053,0.869906228,0.777979366,0.006456997,0.001459092,0.605251893,0.995757761,SIRA,SIRA
75806,1051.147,404.4348241,240.6036419,1.6809173,0.803789902,76774,310.6753884,0.742861063,0.987391565,0.86215735,0.768171705,0.005335129,0.00114593,0.590087768,0.991888738,CALI,CALI
47301,882.93,358.6190044,168.9438553,2.122711143,0.882082129,48105,245.4088501,0.727931671,0.983286561,0.762478566,0.684316356,0.007581637,0.001025582,0.468288874,0.994042012,HOROZ,HOROZ
58984,924.535,349.1392395,215.5429853,1.619812581,0.786684399,59646,274.0451811,0.684777561,0.988901184,0.867156275,0.78491659,0.005919219,0.00138592,0.616094053,0.997956898,BARBUNYA,SIRA
44436,772.915,270.33186,209.5352252,1.290149948,0.631834039,44893,237.8606155,0.783703704,0.989820239,0.934719603,0.879883768,0.006083623,0.002249279,0.774195445,0.998828213,SEKER,SEKER
38104,704.491,250.5443019,193.8348637,1.29256573,0.63360703,38377,220.2623881,0.764910168,0.992886364,0.964782759,0.879135492,0.006575276,0.002422797,0.772879213,0.998997184,SEKER,SEKER
42145,771.568,287.1095607,187.9172949,1.527850647,0.756049677,42675,231.6477512,0.716702945,0.987580551,0.889626083,0.80682702,0.006812423,0.001780751,0.65096984,0.994584691,SIRA,SIRA
43847,786.766,304.5675768,183.908874,1.656078743,0.797108561,44411,236.2789333,0.673160771,0.987300444,0.890140541,0.77578492,0.006946144,0.00155199,0.601842242,0.996698144,SIRA,SIRA
28237,615.544,221.3797909,162.7226031,1.36047351,0.678025696,28558,189.6113526,0.738550467,0.988759717,0.936505243,0.85649802,0.007840061,0.002602583,0.733588858,0.998028209,DERMASON,DERMASON
43334,751.813,263.4882989,209.768898,1.256088493,0.605135819,43677,234.8926615,0.781637807,0.992146897,0.963427372,0.891472838,0.006080406,0.002368889,0.79472382,0.998243445,SEKER,SEKER
73222,1061.6,402.9536876,232.4006331,1.733875172,0.816925796,74190,305.3344821,0.696053082,0.986952419,0.816450072,0.757740881,0.005503178,0.001119119,0.574171242,0.995541261,BARBUNYA,CALI
32780,663.22,240.4066233,173.8647827,1.382721788,0.690626845,33109,204.295845,0.750440695,0.990063125,0.93649095,0.849792914,0.007333942,0.002359227,0.722147997,0.998529769,DERMASON,DERMASON
27077,618.338,225.0890419,153.539085,1.466004841,0.731234666,27539,185.675812,0.755496652,0.983223792,0.889935508,0.824899384,0.008312924,0.00237431,0.680458993,0.997556178,DERMASON,DERMASON
29819,659.388,251.4298096,151.7986598,1.65633748,0.797180007,30224,194.8505324,0.789865438,0.986600053,0.861828517,0.774969892,0.008431866,0.001876043,0.600578334,0.994760404,DERMASON,DERMASON
43537,787.024,301.8650033,183.9405001,1.641101352,0.792903759,43936,235.4422011,0.736068844,0.990918609,0.883267827,0.779958586,0.006933528,0.001582779,0.608335396,0.99834004,SIRA,SIRA
31751,661.724,247.7817013,163.8593816,1.512160604,0.750116754,32145,201.0637431,0.731724742,0.987743039,0.911199556,0.811455172,0.007803902,0.002087131,0.658459496,0.995696509,DERMASON,DERMASON
48212,818.737,301.8526946,204.513536,1.475954602,0.735497337,48763,247.760822,0.788666961,0.988700449,0.903807992,0.820800432,0.006260945,0.001752952,0.673713349,0.994370317,SIRA,SIRA
70583,1033.049,403.1133886,224.2776295,1.797385631,0.830938931,71255,299.7816986,0.769129345,0.990569083,0.831128422,0.743665944,0.005711197,0.001077503,0.553039036,0.994024416,CALI,CALI
58225,950.191,390.115627,190.8250632,2.044362624,0.872199671,58981,272.2762797,0.786824324,0.987182313,0.810396462,0.697937383,0.00670014,0.000980685,0.48711659,0.995842951,HOROZ,HOROZ
33657,687.144,260.1653166,165.5826681,1.571211043,0.771316527,34070,207.0106842,0.765941468,0.987877898,0.895756049,0.795689014,0.007729902,0.001911293,0.633121006,0.994766716,DERMASON,DERMASON
48054,832.676,317.0237722,193.5884903,1.637616842,0.791905661,48596,247.3545089,0.69142446,0.988846819,0.870938148,0.780239624,0.00659724,0.001508183,0.608773871,0.996938345,SIRA,SIRA
32925,656.646,225.1281702,186.4615283,1.207370616,0.560364527,33252,204.7471905,0.768683025,0.990166005,0.959562001,0.909469438,0.006837606,0.002885601,0.827134659,0.998658083,SEKER,SEKER
47705,824.388,311.9041796,195.5944153,1.594647675,0.778940555,48235,246.4546459,0.795799553,0.989012128,0.882085009,0.790161409,0.006538186,0.001572173,0.624355052,0.995626332,SIRA,SIRA
31080,655.899,241.5093017,164.6145312,1.467120186,0.731718067,31500,198.9278388,0.787413544,0.986666667,0.907855934,0.823686034,0.00777057,0.002206375,0.678458682,0.995380428,DERMASON,DERMASON
38148,700.346,240.6779695,202.0961522,1.190908223,0.543057876,38456,220.3895237,0.774295689,0.991990847,0.977363988,0.915702937,0.006309059,0.002736294,0.83851187,0.998590681,SEKER,SEKER
55474,927.591,381.2375019,186.0637386,2.04896185,0.872814534,56164,265.7662328,0.720067497,0.98771455,0.810188909,0.697114611,0.006872364,0.001001158,0.485968781,0.995731492,HOROZ,HOROZ
47056,803.179,298.078954,201.613242,1.478469127,0.736557162,47605,244.7724658,0.706122449,0.988467598,0.916642906,0.821166548,0.006334558,0.001776728,0.6743145,0.996953171,SIRA,SIRA
34623,675.213,228.1943707,193.5033005,1.179278959,0.53003497,34965,209.9604076,0.759576148,0.99021879,0.954317679,0.920094597,0.006590832,0.002913734,0.846574068,0.998346985,SEKER,SEKER
28881,625.016,238.0328966,154.7716816,1.537961559,0.759753415,29126,191.7613916,0.698114576,0.991588272,0.929051567,0.80560878,0.008241851,0.002141417,0.649005507,0.998145521,DERMASON,DERMASON
55798,928.865,387.4074008,183.8069017,2.107686911,0.880280422,56297,266.5412165,0.766866865,0.991136295,0.812686974,0.688012712,0.006943034,0.000959654,0.473361492,0.997697821,HOROZ,HOROZ
30120,634.91,233.6502309,164.7017924,1.418625915,0.709299276,30433,195.8314967,0.813394545,0.989715112,0.938945742,0.838139538,0.007757312,0.002361328,0.702477886,0.996553333,DERMASON,DERMASON
31953,662.338,245.4183625,166.1746785,1.47686979,0.735883875,32346,201.7023133,0.716370729,0.987850121,0.915297253,0.821871319,0.007680605,0.002161675,0.675472465,0.997584877,DERMASON,DERMASON
83546,1120.191,438.0143099,244.91133,1.788460787,0.82907324,84546,326.150381,0.789473187,0.988172119,0.836664549,0.744611246,0.005242792,0.00099417,0.554445907,0.991604764,CALI,CALI
39285,727.629,245.869882,203.6568336,1.207275384,0.560267949,39709,223.6497608,0.755771451,0.98932232,0.932430824,0.909626502,0.00625862,0.002643083,0.827420374,0.99892425,SEKER,SEKER
47114,818.382,315.0707499,190.7427445,1.65180988,0.795924003,47544,244.9232694,0.777612729,0.990955746,0.883990717,0.777359591,0.006687412,0.001506349,0.604287934,0.99816878,SIRA,SIRA
34653,697.633,258.9204543,170.6879204,1.516923129,0.751942072,35094,210.0513507,0.747863432,0.987433749,0.894739625,0.811258235,0.007471805,0.001996373,0.658139924,0.998347673,DERMASON,DERMASON
27560,616.807,232.9078308,150.9626635,1.542817445,0.761500072,27868,187.3245362,0.797038579,0.988947897,0.910312465,0.804286123,0.008450937,0.002181358,0.646876167,0.998011836,DERMASON,DERMASON
47077,815.953,308.3538348,195.2793366,1.57903975,0.77390944,47670,244.8270778,0.748334896,0.98756031,0.888563269,0.793980973,0.006549989,0.001605686,0.630405786,0.995435794,SIRA,SIRA
33835,676.56,246.3710243,175.5086285,1.403754484,0.701798728,34242,207.5573656,0.79368989,0.988114012,0.928888122,0.842458508,0.007281543,0.002262545,0.709736338,0.996295567,DERMASON,DERMASON
46151,786.415,274.7575357,214.4113065,1.281450779,0.625323644,46749,242.407257,0.730468503,0.987208283,0.937750712,0.882258812,0.005953447,0.002225012,0.778380611,0.99745644,SEKER,SEKER
25623,586.152,212.7174707,153.8165733,1.382929461,0.690740554,25883,180.6217508,0.721733987,0.989954797,0.937172073,0.849115732,0.008301818,0.002662076,0.720997526,0.997088719,DERMASON,DERMASON
50253,872.982,354.0748474,181.3556334,1.952378543,0.858868738,50859,252.9507993,0.641604106,0.988084705,0.828631196,0.714399233,0.007045845,0.001132079,0.510366264,0.996428142,HOROZ,HOROZ
33338,670.674,244.7223855,173.8789605,1.40742954,0.703681911,33679,206.0273281,0.719732297,0.989874996,0.931379051,0.841881824,0.007340644,0.00227467,0.708765005,0.997536805,DERMASON,DERMASON
46563,852.78,352.41319,168.93977,2.086028588,0.877607539,47203,243.486864,0.690927707,0.98644154,0.804594028,0.690913027,0.007568524,0.00106386,0.477360811,0.995788299,HOROZ,HOROZ
69034,990.33,386.0383345,229.1118279,1.684934113,0.804837664,69937,296.4739765,0.761544402,0.98708838,0.884530946,0.767991026,0.005592003,0.001199974,0.589810216,0.993791352,CALI,CALI
43461,791.981,292.4053984,190.7683132,1.532777606,0.757865894,44072,235.2366125,0.697899605,0.986136322,0.870723074,0.804487926,0.006727995,0.001738375,0.647200823,0.992014928,SIRA,SIRA
44697,791.572,302.6031455,188.521111,1.605141959,0.782223543,45147,238.5581437,0.800505051,0.99003256,0.896411443,0.788353153,0.0067701,0.001613088,0.621500693,0.997596841,SIRA,SIRA
48563,875.414,352.9331426,176.5345295,1.999230086,0.865914205,49298,248.6610786,0.680497169,0.985090673,0.796321417,0.70455576,0.007267532,0.001104659,0.496398819,0.992415454,HOROZ,HOROZ
27460,619.329,235.5165158,148.8726706,1.581999671,0.774877538,27790,186.9843788,0.780490578,0.988125225,0.89963753,0.79393319,0.008576712,0.002102018,0.630329911,0.997181711,DERMASON,DERMASON
29850,632.695,225.9155814,168.5936421,1.340000599,0.665645243,30231,194.95179,0.747801689,0.987397043,0.937055674,0.862940877,0.007568361,0.002588843,0.744666957,0.997854169,DERMASON,DERMASON
53749,877.19,340.096155,202.3696457,1.68056901,0.803698634,54241,261.6015143,0.82179989,0.990929371,0.877794607,0.769198682,0.006327488,0.00136636,0.591666613,0.994336574,SIRA,SIRA
37068,704.024,245.3649806,192.5270994,1.274443865,0.619931442,37452,217.2474245,0.80952173,0.989746876,0.939797076,0.885405179,0.006619321,0.002509351,0.78394233,0.999090493,SEKER,SEKER
28696,622.245,227.220193,161.4139868,1.407685898,0.703812538,29034,191.1462319,0.711529879,0.988358476,0.931340302,0.841237873,0.007918183,0.002446136,0.707681159,0.996192788,DERMASON,DERMASON
53931,915.794,364.5795437,189.2970041,1.925965735,0.854640599,54651,262.0440457,0.647399885,0.986825493,0.808077007,0.718756854,0.006760111,0.001112914,0.516611415,0.994975883,HOROZ,HOROZ
32398,685.704,257.9887038,160.1744636,1.610673125,0.783922701,32811,203.1019812,0.751014164,0.987412758,0.865874,0.78725145,0.007963106,0.001886758,0.619764846,0.998238581,DERMASON,DERMASON
38792,718.64,242.7816822,203.6017906,1.192433925,0.544715524,39186,222.2420042,0.760985562,0.989945389,0.943907119,0.915398568,0.00625855,0.002710781,0.837954538,0.999205418,SEKER,SEKER
30440,658.449,257.7675096,151.2674167,1.704051773,0.80970536,30730,196.8690218,0.71475533,0.990562968,0.882287705,0.763746456,0.008468052,0.001777297,0.583308648,0.993988137,DERMASON,DERMASON
48061,824.999,310.0902276,198.9742535,1.55844398,0.766984464,48721,247.3725243,0.768680827,0.98645348,0.887351776,0.797743696,0.006452014,0.001611865,0.636395005,0.991785964,SIRA,SIRA
43395,769.0,284.9580296,194.5261114,1.464883185,0.730747092,43780,235.0579291,0.816370683,0.99120603,0.922140034,0.82488614,0.00656661,0.001875413,0.680437144,0.99676093,SIRA,SIRA
52105,863.127,333.8300125,199.4021853,1.674154233,0.802005587,52617,257.5696925,0.734328316,0.990269305,0.8789008,0.771559425,0.006406871,0.001400565,0.595303946,0.996630621,SIRA,SIRA
46053,798.158,301.2435026,195.9604243,1.537267046,0.759501916,46641,242.1497486,0.727604512,0.987393066,0.908427031,0.80383393,0.006541235,0.001684631,0.646148987,0.993303545,SIRA,SIRA
34787,690.348,258.6507219,171.4995535,1.508171402,0.748571028,35201,210.4570836,0.715119745,0.98823897,0.917256291,0.813672902,0.00743527,0.00201037,0.662063592,0.998505376,DERMASON,DERMASON
29709,639.255,236.9278062,160.1194655,1.479693961,0.737070902,30013,194.490806,0.738625628,0.989871056,0.91358641,0.820886367,0.007974951,0.002233778,0.673854427,0.997098327,DERMASON,DERMASON
52233,863.826,330.2349581,202.3343202,1.632125275,0.790317075,52819,257.8858684,0.784632717,0.988905507,0.879634574,0.780916321,0.006322343,0.00145036,0.6098303,0.995319446,SIRA,SIRA
31114,648.77,235.840739,168.7334929,1.397711473,0.69865857,31395,199.0366177,0.790940058,0.99104953,0.928932575,0.843945022,0.007579891,0.002371916,0.712243201,0.995510493,DERMASON,DERMASON
42033,746.014,263.0004945,203.8110672,1.290413215,0.632027981,42415,231.3397454,0.758170996,0.990993752,0.949087594,0.87961715,0.006257,0.002310578,0.77372633,0.998426682,SEKER,SEKER
49265,845.236,324.3748562,194.3624803,1.668917045,0.800606144,49881,250.4518839,0.73245614,0.987650608,0.866547511,0.772106343,0.006584286,0.001443434,0.596148205,0.9949219,SIRA,SIRA
27355,611.896,227.6450698,153.5212727,1.482824274,0.738376477,27659,186.6265462,0.735092575,0.989009002,0.918102891,0.819813696,0.008321882,0.002318793,0.672094497,0.996598035,DERMASON,DERMASON
38830,724.363,253.4957437,195.3429245,1.297696061,0.637323375,39225,222.3508298,0.761193445,0.989929892,0.929961003,0.877138316,0.006528348,0.002383721,0.769371626,0.998410529,SEKER,SEKER
63300,1005.304,417.1709039,193.8576201,2.151944833,0.885470324,63872,283.8944578,0.764825286,0.991044589,0.787079775,0.68052315,0.006590378,0.00087189,0.463111758,0.996590955,HOROZ,HOROZ
69966,1017.515,390.8109652,230.5279676,1.69528656,0.807497657,70935,298.4685544,0.709882305,0.986339607,0.849210332,0.763715916,0.005585727,0.00117216,0.583262001,0.988796231,CALI,CALI
52652,870.84,337.2729061,199.6235398,1.689544762,0.806029465,53257,258.9181502,0.79693649,0.988639991,0.872464969,0.76768144,0.0064057,0.001372368,0.589334793,0.995707513,SIRA,SIRA
33958,677.104,253.6889476,171.0459697,1.48316238,0.738516861,34241,207.9342888,0.8232442,0.991735054,0.930767497,0.81964268,0.007470668,0.002079876,0.671814122,0.996409432,DERMASON,DERMASON
25223,574.473,205.4197059,156.4538279,1.312973346,0.648012048,25498,179.2063644,0.775972927,0.98921484,0.960433633,0.872391301,0.008144142,0.002909849,0.761066581,0.999260135,DERMASON,DERMASON
52113,875.592,335.6408393,198.6782871,1.689368497,0.805984114,52662,257.5894648,0.657693473,0.989575026,0.854185843,0.767455669,0.006440636,0.00137823,0.588988204,0.995018116,SIRA,SIRA
30612,655.257,242.0551187,161.4282251,1.499459704,0.745141065,31013,197.4244386,0.723824837,0.987069938,0.895938564,0.815617698,0.007907197,0.002158484,0.665232229,0.997488921,DERMASON,DERMASON
42140,779.769,289.6573573,187.096078,1.548174394,0.763403358,42663,231.6340096,0.758131836,0.987741134,0.870908369,0.799682811,0.006873691,0.001733967,0.639492598,0.990046065,SIRA,SIRA
34990,700.748,257.018073,174.0215042,1.476932832,0.735910467,35507,211.0702529,0.768335529,0.985439491,0.895426767,0.82122728,0.007345472,0.002060881,0.674414245,0.996064541,SIRA,DERMASON
32213,658.216,221.4811143,185.2954324,1.195286422,0.547784367,32585,202.5212716,0.762907351,0.988583704,0.934338332,0.914395217,0.00687552,0.002964975,0.836118613,0.999401225,SEKER,SEKER
70938,1026.906,403.3067677,226.2540259,1.78253963,0.8278176,72261,300.534635,0.792638777,0.981691369,0.845332218,0.745176275,0.005685342,0.001081365,0.555287681,0.989822298,CALI,CALI
26611,596.977,215.0029413,157.9478445,1.361227448,0.678466775,26920,184.0711208,0.746661055,0.988521545,0.938330559,0.856133036,0.008079476,0.002677491,0.732963775,0.997730409,DERMASON,DERMASON
52303,851.191,319.5957116,208.929805,1.529679844,0.756726529,52806,258.0586133,0.817745466,0.990474567,0.90715692,0.807453304,0.006110466,0.001602226,0.651980838,0.997321947,SIRA,SIRA
32581,649.583,224.4241779,184.9234713,1.213605695,0.566603091,32851,203.6747839,0.772061611,0.991781072,0.970297635,0.907543857,0.006888192,0.002882408,0.823635852,0.99956916,SEKER,SEKER
29352,627.001,223.4084564,167.9127984,1.330502847,0.65962425,29630,193.318719,0.71672405,0.990617617,0.938233846,0.865315137,0.007611354,0.002632321,0.748770286,0.996240998,DERMASON,DERMASON
45478,838.042,331.8432701,176.2767668,1.882512801,0.847243394,46206,240.6333061,0.608010909,0.98424447,0.813728734,0.725141438,0.007296787,0.001244521,0.525830105,0.989881905,HOROZ,HOROZ
51054,899.018,352.7020002,186.3083671,1.893108752,0.849100289,51971,254.9587647,0.678224135,0.982355544,0.793784956,0.722873033,0.006908411,0.001163606,0.522545422,0.989235312,HOROZ,HOROZ
72106,1055.7,414.8341238,224.0614333,1.851430287,0.841586117,73111,302.9986974,0.810963403,0.986253779,0.81301812,0.730409289,0.005753115,0.001010062,0.533497729,0.987733854,CALI,CALI
32034,671.505,256.5395092,159.6311076,1.607077173,0.78282045,32454,201.9578064,0.759549496,0.987058606,0.892734942,0.787238609,0.008008351,0.001897354,0.619744628,0.995977445,DERMASON,DERMASON
34159,683.831,254.3755058,171.4143313,1.483980388,0.738855995,34509,208.5487703,0.748903797,0.989857718,0.917946654,0.819846116,0.007446808,0.002075292,0.672147654,0.997453935,DERMASON,DERMASON
39803,727.139,252.3173029,201.6824304,1.251062387,0.600904734,40242,225.1194208,0.79115484,0.989090999,0.945999253,0.892207622,0.006339153,0.002477848,0.79603444,0.995888747,SEKER,SEKER
73281,1031.646,395.5497803,238.017104,1.661854437,0.798693983,74217,305.4574718,0.805055698,0.987388334,0.865246505,0.772235221,0.005397713,0.001184099,0.596347236,0.9910423,CALI,CALI
44487,761.329,264.0926898,214.979129,1.228457344,0.58082412,44806,237.9970748,0.783263201,0.992880418,0.96449113,0.901187666,0.005936401,0.002415261,0.81213921,0.997678377,SEKER,SEKER
25437,590.775,213.6737645,152.4394973,1.401695546,0.70073497,25852,179.9649808,0.702330333,0.983947083,0.915865155,0.842241822,0.008400117,0.002607428,0.709371287,0.994322574,DERMASON,DERMASON
33752,685.368,258.8430705,166.3398928,1.556109399,0.766178058,34150,207.3026317,0.759137221,0.988345534,0.902945899,0.80088152,0.00766897,0.001946211,0.641411209,0.99810601,DERMASON,DERMASON
39377,777.438,312.4027624,161.8858003,1.92977248,0.855262012,39983,223.911486,0.741409501,0.984843559,0.818692781,0.716739776,0.007933635,0.001291511,0.513715907,0.991354819,HOROZ,HOROZ
35014,697.961,269.3574839,165.9067717,1.623547256,0.787796774,35396,211.1426281,0.796732428,0.98920782,0.903211127,0.783875113,0.007692851,0.001791656,0.614460193,0.99760516,DERMASON,DERMASON
39276,725.636,258.2334199,193.9547648,1.331410549,0.660207645,39601,223.6241408,0.773987585,0.991793137,0.937345015,0.865976762,0.00657484,0.002280814,0.749915752,0.998445744,SEKER,SEKER
41429,763.787,289.557452,182.5790791,1.585928976,0.776152481,41914,229.671594,0.702567494,0.988428687,0.892421018,0.79318143,0.006989246,0.001706476,0.629136782,0.997766252,DERMASON,SIRA
41702,767.792,290.0434165,183.8698888,1.577438364,0.773382895,42233,230.427072,0.697509492,0.987426894,0.888954602,0.794457171,0.006955144,0.001709101,0.631162196,0.995619461,SIRA,SIRA
29393,628.055,230.9500045,162.3672089,1.422393143,0.711149803,29663,193.4536894,0.769289154,0.990897751,0.936393572,0.837643151,0.007857313,0.002386107,0.701646048,0.998016527,DERMASON,DERMASON
41088,738.801,251.2635837,208.4905009,1.205156027,0.558108356,41488,228.7244334,0.768919829,0.990358658,0.94595378,0.910296789,0.006115255,0.002590159,0.828640244,0.998640784,SEKER,SEKER
60635,994.351,413.413755,188.0527019,2.198393062,0.890553912,61424,277.854062,0.644504677,0.987154858,0.770644026,0.672096801,0.006818071,0.000858161,0.451714109,0.993045164,HOROZ,HOROZ
58515,948.901,380.5550537,197.1139591,1.930634723,0.855402192,59253,272.9534978,0.780366478,0.987544934,0.816648681,0.717251013,0.006503547,0.001061732,0.514449016,0.993213133,HOROZ,HOROZ
50634,892.392,366.2751157,177.0268292,2.069037317,0.875445659,51401,253.9078792,0.718895972,0.985078111,0.798988934,0.693216296,0.007233778,0.001030434,0.480548834,0.99427347,HOROZ,HOROZ
35506,713.086,262.1062149,173.2478277,1.512897555,0.750400622,35941,212.620891,0.760918949,0.987896831,0.877460939,0.811201257,0.007382026,0.001971831,0.658047479,0.995558422,SIRA,DERMASON
68901,1003.207,373.0537154,236.0557592,1.580362693,0.774342956,69802,296.1882474,0.709675758,0.98709206,0.860308634,0.793956031,0.005414344,0.001327124,0.63036618,0.996207193,BARBUNYA,CALI
29551,636.078,231.8799753,162.6597673,1.425552115,0.712686583,29924,193.9729409,0.761466708,0.987535089,0.917827986,0.836523036,0.007846773,0.002370186,0.699770789,0.997559729,DERMASON,DERMASON
35839,689.776,256.4182425,178.1329974,1.439476381,0.719302443,36124,213.6156175,0.804864355,0.992110508,0.946563139,0.833074962,0.007154726,0.002125735,0.694013891,0.999016605,DERMASON,DERMASON
44385,768.664,255.6372875,221.4859426,1.15419193,0.499338424,44875,237.7240779,0.783190994,0.98908078,0.944002197,0.929927243,0.005759542,0.002656829,0.864764676,0.998104411,SEKER,SEKER
46826,851.033,348.0576898,172.3589988,2.019376373,0.868777645,47442,244.1735344,0.810138408,0.987015724,0.812463994,0.701531791,0.007433001,0.001110538,0.492146853,0.993829728,HOROZ,HOROZ
37268,714.729,250.0604704,189.9228983,1.31664203,0.650498099,37667,217.8327141,0.751249798,0.989407173,0.916775805,0.871120149,0.00670979,0.002383422,0.758850313,0.999134217,SEKER,SEKER
48004,795.841,281.0863977,217.8036746,1.290549382,0.632128222,48377,247.2257897,0.77520832,0.992289724,0.952433522,0.879536654,0.005855479,0.002161513,0.773584726,0.99834929,SEKER,SEKER
35221,674.683,237.2809781,189.1299913,1.254592021,0.603884463,35484,211.7658377,0.762755544,0.992588209,0.972326252,0.892468665,0.006736918,0.00263641,0.796500318,0.999282944,SEKER,SEKER
29281,644.304,249.1192975,150.1236534,1.659427358,0.798030152,29644,193.0847666,0.800027322,0.987754689,0.886368092,0.775069489,0.008507882,0.001893929,0.600732713,0.996872299,DERMASON,DERMASON
33195,678.444,255.9467211,165.6382426,1.545215145,0.762354993,33592,205.5849865,0.773812299,0.98818171,0.906263575,0.803233523,0.0077104,0.001979812,0.645184093,0.996948231,DERMASON,DERMASON
26350,594.594,218.6892588,153.6667903,1.423139368,0.71151405,26655,183.1662141,0.783084193,0.988557494,0.936589832,0.837563834,0.008299403,0.002519407,0.701513177,0.998351019,DERMASON,DERMASON
46594,804.546,268.3298831,221.4171309,1.211874989,0.564887953,47173,243.5679029,0.785495128,0.98772603,0.9045615,0.907718142,0.005758893,0.002411698,0.823952225,0.998527094,SEKER,SEKER
48947,834.814,315.1635105,198.6220033,1.586750235,0.776417496,49509,249.642256,0.785893195,0.988648529,0.882584905,0.792103933,0.006438873,0.001563573,0.62742864,0.995572542,SIRA,SIRA
45720,860.356,342.495294,171.5549295,1.996417678,0.865506792,46478,241.2726922,0.63690186,0.983691209,0.776175093,0.704455496,0.007491148,0.001138,0.496257546,0.990737337,HOROZ,HOROZ
57878,950.746,389.1077987,190.525884,2.04228313,0.871920159,58675,271.4637331,0.791255964,0.986416702,0.804626563,0.697656881,0.006722896,0.000982435,0.486725123,0.994030508,HOROZ,HOROZ
31590,649.12,235.0561093,171.3433366,1.371842722,0.68457063,31908,200.5533276,0.752339899,0.990033847,0.942127128,0.853214699,0.007440839,0.0024324,0.727975323,0.998667649,DERMASON,DERMASON
69398,1009.124,392.7793368,225.9440829,1.738391782,0.817981645,70022,297.2545675,0.813518393,0.991088515,0.85638243,0.756797875,0.005659808,0.001145252,0.572743024,0.995651766,CALI,CALI
49068,840.583,315.3947598,199.125552,1.583898986,0.775495256,49755,249.9506311,0.716551301,0.986192342,0.87266391,0.7925009,0.006427708,0.001563993,0.628057677,0.994779917,SIRA,SIRA
44716,766.11,260.5966617,218.6403051,1.191896716,0.544133158,45132,238.608842,0.788349994,0.990782593,0.957393664,0.915625091,0.005827817,0.002526716,0.838369307,0.999249624,SEKER,SEKER
43877,783.733,297.353506,188.7109576,1.575708744,0.772811977,44349,236.3597502,0.723028755,0.989357144,0.897657208,0.794877966,0.006776979,0.001668852,0.631830982,0.995581603,SIRA,SIRA
37090,693.447,242.4224979,194.9527248,1.243493766,0.594378025,37376,217.3118835,0.789232897,0.992348031,0.969259687,0.89641797,0.006536061,0.002603383,0.803565177,0.999228288,SEKER,SEKER
33493,683.487,252.7723761,169.4350399,1.491854201,0.742084098,34040,206.5057192,0.799451008,0.98393067,0.900955615,0.81696316,0.007547021,0.002073792,0.667428805,0.995706467,SIRA,DERMASON
41698,773.824,288.6198738,184.5802145,1.563655533,0.7687686,42268,230.4160206,0.740244985,0.986514621,0.875065776,0.798337334,0.006921672,0.001734349,0.637342499,0.996584125,SIRA,SIRA
35717,695.483,258.5481358,176.3597936,1.466026528,0.731244079,36034,213.2517217,0.734917695,0.991202753,0.927922702,0.824804716,0.007238798,0.002066573,0.68030282,0.99734198,DERMASON,DERMASON
33483,677.447,250.3948035,170.7458295,1.466476835,0.731439406,33784,206.4748887,0.711601811,0.991090457,0.916818945,0.824597339,0.007478267,0.002132792,0.679960772,0.99714672,DERMASON,DERMASON
80580,1081.249,423.2753599,244.2341912,1.733071679,0.816736955,81322,320.3086676,0.805477809,0.990875778,0.866135201,0.756738279,0.005252859,0.001062572,0.572652824,0.992448391,CALI,CALI
33444,677.12,247.868851,172.2720972,1.438821812,0.718997078,33822,206.3546058,0.780982182,0.988823842,0.916635759,0.83251528,0.007411459,0.002196101,0.693081691,0.997221054,DERMASON,DERMASON
52741,917.035,385.0091891,175.145116,2.198229662,0.89053664,53339,259.1368882,0.630571497,0.988788691,0.788109207,0.673066762,0.007299998,0.000924134,0.453018866,0.995839509,HOROZ,HOROZ
30090,644.68,237.6355399,161.7764635,1.468912935,0.732492089,30455,195.7339467,0.712627889,0.988015104,0.909795234,0.823672868,0.007897492,0.002242271,0.678436994,0.996564876,DERMASON,DERMASON
35168,698.453,250.5565028,179.7478759,1.393933038,0.696667082,35615,211.6064468,0.712624113,0.987449109,0.905906051,0.844545818,0.007124559,0.002235788,0.71325764,0.994233389,DERMASON,DERMASON
44274,785.595,298.0852364,189.762754,1.570831104,0.771189478,44701,237.4266363,0.744726661,0.990447641,0.901490602,0.796505856,0.006732738,0.001671581,0.634421578,0.996569148,SIRA,SIRA
46950,825.213,309.7523461,193.7777988,1.598492438,0.780152449,47667,244.4966188,0.742057847,0.984958147,0.866389816,0.789329353,0.006597494,0.001579762,0.623040827,0.995926051,SIRA,SIRA
41826,772.831,294.5868134,181.3121835,1.624749135,0.788152791,42287,230.7694026,0.800221933,0.989098304,0.88000903,0.78336637,0.007043151,0.001636087,0.613662869,0.997048217,DERMASON,SIRA
34715,690.456,250.3494502,176.837823,1.415700815,0.707848847,35151,210.2391752,0.719064584,0.98759637,0.915071475,0.839782852,0.007211564,0.002212469,0.705235238,0.998402101,DERMASON,DERMASON
73552,1036.071,399.4394506,235.2856685,1.697678627,0.808104144,74109,306.0217558,0.748941023,0.992484044,0.861043941,0.766128021,0.005430708,0.001154095,0.586952145,0.996456111,CALI,CALI
30687,655.628,249.0922054,157.3526461,1.583018854,0.775209347,31055,197.6661375,0.750018331,0.988150056,0.897117466,0.793546057,0.00811719,0.001985519,0.629715345,0.996851264,DERMASON,DERMASON
33814,681.811,250.6193748,172.415774,1.453575673,0.725749858,34264,207.4929444,0.779124424,0.986866682,0.914067789,0.827920605,0.007411704,0.002148091,0.685452528,0.99635712,DERMASON,DERMASON
35875,697.442,259.0436208,176.6381816,1.466521102,0.731458595,36220,213.7228782,0.764013119,0.990474876,0.926799049,0.825045904,0.007220728,0.002063827,0.680700743,0.998262004,DERMASON,DERMASON
66832,1016.277,396.1902317,217.0426707,1.825402491,0.836593355,67791,291.7072938,0.764126135,0.985853579,0.813148992,0.736280883,0.005928152,0.001074665,0.542109539,0.989568103,CALI,CALI
51978,913.367,364.4751867,182.6510379,1.995472848,0.865369492,52780,257.2556026,0.68201858,0.98480485,0.782958595,0.705824736,0.007012105,0.001073534,0.498188558,0.994121742,HOROZ,HOROZ
49777,835.85,315.9612511,201.0229228,1.571767272,0.771502322,50255,251.7499649,0.778434592,0.990488509,0.895327428,0.796774807,0.006347535,0.001578074,0.634850093,0.9978366,SIRA,SIRA
31151,667.167,256.3502792,155.2364223,1.651353951,0.795796841,31472,199.1549273,0.712022857,0.989800458,0.87945322,0.776885939,0.008229279,0.001849143,0.603551761,0.996677586,DERMASON,DERMASON
48700,838.652,329.7777082,188.6176857,1.748392294,0.820285682,49136,249.0115777,0.8175256,0.991126669,0.870112186,0.755089175,0.006771616,0.001357892,0.570159663,0.99686276,SIRA,SIRA
25308,596.521,219.3471346,147.3987193,1.488121034,0.740561716,25685,179.5080678,0.727910723,0.985322172,0.89375033,0.818374346,0.008667107,0.00239807,0.66973657,0.996649077,DERMASON,DERMASON
26604,604.494,217.0553432,156.492197,1.387004256,0.692957618,26967,184.0469094,0.714297221,0.986539103,0.914898286,0.847926186,0.008158748,0.00260157,0.718978817,0.997226679,DERMASON,DERMASON
52893,869.116,329.0851017,205.8908115,1.598347684,0.780107014,53537,259.5100369,0.694580505,0.987970936,0.879939015,0.788580326,0.006221714,0.001484135,0.621858931,0.993946782,SIRA,SIRA
34650,699.603,263.1405922,168.5458752,1.561240178,0.767944458,35039,210.0422582,0.69058296,0.988898085,0.889630731,0.798213063,0.007594245,0.00190169,0.637144094,0.994734959,DERMASON,DERMASON
31768,650.954,220.9594949,183.2920681,1.205504947,0.558465259,32173,201.1175623,0.777674419,0.987411805,0.94210463,0.910201041,0.006955411,0.002944773,0.828465935,0.998719784,SEKER,SEKER
25642,592.4,216.8463443,151.0528411,1.435566142,0.717470111,26019,180.6887058,0.801888858,0.985510588,0.918188101,0.833256868,0.008456686,0.002514754,0.694317009,0.996737989,DERMASON,DERMASON
34523,673.987,231.9170486,189.734176,1.22232617,0.575058574,34878,209.6569789,0.785863874,0.989821664,0.955026346,0.904017105,0.006717755,0.002767646,0.817246926,0.998942305,SEKER,SEKER
67549,991.709,384.414407,224.2826694,1.713972854,0.81215638,68128,293.2678946,0.766209165,0.991501292,0.863098335,0.762895171,0.005690897,0.001189104,0.582009041,0.997547698,CALI,CALI
74322,1055.499,398.8860195,239.4374855,1.665929705,0.799800864,75366,307.6194231,0.688071101,0.9861476,0.838323421,0.771196302,0.005366998,0.001171038,0.594743736,0.990801256,CALI,CALI
57597,943.978,387.3908323,191.2330044,2.025753,0.869664302,58442,270.8039476,0.676211609,0.98554122,0.812243008,0.699045835,0.006725886,0.000990722,0.488665079,0.989914749,HOROZ,HOROZ
32352,672.437,258.2263214,159.9154209,1.614768107,0.785167095,32747,202.9577438,0.685801501,0.987937826,0.899099579,0.785968458,0.007981773,0.001878882,0.617746417,0.997517213,DERMASON,DERMASON
47184,825.516,309.4649696,194.7862772,1.588741127,0.777057866,47749,245.1051502,0.694270328,0.988167291,0.870068867,0.792028741,0.006558685,0.001592063,0.627309527,0.996632444,SIRA,SIRA
27347,605.562,222.6547188,156.608122,1.421731618,0.710826263,27630,186.5992546,0.721081081,0.98975751,0.937135361,0.838065574,0.008141833,0.002477502,0.702353906,0.998558755,DERMASON,DERMASON
46525,801.294,302.2949873,196.6061021,1.537566658,0.759610464,46947,243.387489,0.725932283,0.99101114,0.910568168,0.805132401,0.006497474,0.0016842,0.648238184,0.996709417,SIRA,SIRA
40547,725.149,259.024364,199.592115,1.297768521,0.637375395,40819,227.2136524,0.761989777,0.993336436,0.968978378,0.877190272,0.00638825,0.002333119,0.769462774,0.998584566,SEKER,SEKER
45423,807.251,299.1624058,193.9286378,1.542641712,0.761437218,45929,240.487754,0.730990199,0.988982995,0.875928173,0.803870237,0.006586144,0.001696504,0.646207358,0.996866425,SIRA,SIRA
45978,813.356,303.3692498,193.9124693,1.564464889,0.76904371,46552,241.9524908,0.737772786,0.987669703,0.873370645,0.797551139,0.006598139,0.001646779,0.63608782,0.99513706,SIRA,SIRA
44123,794.555,291.6067859,193.7469845,1.505090707,0.747366699,44699,237.0214092,0.739202546,0.987113806,0.878267814,0.812811706,0.006608952,0.001779394,0.66066287,0.994357546,SIRA,SIRA
77430,1073.469,424.8352959,233.0998611,1.822546328,0.836030549,78082,313.9855697,0.721594722,0.991649804,0.84438422,0.739075996,0.005486701,0.001009828,0.546233328,0.995535547,CALI,CALI
59795,962.167,394.7710452,193.9973087,2.034930525,0.870924261,60463,275.9227402,0.800575713,0.988951921,0.811659393,0.698943713,0.006602075,0.000971917,0.488522314,0.994108969,HOROZ,HOROZ
45932,777.532,273.7150697,214.2982457,1.277262298,0.622116678,46306,241.8314263,0.776088132,0.991923293,0.954747822,0.883515207,0.005959137,0.002239852,0.78059912,0.997029826,SEKER,SEKER
28523,645.311,237.7351598,153.422423,1.549546377,0.763886885,28942,190.5691778,0.808841878,0.98552277,0.860729979,0.801602834,0.008334858,0.002122829,0.642567103,0.995687527,DERMASON,DERMASON
30547,649.211,241.1090548,161.8585489,1.489628176,0.741178081,30921,197.2147266,0.772872179,0.98790466,0.910765748,0.817948238,0.007893052,0.002179355,0.66903932,0.996619822,DERMASON,DERMASON
31413,653.14,235.2830089,170.3423783,1.381235904,0.689811213,31786,199.9906843,0.728113483,0.988265274,0.92535146,0.850000539,0.007489989,0.00241178,0.722500916,0.997944206,DERMASON,DERMASON
70348,1004.593,390.9888283,230.3667374,1.697245152,0.807994464,70890,299.2822338,0.82366027,0.992354352,0.875954047,0.765449579,0.005557924,0.001176952,0.585913057,0.994438096,CALI,CALI
64571,973.638,367.600901,225.4166781,1.63076177,0.789919656,65393,286.7304495,0.802094332,0.987429847,0.855957783,0.780004751,0.005692972,0.001299894,0.608407412,0.992167549,CALI,CALI
41528,732.598,254.6742271,207.8648703,1.225191282,0.577770766,41852,229.9458454,0.801822675,0.992258434,0.972342844,0.902901907,0.006132591,0.00251412,0.815231854,0.998814961,SEKER,SEKER
50405,849.668,323.2175559,199.8146902,1.617586552,0.786016953,51119,253.3330599,0.78611644,0.986032591,0.8773744,0.783784963,0.006412411,0.001492756,0.614318868,0.993713939,SIRA,SIRA
35786,705.489,268.4366181,170.0617118,1.578465931,0.77372099,36176,213.4576078,0.723826861,0.989219372,0.903529899,0.795188113,0.007501163,0.001850069,0.632324135,0.998102104,DERMASON,DERMASON
46218,820.662,314.5132965,187.9773529,1.673144619,0.801737017,46825,242.5831513,0.668663194,0.987036839,0.862367466,0.771296966,0.006804996,0.001485573,0.594899009,0.995352077,SIRA,SIRA
35517,678.829,232.996395,194.232582,1.199574205,0.55232461,35881,212.6538241,0.771622238,0.989855355,0.968557402,0.912691478,0.006560137,0.002807945,0.833005734,0.99925219,SEKER,SEKER
35294,701.997,268.1594279,168.4372812,1.592043199,0.778113532,35680,211.9851799,0.795447374,0.989181614,0.899995283,0.790519213,0.007597876,0.001830297,0.624920626,0.994900632,DERMASON,DERMASON
72916,1030.926,399.956394,234.342746,1.706715488,0.810368365,73985,304.6958067,0.789518705,0.985551125,0.862139841,0.761822567,0.005485166,0.001139685,0.580373624,0.990532652,CALI,CALI
36593,707.994,268.9312389,173.4317207,1.550646201,0.764273348,36923,215.8510011,0.767390165,0.991062481,0.917378854,0.802625243,0.007349254,0.00188137,0.644207281,0.998937573,DERMASON,DERMASON
36870,692.977,245.2284633,191.528799,1.280373837,0.624503643,37138,216.6664303,0.755145929,0.992783672,0.964817918,0.883528883,0.006651165,0.002500118,0.780623287,0.999489634,SEKER,SEKER
48416,870.972,358.1162752,173.2700919,2.066809518,0.875157843,49103,248.2844453,0.619764465,0.986009001,0.802029575,0.69330679,0.007396651,0.001054185,0.480674305,0.99346223,HOROZ,HOROZ
29913,635.697,233.2549033,163.5380394,1.426303655,0.713050205,30208,195.1574095,0.779471545,0.990234375,0.930185384,0.836670127,0.007797777,0.002357044,0.700016901,0.998436665,DERMASON,DERMASON
39141,711.099,249.1619299,200.2064042,1.244525273,0.595278786,39419,223.239488,0.759341171,0.992947563,0.972706113,0.895961466,0.006365753,0.002530386,0.802746949,0.999038866,SEKER,SEKER
26096,595.118,225.2247846,147.8963729,1.522855363,0.754185716,26383,182.2812639,0.732210999,0.989121783,0.925928891,0.809330395,0.008630625,0.002284154,0.655015688,0.997494153,DERMASON,DERMASON
45215,812.088,306.1473396,189.9813078,1.611460323,0.784162807,45948,239.9365041,0.664740734,0.984047184,0.86156136,0.783728856,0.006770924,0.001575764,0.614230919,0.989808755,SIRA,SIRA
58169,955.238,384.1855051,194.0142922,1.980191772,0.863118411,58784,272.1453124,0.694970131,0.98953797,0.801084411,0.708369548,0.006604643,0.001025814,0.501787416,0.993635312,HOROZ,HOROZ
25306,589.45,220.5987438,146.1876275,1.50901104,0.748897654,25639,179.5009747,0.773694509,0.987011974,0.915249338,0.813698988,0.008717251,0.002357298,0.662106044,0.99912533,DERMASON,DERMASON
58222,945.639,378.0463661,196.9372169,1.919628865,0.85359694,58954,272.2692652,0.685577693,0.98758354,0.818175054,0.72020072,0.006493188,0.001077586,0.518689078,0.995690525,HOROZ,HOROZ
64072,962.35,355.0873662,232.2669191,1.528790099,0.756397678,65356,285.6203846,0.761773413,0.980353755,0.869384801,0.804366508,0.005542005,0.001431076,0.647005479,0.989135569,CALI,CALI
28752,638.213,243.6536926,150.4666239,1.619320526,0.786537148,29057,191.3326511,0.684424766,0.98950339,0.887047,0.78526473,0.008474322,0.001987692,0.616640696,0.998538936,DERMASON,DERMASON
44855,799.527,307.1641886,186.6307029,1.645839531,0.794248811,45387,238.9794129,0.740707102,0.988278582,0.881768248,0.778018473,0.006847936,0.001547744,0.605312744,0.996247643,SIRA,SIRA
32279,670.977,250.8205643,164.181397,1.527703924,0.755995254,32662,202.7286345,0.757189772,0.988273835,0.900979001,0.808261616,0.007770395,0.002045647,0.653286839,0.998028868,DERMASON,DERMASON
35740,703.208,258.5587569,176.6122078,1.46399142,0.730358418,36193,213.3203725,0.704375246,0.987483768,0.908232015,0.825036348,0.007234436,0.002067649,0.680684975,0.996516963,DERMASON,DERMASON
44938,786.535,294.1587542,195.5086363,1.504581893,0.74716689,45359,239.2004153,0.772528795,0.99071849,0.912824941,0.81316776,0.00654588,0.001765503,0.661241806,0.994892448,SIRA,SIRA
42461,747.718,265.8522749,203.4464715,1.30674311,0.643719708,42808,232.514568,0.759914811,0.991894038,0.954386771,0.874600633,0.006261093,0.002259795,0.764926267,0.99956213,SEKER,SEKER
41915,743.837,247.739465,215.6885957,1.148597886,0.491944234,42296,231.014795,0.785189764,0.990992056,0.951971134,0.932490893,0.00591052,0.002756664,0.869539266,0.998750963,SEKER,SEKER
36026,708.224,263.8694651,174.5000053,1.512145886,0.750111079,36402,214.172192,0.768997609,0.989670897,0.902577762,0.811659629,0.007324418,0.001960869,0.658791353,0.996188634,DERMASON,DERMASON
23923,577.153,211.0184768,144.8463817,1.456843273,0.727209445,24305,174.5271028,0.711655164,0.984283069,0.902492475,0.827070243,0.008820736,0.002545975,0.684045186,0.996546628,DERMASON,DERMASON
48677,836.033,317.276689,197.6734232,1.605054862,0.782196616,49358,248.9527693,0.718373672,0.986202845,0.875158727,0.784655091,0.006518,0.001524085,0.615683612,0.988205974,SIRA,SIRA
41863,763.785,281.5964769,190.2356431,1.480250874,0.737303951,42456,230.8714514,0.736609657,0.986032598,0.901774524,0.819866264,0.00672662,0.001874773,0.67218069,0.994996054,DERMASON,SIRA
36210,690.479,236.3201945,195.2178042,1.210546321,0.56356268,36567,214.7184294,0.761338071,0.990237099,0.954415403,0.908591116,0.006526379,0.002743633,0.825537817,0.999351767,SEKER,SEKER
71858,1035.64,407.2761052,227.6006932,1.789432622,0.829277958,73133,302.4771846,0.766362715,0.98256601,0.841913275,0.742683356,0.005667791,0.001063673,0.551578567,0.987012682,CALI,CALI
32114,648.566,222.6575074,183.8290361,1.211220556,0.564236127,32393,202.2098285,0.760670804,0.991387028,0.9593916,0.908165329,0.006933347,0.002909259,0.824764265,0.998971432,SEKER,SEKER
27610,614.555,230.2028966,153.3364307,1.501292912,0.745869115,27888,187.4943835,0.688923822,0.990031555,0.918659896,0.814474476,0.008337664,0.002263258,0.663368671,0.995910684,DERMASON,DERMASON
72082,1024.342,392.0725182,235.6564263,1.663746346,0.799209045,72907,302.9482676,0.800377526,0.988684214,0.863270166,0.77268427,0.005439257,0.00119599,0.597040981,0.993324751,CALI,CALI
46841,833.57,295.6766049,202.56788,1.459642096,0.728449546,47465,244.21264,0.703571858,0.986853471,0.847133527,0.82594509,0.006312346,0.001812071,0.682185291,0.995746368,SEKER,SIRA
29602,638.641,235.6881596,160.1225468,1.471923626,0.73378378,29925,194.1402509,0.760195172,0.989206349,0.912047224,0.823716606,0.0079619,0.002261037,0.678509047,0.998713496,DERMASON,DERMASON
31972,663.164,253.7896426,160.8282722,1.578016347,0.773573166,32272,201.7622728,0.740915832,0.990704016,0.913561489,0.794998057,0.007937872,0.001955907,0.632021911,0.997340907,DERMASON,DERMASON
27617,625.484,243.7987353,144.823862,1.683415509,0.804442587,27936,187.5181498,0.740640421,0.988581042,0.887061957,0.769151446,0.00882785,0.001905821,0.591593947,0.995898425,DERMASON,DERMASON
33364,682.308,247.8502632,171.7739074,1.442886565,0.720884544,33812,206.1076519,0.726283251,0.986750266,0.900589854,0.831581332,0.007428674,0.002191341,0.691527511,0.997795755,DERMASON,DERMASON
45269,796.822,303.559451,190.4324241,1.594053389,0.77875228,45653,240.0797387,0.784272622,0.991588724,0.895958992,0.790882109,0.006705681,0.001618339,0.62549451,0.997071643,SIRA,SIRA
31619,656.817,240.3729282,167.7987901,1.432506922,0.716022788,31992,200.6453617,0.776231158,0.988340835,0.921020348,0.834725288,0.007602167,0.002276625,0.696766306,0.998122556,DERMASON,DERMASON
42324,745.45,253.7548381,212.8656716,1.192089059,0.544341831,42666,232.1391619,0.784286111,0.99198425,0.957104882,0.914816693,0.005995531,0.002590262,0.836889582,0.997646914,SEKER,SEKER
47003,821.301,300.1907651,200.1112844,1.500119126,0.745403341,47681,244.6345812,0.775780683,0.9857805,0.875650377,0.814930403,0.00638663,0.001737535,0.664111562,0.996246456,BARBUNYA,SIRA
31473,670.479,252.5558029,158.8970112,1.589430796,0.777279014,31792,200.181588,0.762981818,0.989966029,0.879787214,0.792623197,0.008024523,0.001953737,0.628251533,0.998562334,DERMASON,DERMASON
29833,626.445,229.6467641,165.5129616,1.387485076,0.693217476,30095,194.8962681,0.746571572,0.991294235,0.955302463,0.848678486,0.007697743,0.002463292,0.720255173,0.999343303,DERMASON,DERMASON
32026,654.237,230.9790674,176.9318083,1.305469433,0.642831065,32349,201.9325869,0.779448988,0.990015147,0.940247873,0.874246265,0.007212236,0.002598872,0.764306531,0.997778814,SEKER,DERMASON
76760,1060.544,391.2416311,251.1584629,1.557748151,0.76674458,77743,312.6241633,0.744628219,0.987355775,0.857605283,0.799056487,0.005096947,0.00128174,0.638491269,0.994608594,BARBUNYA,CALI
24846,584.247,216.3113027,146.6583149,1.47493378,0.735065093,25154,177.8620525,0.773584906,0.987755427,0.914688803,0.822250388,0.008706082,0.002454815,0.6760957,0.997196386,DERMASON,DERMASON
39688,750.145,287.8652303,177.0917122,1.625514976,0.788379151,40257,224.7939747,0.666801075,0.985865812,0.886295696,0.780900057,0.007253206,0.001663763,0.609804899,0.991246995,DERMASON,SIRA
69448,993.332,374.9551683,236.5010886,1.585426818,0.77599019,70025,297.3616315,0.783227509,0.991760086,0.884465209,0.793059162,0.005399078,0.001317412,0.628942834,0.997142837,BARBUNYA,CALI
37730,721.47,274.9098151,175.0194929,1.570738268,0.771158417,38035,219.1787581,0.715464113,0.99198107,0.910877795,0.797275128,0.007286239,0.001816001,0.63564763,0.998436058,DERMASON,DERMASON
33696,679.072,245.3369109,175.3365574,1.399234219,0.69945501,34066,207.1305861,0.750802139,0.989138731,0.918240759,0.844269969,0.007280891,0.002281864,0.71279178,0.99736265,DERMASON,DERMASON
41728,778.322,281.822113,188.6754226,1.493687461,0.742826389,42280,230.4988931,0.783050911,0.986944182,0.865603136,0.817887889,0.006753789,0.001864242,0.668940599,0.999188185,SEKER,SIRA
53279,925.993,384.7874444,177.2092358,2.171373533,0.887639995,53983,260.4552355,0.760075324,0.986958857,0.780819268,0.676880806,0.007222122,0.000935176,0.458167626,0.994853056,HOROZ,HOROZ
45620,800.984,307.3458406,189.9271884,1.618229824,0.786210171,46121,241.0086887,0.780109099,0.989137269,0.893547128,0.784161218,0.006737086,0.001571351,0.614908816,0.995063784,SIRA,SIRA
32187,667.621,247.7787748,165.7868619,1.494562186,0.743179345,32582,202.4395249,0.73180547,0.987876742,0.90746605,0.817017216,0.007698101,0.002115866,0.667517132,0.997645864,DERMASON,DERMASON
30779,647.938,242.6919702,161.7797974,1.500137682,0.745410715,31085,197.9622185,0.714892925,0.990156024,0.921292356,0.815693318,0.007884986,0.002153219,0.665355589,0.998124991,DERMASON,DERMASON
33274,681.892,256.5113796,165.5218787,1.549712833,0.763945441,33685,205.8294746,0.796982036,0.987798723,0.899256707,0.802418493,0.007709064,0.001971447,0.643875438,0.997822029,DERMASON,DERMASON
38838,711.171,244.2392537,202.8969925,1.203759852,0.556674833,39190,222.3737337,0.78785297,0.991018117,0.964980737,0.910474997,0.006288667,0.002665695,0.828964719,0.997874448,SEKER,SEKER
45014,772.981,270.3666607,212.2463107,1.273834441,0.619456007,45454,239.4026,0.774607654,0.990319884,0.946716252,0.88547382,0.006006279,0.002277656,0.784063887,0.998767583,SEKER,SEKER
35615,692.536,233.0035907,195.2246498,1.193515219,0.54588345,36004,212.9470037,0.74334196,0.989195645,0.933164276,0.913921554,0.006542288,0.002815432,0.835252607,0.996886698,SEKER,SEKER
27378,601.046,213.328485,163.7296314,1.302931443,0.641048837,27718,186.7049872,0.746808511,0.987733603,0.952349067,0.875199518,0.007791967,0.002820039,0.765974196,0.998011865,DERMASON,DERMASON
37454,698.809,245.9677421,193.9975663,1.267890865,0.614763614,37765,218.3756257,0.753162139,0.991764862,0.963809252,0.887822216,0.006567196,0.002516887,0.788228287,0.999387444,SEKER,SEKER
43282,777.646,294.9903332,187.2555089,1.57533594,0.772688619,43678,234.7516858,0.73279832,0.990933651,0.899400863,0.795794504,0.006815543,0.001686102,0.633288892,0.997642752,SIRA,SIRA
45728,814.346,310.7746489,188.2407399,1.650942559,0.795681992,46383,241.2938,0.796932729,0.985878447,0.866511111,0.776426909,0.006796157,0.001523511,0.602838745,0.99525214,SIRA,SIRA
43795,776.66,288.4664755,194.1309338,1.485937712,0.739664574,44260,236.1387852,0.783592772,0.9894939,0.912373196,0.818600445,0.006586745,0.001824477,0.670106688,0.995736799,SIRA,SIRA
26917,606.429,218.7678977,157.4198455,1.389709773,0.694415037,27369,185.1264131,0.744262567,0.983484965,0.919764399,0.846222938,0.008127499,0.002570845,0.71609326,0.995161802,DERMASON,DERMASON
46774,821.138,310.604325,192.3909482,1.614443547,0.785068884,47444,244.0379201,0.739720395,0.985878088,0.871730165,0.78568745,0.006640534,0.001560925,0.61730477,0.996603702,SIRA,SIRA
42998,748.297,258.4125732,212.1419002,1.2181119,0.571010666,43376,233.9802426,0.77941523,0.991285504,0.964961778,0.905452238,0.006009874,0.002491766,0.819843755,0.998661434,SEKER,SEKER
38344,719.605,249.9302987,195.6478006,1.277450081,0.622261488,38741,220.9549662,0.778558376,0.989752459,0.930505481,0.884066347,0.006518107,0.00245607,0.781573306,0.998420884,SEKER,SEKER
34870,702.12,261.0517751,170.460604,1.531449315,0.757378401,35235,210.7080039,0.763286928,0.989640982,0.88887179,0.807150244,0.007486429,0.001960072,0.651491516,0.997726236,DERMASON,DERMASON
50105,892.404,371.8334973,172.3447001,2.15749888,0.886097096,50705,252.5780422,0.590860849,0.988166847,0.790620214,0.679277268,0.007421086,0.00097462,0.461417607,0.99550797,HOROZ,HOROZ
44693,807.608,296.4135837,192.9371202,1.536322214,0.759159088,45329,238.547469,0.706921641,0.985969247,0.861089209,0.80477914,0.006632215,0.00171611,0.647669465,0.995028986,SIRA,SIRA
42669,770.878,287.2991309,189.3883161,1.516984452,0.751965435,43062,233.0833716,0.801988572,0.990873624,0.902300142,0.8112916,0.006733205,0.001799325,0.65819406,0.998470156,SIRA,SIRA
42402,775.087,288.0599354,188.653289,1.526927714,0.755707012,42920,232.3529711,0.794401978,0.987931034,0.886942162,0.806613286,0.006793546,0.001773935,0.650624993,0.993457334,SIRA,SIRA
44977,812.835,313.3930895,183.3279576,1.709466977,0.811049402,45529,239.3041893,0.708857368,0.987875859,0.855451825,0.763591149,0.006967852,0.001461242,0.583071443,0.996741377,SIRA,SIRA
55703,932.685,387.5800728,183.6937983,2.109924649,0.880551448,56321,266.3142173,0.732048047,0.989027183,0.804671214,0.68712051,0.006957975,0.000956741,0.472134595,0.99616842,HOROZ,HOROZ
36845,712.535,270.5971203,173.6505523,1.5582854,0.766929829,37162,216.5929616,0.791514501,0.991469781,0.911960485,0.800425967,0.007344202,0.001859555,0.640681728,0.998364983,DERMASON,DERMASON
72394,1019.023,391.5445529,237.292022,1.650053591,0.795433467,73141,303.6032009,0.811137255,0.98978685,0.876081409,0.775398862,0.005408522,0.001206033,0.601243396,0.992083824,CALI,CALI
30698,648.384,247.6447059,158.3576609,1.563831547,0.768828474,30967,197.7015618,0.718451601,0.991313334,0.917604146,0.798327431,0.008067128,0.002021264,0.637326687,0.996671579,DERMASON,DERMASON
33063,670.729,243.2245013,173.5180715,1.401724323,0.700749881,33423,205.1758248,0.794325389,0.989228974,0.923544769,0.84356561,0.007356395,0.002297843,0.711602938,0.997471147,DERMASON,DERMASON
43434,783.606,291.3361763,190.6132439,1.528415184,0.756258895,43906,235.1635312,0.766599598,0.989249761,0.888882151,0.807189598,0.00670756,0.001756494,0.651555048,0.995846628,SIRA,SIRA
28416,621.978,227.6114676,159.1193481,1.430444948,0.715040356,28792,190.2113953,0.744849279,0.986940817,0.92304476,0.835684587,0.008009976,0.002409797,0.698368729,0.99897802,DERMASON,DERMASON
29076,636.353,235.0615165,158.0336191,1.487414626,0.740272,29490,192.407674,0.69352415,0.985961343,0.902294546,0.818541788,0.008084383,0.00223867,0.670010659,0.996583653,DERMASON,DERMASON
25748,592.254,215.4115956,152.6381424,1.411256663,0.705622123,26065,181.06179,0.740310523,0.987838097,0.922438369,0.840538735,0.008366149,0.002575943,0.706505365,0.997060403,DERMASON,DERMASON
38011,702.968,251.6482749,192.6123063,1.306501541,0.643551459,38284,219.9934279,0.76534783,0.992869084,0.966602797,0.874209958,0.006620407,0.002385214,0.764243052,0.998484724,DERMASON,SEKER
35996,686.723,235.3434819,194.8065986,1.208087835,0.561090618,36312,214.0829994,0.779134199,0.991297643,0.95918178,0.909661902,0.006538045,0.002761517,0.827484777,0.999674292,SEKER,SEKER
51939,887.04,362.2827752,183.3290539,1.976133992,0.862510855,52530,257.1590728,0.817705217,0.988749286,0.829501239,0.709829698,0.006975159,0.001092322,0.5038582,0.995691316,HOROZ,HOROZ
35364,692.505,258.7961821,174.2702258,1.485028099,0.739289317,35651,212.1952951,0.760646993,0.991949735,0.926670674,0.819932092,0.007318069,0.002040271,0.672288636,0.998367515,DERMASON,DERMASON
33272,671.659,247.3729375,171.9769022,1.438407916,0.718803708,33626,205.8232886,0.700477905,0.989472432,0.926810818,0.832036401,0.007434868,0.002197973,0.692284573,0.995787609,DERMASON,DERMASON
67848,1001.425,388.5368326,222.9781567,1.742488315,0.818931036,68623,293.9162408,0.800566372,0.98870641,0.850178379,0.756469442,0.005726578,0.001156753,0.572246016,0.997131997,BARBUNYA,CALI
47107,792.499,284.3996312,211.2066345,1.346546863,0.669690487,47479,244.9050739,0.795457616,0.992164957,0.942535823,0.861130069,0.006037311,0.002047851,0.741544995,0.998525087,SEKER,SEKER
42219,740.738,263.2039537,204.6313396,1.286234818,0.62892866,42512,231.8510305,0.775628307,0.993107828,0.966915578,0.880879741,0.006234254,0.002315425,0.775949117,0.998052771,SEKER,SEKER
37646,703.337,249.2379262,192.5507286,1.294401366,0.634944322,37941,218.9346384,0.803577527,0.99222477,0.956316772,0.878416226,0.006620569,0.002431512,0.771615065,0.998779595,SEKER,SEKER
40822,732.103,260.5621947,199.6645625,1.304999703,0.642502367,41171,227.9828605,0.784148754,0.99152316,0.957105406,0.87496523,0.006382887,0.002307598,0.765564153,0.999060992,SEKER,SEKER
47288,818.79,310.7179863,194.2125628,1.599886134,0.780589134,47795,245.3751242,0.749746322,0.989392196,0.886371433,0.789703638,0.006570758,0.001576347,0.623631836,0.997739928,SIRA,SIRA
48895,824.21,307.5711407,203.116588,1.514259095,0.750923706,49434,249.5096141,0.691388575,0.989096573,0.904479141,0.811225701,0.006290442,0.001680458,0.658087138,0.996514433,SIRA,SIRA
48611,804.782,284.4975919,217.9497639,1.305335627,0.642737487,49059,248.7839374,0.74623131,0.990868138,0.94316551,0.874467639,0.005852535,0.002111051,0.764693651,0.998181867,SEKER,SEKER
46124,814.407,313.2070315,188.4883408,1.661678543,0.79864599,46525,242.3363381,0.74050765,0.991380978,0.873884088,0.773725727,0.006790544,0.001501179,0.5986515,0.994766353,SIRA,SIRA
52385,856.068,325.1681021,206.4413706,1.575111137,0.772614181,52904,258.2608247,0.835326572,0.990189778,0.898256328,0.794237882,0.006207275,0.001523643,0.630813813,0.993601862,SIRA,SIRA
72735,1045.498,391.907334,238.1912833,1.645347086,0.794109664,73966,304.3173973,0.717590766,0.983357218,0.836193706,0.776503451,0.005388153,0.001208351,0.602957609,0.992074546,CALI,CALI
52103,895.765,366.9286458,181.6393878,2.020094046,0.868877901,52684,257.5647491,0.822254837,0.988971984,0.815989209,0.701947782,0.007042371,0.001054673,0.492730689,0.995362331,HOROZ,HOROZ
79101,1086.698,419.8599918,242.9088866,1.728466989,0.815648798,80579,317.3555124,0.808654849,0.981657752,0.841732512,0.755860331,0.005307897,0.001068731,0.57132484,0.987516126,CALI,CALI
53179,911.324,371.4769263,183.4534432,2.02491117,0.869547778,53744,260.2106949,0.670698331,0.989487199,0.804645182,0.700476063,0.006985406,0.001037396,0.490666715,0.993556512,HOROZ,HOROZ
55846,930.567,377.4751425,189.3683928,1.993337626,0.865058406,56548,266.6558374,0.632321471,0.987585768,0.810413452,0.706419595,0.006759215,0.00103831,0.499028645,0.994732573,HOROZ,HOROZ
68993,1025.729,397.6746265,222.3474964,1.788527566,0.82908732,69818,296.3859239,0.779141728,0.988183563,0.824042527,0.745297548,0.005763985,0.001097037,0.555468435,0.993470607,CALI,CALI
44216,783.454,295.1050112,191.1601866,1.543757706,0.761835919,44560,237.271068,0.708862383,0.992280072,0.90523703,0.804022497,0.006674168,0.00172048,0.646452176,0.997965528,SIRA,SIRA
37149,713.554,263.1134848,179.9474997,1.46216805,0.729560841,37583,217.4846566,0.724123816,0.988452226,0.916860582,0.826581187,0.007082653,0.002039472,0.683236459,0.999006521,DERMASON,DERMASON
45116,766.705,259.0206881,222.0805849,1.166336482,0.514674738,45484,239.673685,0.774191334,0.991909243,0.964459202,0.925307113,0.005741216,0.002596135,0.856193253,0.998609426,SEKER,SEKER
63603,990.075,402.0929464,202.0947587,1.989625802,0.864514968,64260,284.5731097,0.663547307,0.98977591,0.815363518,0.707729674,0.006321918,0.000978359,0.500881291,0.99656634,HOROZ,HOROZ
52158,868.899,318.7998501,209.2114911,1.523816156,0.754546013,52781,257.7006561,0.697765886,0.98819651,0.868144862,0.808346227,0.006112195,0.00160978,0.653423623,0.995697474,SIRA,SIRA
43908,778.254,284.7971301,197.5478796,1.441661286,0.720317786,44347,236.4432319,0.808737936,0.990100796,0.910984099,0.830216343,0.006486224,0.001900802,0.689259177,0.993678271,SIRA,SIRA
37353,701.883,237.3226512,200.8958975,1.181321541,0.53237349,37752,218.0809866,0.776440509,0.989431024,0.952809118,0.918921921,0.00635351,0.002794524,0.844417497,0.997528579,SEKER,SEKER
31675,664.884,246.6259639,164.1611106,1.502340981,0.746283835,32032,200.8229633,0.725226669,0.988854895,0.900398418,0.814281514,0.007786139,0.002111544,0.663054384,0.996133774,DERMASON,DERMASON
34374,693.396,262.7596271,167.5498569,1.568247398,0.770322495,34808,209.2040538,0.796579533,0.987531602,0.898415576,0.796180357,0.007644139,0.00189476,0.633903161,0.994116983,DERMASON,DERMASON
70074,1020.42,396.7091017,225.6305717,1.758224069,0.822506491,70656,298.6988247,0.810938422,0.991762908,0.845685431,0.752941698,0.005661288,0.001122381,0.566921201,0.9967745,CALI,CALI
43132,745.585,258.0040363,213.0043229,1.211261972,0.564277432,43433,234.3445498,0.783804903,0.993069786,0.975023619,0.908297999,0.005981731,0.002511424,0.825005255,0.999297492,SEKER,SEKER
52369,870.3,340.1124416,196.8031072,1.728186341,0.815582148,52977,258.2213812,0.684070276,0.988523321,0.868852746,0.759223567,0.006494538,0.001331088,0.576420425,0.996161905,SIRA,SIRA
32540,669.703,252.9877318,164.0856386,1.541803012,0.761136875,32919,203.5465912,0.792363698,0.988486892,0.911723027,0.804570995,0.007774669,0.002009644,0.647334487,0.998062261,DERMASON,DERMASON
39073,727.356,249.1514244,200.2372278,1.244281232,0.595066003,39539,223.0454858,0.762072866,0.988214168,0.928095293,0.895220593,0.006376562,0.00252631,0.801419909,0.997191752,SEKER,SEKER
49215,836.051,321.6849759,195.3737876,1.646510414,0.794438137,49745,250.3247575,0.710634611,0.989345663,0.884793273,0.778167388,0.00653632,0.001478445,0.605544484,0.997035298,SIRA,SIRA
34509,695.555,270.4299671,163.1232021,1.657826499,0.797590401,34931,209.6144638,0.797822167,0.98791904,0.89635343,0.775115517,0.007836505,0.001744889,0.600804065,0.9960289,DERMASON,DERMASON
55647,948.511,376.9934223,188.8955933,1.995776692,0.865413669,56332,266.1803166,0.709584045,0.987839949,0.777260999,0.706060904,0.00677473,0.001038581,0.498522,0.994938589,HOROZ,HOROZ
36652,708.945,268.2389969,174.2424848,1.539458056,0.760293894,36990,216.0249425,0.757523148,0.990862395,0.916394458,0.805345028,0.007318536,0.00189903,0.648580615,0.998462652,DERMASON,DERMASON
40649,727.588,253.48059,204.3045933,1.240699418,0.591919629,40977,227.4992621,0.758575001,0.99199551,0.964914149,0.897501706,0.006235838,0.002495834,0.805509313,0.999394936,SEKER,SEKER
36435,708.456,266.8189715,174.2828862,1.530953367,0.757195979,36803,215.3844999,0.79007286,0.990000815,0.912226895,0.80723083,0.00732315,0.001918089,0.651621613,0.997602303,DERMASON,DERMASON
31365,650.732,237.174518,168.624629,1.406523587,0.703219518,31670,199.8378301,0.740858844,0.990369435,0.930788113,0.842577153,0.007561757,0.002350938,0.709936258,0.998542092,DERMASON,DERMASON
51380,899.321,368.2354517,179.5944701,2.050371882,0.873002125,52117,255.7714758,0.783088459,0.985858741,0.798315377,0.694586777,0.007166903,0.001029005,0.482450791,0.989203537,HOROZ,HOROZ
30925,648.757,233.8083006,168.5379707,1.387273738,0.693103304,31292,198.4311793,0.753092733,0.988271763,0.923326837,0.848691765,0.007560495,0.002419524,0.720277712,0.999222354,DERMASON,DERMASON
44027,813.833,293.3718283,192.1111738,1.527094039,0.755768822,44639,236.7634208,0.756217795,0.986290015,0.835330551,0.807042115,0.006663453,0.001743668,0.651316975,0.994622271,BARBUNYA,SIRA
27611,617.395,221.3494523,160.0611852,1.382905243,0.690727298,28061,187.4977788,0.73394471,0.983963508,0.910260682,0.84706683,0.008016713,0.002545932,0.717522214,0.992265232,DERMASON,DERMASON
55191,862.202,297.5859178,236.6141496,1.257684371,0.606462551,55791,265.0874643,0.754408267,0.989245577,0.932953665,0.89079304,0.005391928,0.002094263,0.793512239,0.997987941,SEKER,SEKER
34460,677.801,245.457549,179.0722248,1.370718152,0.68393326,34864,209.4655931,0.757828994,0.988412116,0.942585439,0.8533679,0.00712297,0.002330162,0.728236773,0.998207363,DERMASON,DERMASON
31408,662.892,246.5555528,162.9998976,1.512611704,0.750290576,31842,199.9747675,0.692492559,0.986370203,0.898182503,0.811073874,0.007850088,0.00209554,0.65784083,0.995057738,DERMASON,DERMASON
48597,821.543,313.7206419,197.823364,1.585862436,0.776130987,48998,248.7481099,0.752566783,0.991815992,0.904812778,0.792896854,0.006455556,0.001573911,0.62868542,0.997008592,SIRA,SIRA
35247,682.573,234.9905396,191.2353297,1.228802962,0.581144872,35605,211.8439856,0.759012016,0.989945232,0.950678806,0.90150006,0.006666966,0.002716258,0.812702358,0.998651065,SEKER,SEKER
29509,642.899,246.5684857,152.9142698,1.612462238,0.78446779,29832,193.8350477,0.77347907,0.9891727,0.897178497,0.786130666,0.008355705,0.001968529,0.618001423,0.996503958,DERMASON,DERMASON
33165,671.026,251.4302173,168.315167,1.493806065,0.742874293,33461,205.4920668,0.809060304,0.991153881,0.92557405,0.817292643,0.007581192,0.002086544,0.667967264,0.99781355,DERMASON,DERMASON
72465,1027.436,398.7005143,233.0421625,1.710851419,0.811390615,73476,303.752043,0.816442647,0.986240405,0.862638035,0.761855157,0.005501974,0.001143373,0.58042328,0.993017993,CALI,CALI
54711,927.837,373.3052402,187.3321918,1.992744741,0.864971831,55389,263.9322048,0.780693493,0.987759302,0.798621766,0.707014465,0.006823221,0.001051677,0.499869454,0.996112226,HOROZ,HOROZ
48165,824.701,310.0210088,198.2599821,1.563709456,0.768786946,48758,247.6400264,0.806905564,0.987837893,0.889914711,0.798784661,0.006436645,0.001616435,0.638056935,0.997735662,BARBUNYA,SIRA
45598,774.842,260.7270609,223.1483769,1.168402229,0.5171916,45973,240.9505691,0.790479162,0.991843038,0.954397628,0.92414868,0.005717949,0.00257269,0.854050783,0.997874838,SEKER,SEKER
43290,750.678,252.755722,218.4624697,1.156975486,0.502937901,43615,234.7733799,0.784395441,0.992548435,0.96536172,0.928854856,0.005838663,0.002680925,0.862771344,0.998205295,SEKER,SEKER
76127,1050.11,405.5025491,240.367573,1.687010207,0.805375739,76860,311.3324699,0.706495411,0.99046318,0.867518992,0.767769452,0.005326659,0.001141716,0.589469931,0.994441791,CALI,CALI
39124,714.589,250.9005173,198.8473915,1.261774245,0.609826688,39451,223.1910033,0.768584001,0.991711237,0.962809709,0.889559757,0.006412957,0.002477072,0.791316562,0.998462858,SEKER,SEKER
50702,892.127,363.6502616,178.5447762,2.036745456,0.871171199,51307,254.0783174,0.615577005,0.988208237,0.80053733,0.69868867,0.007172306,0.001054322,0.488165857,0.994269591,HOROZ,HOROZ
72044,1009.725,380.233959,242.8633627,1.565629146,0.769438534,72712,302.8684034,0.735090351,0.990813071,0.887976481,0.796531704,0.005277802,0.001310524,0.634462756,0.993333382,BARBUNYA,CALI
42338,744.146,258.7353672,208.6279737,1.240175814,0.591455984,42717,232.1775524,0.750593908,0.991127654,0.960779879,0.897355298,0.006111185,0.002444347,0.80524653,0.998647271,SEKER,SEKER
37791,713.544,245.0519162,196.5277781,1.246907275,0.597345174,38169,219.3558653,0.764010189,0.990096675,0.932731687,0.89514038,0.006484399,0.002568113,0.801276299,0.999117247,SEKER,SEKER
41022,728.902,253.6010398,206.2107683,1.229814727,0.582081274,41344,228.5406585,0.779530252,0.992211687,0.970260632,0.901181867,0.006182074,0.002515149,0.812128758,0.998767907,SEKER,SEKER
44946,803.695,303.809435,189.1890869,1.605850739,0.782442466,45508,239.2217059,0.740217391,0.987650523,0.874416569,0.787407099,0.006759432,0.001602829,0.62000994,0.99564342,SIRA,SIRA
50300,891.244,362.9934357,177.6220912,2.043627756,0.872101003,50981,253.0690599,0.687618761,0.986642082,0.795764592,0.697172552,0.007216569,0.001051651,0.486049567,0.993304387,HOROZ,HOROZ
48831,871.27,318.9514291,195.5799615,1.630798098,0.78993026,49662,249.3462657,0.789009355,0.983266884,0.808350965,0.781768768,0.006531741,0.00150495,0.611162406,0.996682489,BARBUNYA,SIRA
31289,647.136,240.1355453,166.1431134,1.44535359,0.722019964,31637,199.5955714,0.760549344,0.989000221,0.938880733,0.831178788,0.007674759,0.002259552,0.690858177,0.998534346,DERMASON,DERMASON
47500,827.373,308.7520765,196.3719694,1.572281815,0.771673978,48005,245.924538,0.712250712,0.989480262,0.871968478,0.796511365,0.006500044,0.001613853,0.634430355,0.99750331,SIRA,SIRA
37477,715.262,265.2159798,180.1360707,1.47230912,0.733948435,37785,218.4426662,0.805264289,0.991848617,0.92054363,0.823640666,0.007076767,0.002008934,0.678383947,0.998790872,DERMASON,DERMASON
44710,795.704,296.3738099,193.6285731,1.530630553,0.757077121,45291,238.5928332,0.813056919,0.987171844,0.887383709,0.805040207,0.006628804,0.001717454,0.648089735,0.991985949,SIRA,SIRA
38183,721.729,246.5615485,197.5135069,1.248327531,0.598568249,38626,220.4906019,0.798173001,0.988531041,0.921152636,0.894261913,0.006457364,0.002547382,0.799704369,0.99829298,SEKER,SEKER
51932,897.618,313.7611961,211.334637,1.484665271,0.739139388,52906,257.1417431,0.726402954,0.98158999,0.809956708,0.819546032,0.00604177,0.00168127,0.671655698,0.997183889,BARBUNYA,SIRA
32314,663.884,247.4085741,166.732697,1.483863564,0.738807605,32657,202.8385137,0.709013516,0.989496892,0.921332053,0.819852402,0.00765639,0.002133764,0.672157961,0.997390708,DERMASON,DERMASON
41724,769.477,282.9024233,189.4299351,1.493440955,0.742726781,42394,230.4878452,0.691710875,0.984195877,0.88553252,0.814725595,0.006780328,0.00184279,0.663777795,0.991312945,SIRA,SIRA
35952,711.106,273.0062527,167.9219844,1.625792202,0.788460996,36347,213.9521164,0.727125637,0.989132528,0.893437615,0.783689437,0.007593632,0.001766873,0.614169133,0.998511387,DERMASON,DERMASON
47668,846.128,300.1071521,202.8811611,1.479226314,0.736874947,48450,246.3590522,0.814754042,0.983859649,0.836690159,0.820903636,0.006295778,0.001763591,0.673882779,0.996825139,BARBUNYA,SIRA
28394,634.531,235.5697753,153.8958653,1.530708929,0.757105987,28791,190.1377491,0.702821782,0.986210969,0.886197975,0.807139833,0.008296463,0.00217204,0.65147471,0.997218156,DERMASON,DERMASON
45236,824.056,334.3255057,172.7937102,1.93482451,0.85608036,45823,239.9922166,0.79261284,0.987189839,0.837106295,0.717839987,0.007390696,0.00121053,0.515294247,0.997003939,HOROZ,HOROZ
28608,636.556,231.6683536,157.4549414,1.471331109,0.733530376,28983,190.8529195,0.743605739,0.987061381,0.887205303,0.823819553,0.008098027,0.002300845,0.678678656,0.99856102,DERMASON,DERMASON
26920,607.998,227.5359148,151.0809268,1.50605321,0.747743971,27204,185.1367293,0.799429827,0.989560359,0.915125418,0.813659371,0.0084523,0.002285205,0.662041572,0.997069835,DERMASON,DERMASON
45729,804.843,301.5856969,194.1467777,1.553390175,0.765233122,46214,241.2964383,0.785451735,0.989505345,0.887113577,0.800092447,0.006595064,0.001667092,0.640147924,0.994399496,SIRA,SIRA
28572,629.666,233.195044,156.4285063,1.490745194,0.741633366,28913,190.7327981,0.753600253,0.988205997,0.905586665,0.817911028,0.008161663,0.002253112,0.66897845,0.997276409,DERMASON,DERMASON
69609,997.88,392.4624072,226.3016669,1.734244438,0.817012481,70137,297.7061159,0.8035671,0.992471876,0.878453185,0.758559573,0.005638099,0.001151519,0.575412626,0.997906146,CALI,CALI
60413,977.491,390.7232106,199.2938491,1.960538232,0.860136444,61469,277.3449488,0.765050781,0.982820609,0.794538108,0.709824605,0.006467535,0.001012798,0.50385097,0.987819091,HOROZ,HOROZ
66235,982.152,387.1243739,219.4597449,1.76398808,0.823788506,67073,290.4014829,0.755184877,0.98750615,0.862859319,0.750150346,0.00584471,0.001141658,0.562725541,0.992641146,CALI,CALI
29054,621.3,229.3542841,161.7145945,1.418265834,0.709121372,29351,192.3348687,0.757344316,0.989881094,0.945830009,0.838592876,0.007894069,0.00240816,0.703238012,0.997378445,DERMASON,DERMASON
39535,723.825,254.5019092,198.2914786,1.283473758,0.626855513,39943,224.3602581,0.747947331,0.989785444,0.948253489,0.88156611,0.006437382,0.002398328,0.777158806,0.997462934,SEKER,SEKER
47186,868.831,356.7470104,168.9603752,2.111424114,0.880732529,47855,245.1103449,0.722326827,0.98602027,0.785511253,0.687070494,0.007560442,0.001039279,0.472065864,0.99673125,HOROZ,HOROZ
46150,804.515,303.9296996,194.8274072,1.559994582,0.767517604,46644,242.4046307,0.74050897,0.989409142,0.896010869,0.797568092,0.006585692,0.001643813,0.636114862,0.992335738,SIRA,SIRA
46887,789.514,276.5854475,216.185838,1.279387448,0.623749824,47344,244.3325245,0.762452232,0.990347246,0.945241191,0.883388937,0.005898979,0.002215973,0.780376014,0.998403277,SEKER,SEKER
31136,655.339,242.2245189,163.9991576,1.47698636,0.735933043,31546,199.1069724,0.756205372,0.987003107,0.911046732,0.821993468,0.007779564,0.002190829,0.675673262,0.997960192,DERMASON,DERMASON
37438,698.989,238.7938728,199.7549906,1.195433826,0.547941889,37738,218.3289767,0.776222761,0.992050453,0.962901407,0.914298906,0.006378382,0.002749433,0.83594249,0.99931393,SEKER,SEKER
36598,691.778,242.298842,192.637272,1.257798346,0.606557,36971,215.8657473,0.774790414,0.989911011,0.961022872,0.890907053,0.006620549,0.002572784,0.793715377,0.998333888,SEKER,SEKER
70322,1019.083,400.2240975,226.1837303,1.769464572,0.824993163,71199,299.2269227,0.810142623,0.987682411,0.850906741,0.747648441,0.005691307,0.001096937,0.558978192,0.989092107,CALI,CALI
31410,665.924,253.1598882,158.1892467,1.600360919,0.780737581,31904,199.9811344,0.732594752,0.984516048,0.890078818,0.789940049,0.00805985,0.001935901,0.62400528,0.998633664,DERMASON,DERMASON
29495,631.626,227.8184094,165.4037898,1.377346974,0.687659366,29906,193.7890615,0.784775436,0.986256938,0.929048244,0.850629508,0.007723967,0.002494491,0.72357056,0.996607721,DERMASON,DERMASON
37503,766.505,308.1607301,155.3628758,1.983490126,0.863609203,38070,218.5184263,0.676949458,0.985106383,0.802132087,0.709105363,0.008216962,0.001281546,0.502830416,0.997359164,HOROZ,HOROZ
50575,858.52,314.32679,205.4662817,1.529821766,0.756778917,51389,253.7599062,0.712123346,0.984160034,0.862273267,0.807312371,0.006215063,0.001628515,0.651753265,0.997066331,BARBUNYA,SIRA
68552,1014.755,390.4415269,226.0322675,1.727370748,0.815388241,69827,295.437163,0.761485826,0.981740587,0.836580224,0.75667454,0.005695553,0.001151734,0.57255636,0.989017108,CALI,CALI
42421,786.412,302.6513978,179.1325303,1.689539009,0.806027985,42926,232.405023,0.697989338,0.988235568,0.861966728,0.767896744,0.007134471,0.001530216,0.58966541,0.996262712,SIRA,SIRA
27227,602.784,216.5306559,160.4275581,1.349709853,0.671615383,27481,186.1894011,0.722239907,0.99075725,0.941642872,0.859875477,0.007952792,0.002681894,0.739385836,0.997956349,DERMASON,DERMASON
31521,660.996,238.5486392,168.7439252,1.413672457,0.706836021,31863,200.33418,0.711567114,0.989266547,0.906592638,0.83980433,0.007567927,0.002322037,0.705271312,0.997022628,DERMASON,DERMASON
32283,675.327,251.396345,164.111623,1.531861914,0.757529998,32748,202.7411952,0.743985066,0.98580066,0.889519603,0.806460393,0.007787267,0.002031875,0.650378365,0.996289848,DERMASON,DERMASON
31093,668.238,254.2949545,155.8707782,1.631447263,0.790119606,31472,198.9694378,0.775599292,0.98795755,0.875004232,0.782435649,0.008178527,0.001890817,0.612205545,0.99878106,DERMASON,DERMASON
30385,638.138,234.0248794,165.5446165,1.413666505,0.706833041,30690,196.6910866,0.743636809,0.990061909,0.937648128,0.840470839,0.007701987,0.002370681,0.706391231,0.998601622,DERMASON,DERMASON
28671,624.75,236.5879564,154.5129816,1.531184979,0.757281199,28969,191.0629503,0.727247362,0.989713142,0.923081772,0.807576823,0.008251821,0.002165035,0.652180326,0.998608718,DERMASON,DERMASON
50641,888.595,359.820388,179.7825674,2.001419788,0.86623009,51236,253.9254296,0.623365913,0.988387072,0.805943147,0.705700505,0.007105318,0.001087039,0.498013203,0.996733479,HOROZ,HOROZ
30768,647.162,236.5545568,165.8821221,1.426040093,0.712922771,31137,197.9268408,0.709561367,0.988149147,0.923173042,0.836706946,0.007688331,0.00232437,0.700078513,0.998340028,DERMASON,DERMASON
33847,681.702,248.1214785,174.01962,1.425824734,0.712818574,34224,207.5941687,0.754099456,0.988984338,0.915252469,0.836663436,0.007330679,0.002215782,0.700005705,0.998085448,DERMASON,DERMASON
39419,742.776,274.0830961,184.586766,1.484846948,0.739214478,39978,224.0308675,0.817143449,0.98601731,0.897841636,0.817383015,0.006953071,0.001914515,0.668114994,0.992048509,SIRA,SIRA
45968,841.037,346.6311768,169.4391061,2.045756642,0.872386519,46394,241.9261776,0.69270645,0.990817778,0.816648687,0.697935425,0.007540706,0.001103704,0.487113857,0.996516409,HOROZ,HOROZ
28461,633.854,239.9876164,151.9461717,1.579425225,0.774035894,28896,190.3619465,0.711276053,0.984946013,0.890187617,0.793215706,0.008432157,0.002059129,0.629191156,0.993760383,DERMASON,DERMASON
49967,878.754,313.3752665,203.3398832,1.541140191,0.760899084,50787,252.2299751,0.740120275,0.983854136,0.813127239,0.804881565,0.006271645,0.001623638,0.647834334,0.99840353,BARBUNYA,SIRA
51593,858.452,332.0153434,198.6672313,1.671213422,0.801221686,52123,256.3010882,0.809937206,0.989831744,0.879768914,0.771955554,0.006435279,0.001409666,0.595915377,0.995901776,SIRA,SIRA
45713,804.837,312.0434641,187.0942954,1.667840612,0.800316568,46090,241.2542213,0.77806713,0.991820351,0.886816409,0.773143004,0.006826143,0.001504508,0.597750105,0.996951901,SIRA,SIRA
39246,715.008,247.4818391,202.1018397,1.224540258,0.577157278,39569,223.5387196,0.778875923,0.991837044,0.964680415,0.903253024,0.006305912,0.002589199,0.815866026,0.999060795,SEKER,SEKER
41551,763.718,281.1913676,190.1086812,1.479108507,0.736825545,42124,230.0095135,0.758285276,0.986397303,0.895210755,0.817982129,0.006767379,0.001868855,0.669094763,0.989663756,SIRA,SIRA
44466,794.113,295.0061877,192.5444192,1.532146135,0.757634337,44975,237.9408952,0.703219889,0.988682601,0.88608078,0.806562388,0.006634422,0.001731947,0.650542886,0.996726768,SIRA,SIRA
41469,792.831,316.8884731,167.5176274,1.891672405,0.848850639,41936,229.7824421,0.664141576,0.988863983,0.829033693,0.72512086,0.007641575,0.001303179,0.525800261,0.994641845,HOROZ,HOROZ
33950,686.105,258.5818308,167.7839639,1.541159387,0.760905976,34240,207.9097942,0.720500849,0.991530374,0.906292684,0.804038681,0.007616549,0.001963567,0.646478201,0.996325947,DERMASON,DERMASON
48604,862.362,346.6356706,179.0802229,1.935644623,0.856212528,49119,248.7660243,0.623415936,0.989515259,0.821301572,0.717658468,0.007131834,0.00116695,0.515033677,0.996922167,HOROZ,HOROZ
43711,781.407,291.9095106,191.2036306,1.526694393,0.755620262,44248,235.9122162,0.785632122,0.987863858,0.899592884,0.808168996,0.00667817,0.0017573,0.653137126,0.997140788,SIRA,SIRA
31561,651.027,234.7007196,171.7635206,1.366417729,0.681475828,31856,200.4612513,0.808737988,0.990739578,0.935755996,0.854114344,0.007436416,0.002441223,0.729511313,0.996817192,DERMASON,DERMASON
59622,963.272,384.2858517,198.9986156,1.931098117,0.855477442,60247,275.5232987,0.654546652,0.989626039,0.807455377,0.71697487,0.00644537,0.001050614,0.514052965,0.992686712,HOROZ,HOROZ
33159,653.801,222.4440287,189.98042,1.170878708,0.520175444,33415,205.4734778,0.788111423,0.99233877,0.974810341,0.923708669,0.006708406,0.003012584,0.853237706,0.999037863,SEKER,SEKER
26641,617.725,230.1621761,147.7033639,1.558273082,0.766925585,27067,184.1748482,0.721841385,0.984261278,0.877344243,0.800195981,0.008639397,0.002184986,0.640313608,0.997783459,DERMASON,DERMASON
58138,947.842,385.5418098,192.5845861,2.001934929,0.866304237,58857,272.0727856,0.807393726,0.987783951,0.81320128,0.705689444,0.006631494,0.001014485,0.497997592,0.996958774,HOROZ,HOROZ
36551,705.826,257.1654694,181.4023885,1.417652058,0.708817709,36979,215.7270929,0.781839572,0.988425863,0.921963702,0.838864928,0.007035798,0.002149123,0.703694367,0.997593768,SIRA,DERMASON
29909,646.672,239.7630481,159.3046756,1.505059705,0.747354532,30387,195.1443608,0.710849673,0.984269589,0.898759808,0.813905072,0.008016418,0.002169977,0.662441465,0.997013956,DERMASON,DERMASON
69272,1018.472,395.7520065,224.1743966,1.765375585,0.824094941,69978,296.9845951,0.76715727,0.989911115,0.83920759,0.750431053,0.005713015,0.001117605,0.563146766,0.994165551,CALI,CALI
38036,721.443,272.4953778,178.1629906,1.529472406,0.756649924,38409,220.0657614,0.781219192,0.990288734,0.918333981,0.807594474,0.007164144,0.001879825,0.652208835,0.997535415,DERMASON,DERMASON
43643,798.501,291.9057674,191.1758187,1.526896912,0.755695563,44293,235.7286437,0.730011374,0.985324995,0.860148688,0.807550484,0.00668849,0.001754634,0.652137784,0.995747169,SIRA,SIRA
44258,786.675,291.921597,194.7910702,1.498639525,0.744814239,44835,237.3837311,0.767408795,0.98713059,0.898692156,0.813176324,0.006595906,0.00177907,0.661255733,0.990983978,SIRA,SIRA
41493,737.428,251.1591551,210.7495966,1.191742045,0.543965223,41887,229.8489252,0.784070295,0.99059374,0.958838476,0.915152486,0.006053049,0.002618954,0.837504073,0.998088817,SEKER,SEKER
35354,694.439,260.4509213,173.2218668,1.503568378,0.746768122,35670,212.1652914,0.798274928,0.991141015,0.921255759,0.814607567,0.007366944,0.002001063,0.663585489,0.997746156,DERMASON,DERMASON
66871,990.128,372.9684585,229.4178899,1.625716541,0.788438664,67765,291.7923947,0.80186824,0.986807349,0.857166121,0.782351397,0.005577432,0.001288907,0.612073709,0.995058353,BARBUNYA,CALI
69144,997.499,383.3073234,231.6006247,1.655035792,0.796820163,70302,296.7100859,0.744508571,0.983528207,0.873251672,0.774078834,0.005543609,0.001227759,0.599198041,0.991694205,CALI,CALI
29701,643.652,250.322894,151.6272301,1.650909892,0.795672868,30035,194.4646182,0.808190476,0.98887964,0.900904362,0.776855105,0.008428096,0.001893518,0.603503855,0.996330483,DERMASON,DERMASON
50948,884.692,313.5564944,208.1921879,1.506091547,0.747758979,52063,254.6939503,0.71960452,0.978583639,0.817999059,0.812274518,0.006154442,0.001652646,0.659789892,0.99370398,BARBUNYA,SIRA
53749,871.252,330.7474713,208.4934352,1.586368755,0.776294458,54383,261.6015143,0.806206783,0.988341945,0.889800564,0.790940331,0.006153556,0.001485528,0.625586607,0.992411047,SIRA,SIRA
34397,690.454,261.0256485,168.1634162,1.552214236,0.764822578,34818,209.2740324,0.749389978,0.987908553,0.906694394,0.801737429,0.007588617,0.001934065,0.642782905,0.997736776,DERMASON,DERMASON
47321,818.657,303.5900195,199.3350357,1.523013847,0.754245206,47878,245.460727,0.720127222,0.988366264,0.887278215,0.808526998,0.006415545,0.001691186,0.653715906,0.995618377,SIRA,SIRA
29893,646.44,240.1605962,158.8738063,1.511643749,0.749917353,30316,195.092157,0.761217214,0.986046972,0.898923891,0.812340409,0.008034008,0.002158064,0.65989694,0.997529085,DERMASON,DERMASON
28410,643.165,245.5352113,147.9902013,1.659131545,0.797949007,28845,190.1913128,0.726505562,0.984919397,0.863050666,0.774598934,0.008642563,0.001919243,0.600003508,0.995484747,DERMASON,DERMASON
37366,700.27,238.9641177,199.2270846,1.199455978,0.552200573,37744,218.1189328,0.762073748,0.989985163,0.957536706,0.912768557,0.006395229,0.002738284,0.833146438,0.999322476,SEKER,SEKER
40845,749.469,262.261607,198.6839209,1.319994118,0.652743332,41310,228.0470767,0.77141724,0.988743646,0.913779512,0.869540454,0.006420899,0.002264304,0.756100601,0.998048346,SEKER,SEKER
31877,666.153,247.2493381,164.4753077,1.503261137,0.746647037,32245,201.4622966,0.776276057,0.988587378,0.902691453,0.814814301,0.007756355,0.002108978,0.663922345,0.99804866,DERMASON,DERMASON
27049,606.037,221.5214767,156.1604125,1.418550791,0.709262175,27354,185.5797846,0.837067525,0.988849894,0.925470966,0.837750756,0.008189636,0.002488306,0.70182633,0.995576295,DERMASON,DERMASON
33647,679.982,251.691287,170.9740416,1.472102341,0.733860135,34049,206.9799289,0.770677294,0.988193486,0.914452979,0.822356353,0.007480349,0.002110288,0.676269972,0.995538608,DERMASON,DERMASON
31915,640.718,216.3203615,188.0653069,1.150240653,0.494138341,32184,201.5823407,0.777655945,0.99164181,0.976946683,0.93186947,0.006778015,0.003152845,0.868380709,0.998846794,SEKER,SEKER
34856,697.267,265.273145,167.9044084,1.579905778,0.77419338,35226,210.665701,0.793606703,0.989496395,0.90092614,0.794146354,0.007610545,0.001867229,0.630668432,0.9963967,DERMASON,DERMASON
41333,731.681,246.8862388,213.660101,1.155509323,0.50104844,41715,229.4053402,0.791137908,0.990842623,0.970204393,0.92919452,0.005973102,0.002746669,0.863402456,0.997669588,SEKER,SEKER
51774,922.242,379.9247168,173.912709,2.184571323,0.88907801,52512,256.7502759,0.650018832,0.985946069,0.764947783,0.675792505,0.007338137,0.000944102,0.456695509,0.997683913,HOROZ,HOROZ
48246,828.052,307.8508642,200.9466638,1.532002863,0.75758175,48922,247.8481694,0.741105991,0.986182086,0.884211086,0.80509168,0.006380858,0.001653637,0.648172613,0.993002299,SIRA,SIRA
49169,833.183,303.1930779,207.3084551,1.462521525,0.729715759,49730,250.207744,0.705559063,0.988719083,0.890062368,0.825242271,0.006166346,0.001764142,0.681024805,0.996013437,SIRA,SIRA
69900,1013.617,397.2660549,225.9760098,1.758001016,0.822456587,70844,298.3277462,0.668669167,0.986674948,0.854947149,0.75095202,0.005683348,0.001114892,0.563928936,0.991387642,CALI,CALI
37777,716.007,250.1746618,192.7040335,1.298232618,0.637708265,38174,219.3152304,0.770518887,0.989600251,0.925982531,0.876648453,0.006622407,0.002412668,0.768512511,0.997708009,SEKER,SEKER
73932,1026.43,397.8289474,239.2031365,1.663142688,0.79904493,75124,306.8112547,0.808751299,0.9841329,0.881827514,0.771214002,0.005381012,0.001174203,0.594771037,0.989189102,CALI,CALI
36162,709.297,272.7493338,169.2266583,1.611739761,0.784247937,36487,214.5760667,0.698782609,0.991092718,0.903246027,0.786715273,0.007542429,0.00178222,0.618920921,0.997539458,DERMASON,DERMASON
67448,1006.165,380.9752924,226.8285116,1.679574097,0.80343755,68544,293.0485639,0.725809229,0.984010271,0.8372218,0.769206218,0.00564843,0.001219772,0.591678206,0.993767388,BARBUNYA,CALI
31746,669.002,242.5025068,167.58032,1.447082252,0.722811047,32134,201.0479112,0.696764848,0.987925562,0.891341328,0.829054981,0.007638837,0.002226078,0.687332161,0.994626172,DERMASON,DERMASON
46628,801.894,296.6679405,200.6001221,1.478902094,0.736738951,47089,243.6567534,0.719856733,0.990210028,0.91121891,0.821311373,0.006362442,0.001785809,0.674552371,0.997596913,SIRA,SIRA
33717,664.363,231.6225255,185.6531262,1.247609077,0.597950376,33985,207.1951199,0.766225798,0.992114168,0.959948457,0.894537867,0.006869607,0.002713355,0.800197996,0.998334283,SEKER,SEKER
47659,810.033,299.9297382,202.8816436,1.478348326,0.736506405,48129,246.3357941,0.719685301,0.990234578,0.912744796,0.82131167,0.006293244,0.001766389,0.674552859,0.99722409,SIRA,SIRA
62728,981.369,371.758835,217.0091579,1.713102058,0.811943246,63882,282.6088643,0.770993117,0.981935443,0.818477292,0.760194077,0.005926521,0.001220893,0.577895034,0.989993172,CALI,CALI
37679,707.574,242.4523172,198.1308566,1.223697921,0.57636108,38045,219.030575,0.778491736,0.990379813,0.945726372,0.903396501,0.00643468,0.00264375,0.816125238,0.998690757,SEKER,SEKER
48717,821.827,301.7234704,206.2969016,1.462569084,0.729736592,49161,249.0550359,0.707931295,0.990968451,0.90642023,0.825441374,0.006193392,0.00177359,0.681353462,0.996526508,SIRA,SIRA
27837,612.74,217.883703,163.5326906,1.332355642,0.66081326,28153,188.2635631,0.751457726,0.988775619,0.93170801,0.864055276,0.007827126,0.002691214,0.74659152,0.994725424,DERMASON,DERMASON
37094,691.978,240.5905134,196.4977874,1.22439299,0.577018274,37364,217.3236013,0.759873812,0.992773793,0.973484312,0.903292479,0.006485968,0.002663595,0.815937302,0.999027913,SEKER,SEKER
41318,764.817,289.4467935,182.7237103,1.584068061,0.775550113,41862,229.3637101,0.780763416,0.987004921,0.887634329,0.792420974,0.007005344,0.001703857,0.627931,0.994685442,SIRA,SIRA
32600,673.72,249.5018232,166.9111706,1.494818006,0.743282421,33108,203.734163,0.798549873,0.984656276,0.902544417,0.816563824,0.00765343,0.002098923,0.666776479,0.996709488,DERMASON,DERMASON
56069,932.592,374.0643532,191.5440162,1.952889788,0.858948688,56798,267.1877019,0.776578947,0.987165041,0.810119905,0.714282715,0.0066715,0.001071233,0.510199797,0.996363974,HOROZ,HOROZ
28749,626.105,229.6698895,159.9659553,1.435742306,0.717553085,29085,191.322669,0.715184835,0.988447653,0.921591081,0.833033313,0.007988796,0.00237307,0.693944501,0.996325478,DERMASON,DERMASON
28788,638.503,243.2529008,151.1621769,1.609218032,0.783477754,29118,191.4523962,0.682180095,0.988666804,0.887351063,0.787050825,0.008449802,0.002000034,0.619449001,0.996828502,DERMASON,DERMASON
25664,587.382,214.9097644,152.2693493,1.411379017,0.705683804,25922,180.7662017,0.791219633,0.990047064,0.934744553,0.841126052,0.008373978,0.002585568,0.707493036,0.998540825,DERMASON,DERMASON
33546,682.661,249.9435974,171.391512,1.458319578,0.727864718,33969,206.669044,0.800391296,0.98754747,0.904566337,0.826862725,0.007450772,0.002148398,0.683701966,0.997055962,DERMASON,DERMASON
25380,582.891,216.6782868,149.4362833,1.449971065,0.724124823,25623,179.7632322,0.792258467,0.990516333,0.938699923,0.829631962,0.008537364,0.002494856,0.688289192,0.997999413,DERMASON,DERMASON
34283,692.028,256.3055328,170.9765596,1.499068255,0.744985164,34703,208.9269521,0.709704799,0.9878973,0.899583227,0.815148038,0.00747617,0.002036127,0.664466323,0.996080371,DERMASON,DERMASON
30015,641.881,236.1660032,162.1171454,1.456761422,0.727173038,30321,195.4898589,0.789951574,0.989907985,0.915459573,0.827764607,0.007868266,0.002278695,0.685194245,0.998164542,DERMASON,DERMASON
37865,707.053,243.0580212,198.4945625,1.224507201,0.577126083,38220,219.5705248,0.779821237,0.990711669,0.951796025,0.903366709,0.006419068,0.002636988,0.816071412,0.99928532,SEKER,SEKER
54438,950.299,388.10464,179.5773303,2.16121177,0.886513157,55217,263.2728895,0.710215264,0.985892026,0.757515425,0.678355429,0.007129296,0.000931227,0.460166088,0.994516365,HOROZ,HOROZ
48096,861.472,346.1250999,177.6646917,1.948192951,0.858211531,48665,247.4625813,0.708805541,0.988307819,0.81439761,0.714951274,0.007196546,0.001159871,0.511155325,0.995829201,HOROZ,HOROZ
69651,997.465,361.7028949,245.9155265,1.470842041,0.733320917,70419,297.7959159,0.746183431,0.989093853,0.87971478,0.823316374,0.005193075,0.001471877,0.677849852,0.997010059,BARBUNYA,CALI
36623,712.553,263.225672,177.7805501,1.480621316,0.737458783,37100,215.9394634,0.714149214,0.987142857,0.906419907,0.820358674,0.007187442,0.002008025,0.672988355,0.996440903,DERMASON,DERMASON
32152,655.638,239.6042975,171.1001951,1.400374192,0.700048958,32469,202.329429,0.769923372,0.990236841,0.939917257,0.844431553,0.007452236,0.002337352,0.713064648,0.99855733,DERMASON,DERMASON
52486,869.965,335.8171369,199.6001234,1.682449545,0.804190626,53143,258.5096724,0.739697841,0.98763713,0.871464657,0.769792974,0.006398223,0.00138591,0.592581223,0.996988008,SIRA,SIRA
49362,836.657,325.7739689,193.7052222,1.681802717,0.80402162,49880,250.6983255,0.687607957,0.989615076,0.886150963,0.769546831,0.006599691,0.001427722,0.592202326,0.99596748,SIRA,SIRA
43128,792.5,295.2992816,186.8277565,1.580596412,0.774419405,43758,234.3336832,0.688934682,0.985602633,0.862920211,0.793546405,0.006847043,0.001674835,0.629715896,0.995326686,SIRA,SIRA
40146,732.715,254.082944,201.5371523,1.260725088,0.60896859,40549,226.0873167,0.767257855,0.990061407,0.939684319,0.889816975,0.006328973,0.002447461,0.791774249,0.99820966,SEKER,SEKER
43099,815.39,328.2340777,168.6101161,1.946704535,0.85797668,43710,234.254885,0.69766576,0.986021505,0.814603545,0.713682402,0.007615817,0.001218754,0.509342571,0.991539493,HOROZ,HOROZ
36156,683.782,238.9798107,192.8749179,1.239040375,0.590447292,36404,214.5582648,0.780401468,0.993187562,0.971750815,0.897809167,0.006609686,0.00264909,0.8060613,0.998742496,SEKER,SEKER
35860,708.973,274.2225823,167.103004,1.641039214,0.792886027,36261,213.6781928,0.696784222,0.988941287,0.896521599,0.779214429,0.007647032,0.001739004,0.607175126,0.996398191,DERMASON,DERMASON
42379,759.965,251.0375673,215.2179124,1.166434357,0.514794568,42840,232.2899453,0.763585586,0.989239029,0.922090156,0.925319456,0.005923631,0.002678765,0.856216096,0.998719872,SEKER,SEKER
48609,868.202,340.9986705,182.5553282,1.867919571,0.844627179,49294,248.7788195,0.767732765,0.986103785,0.810373045,0.7295595,0.007015134,0.00122591,0.532257064,0.994213387,HOROZ,HOROZ
35532,676.181,231.1069967,195.8801972,1.179838493,0.530677806,35820,212.6987247,0.791640674,0.991959799,0.976570477,0.920347405,0.006504193,0.002878594,0.847039346,0.999369626,SEKER,SEKER
53119,931.513,385.8848811,176.382532,2.187772659,0.889422562,53819,260.0638602,0.656893055,0.986993441,0.769275523,0.673941564,0.007264536,0.000924435,0.454197231,0.993680284,HOROZ,HOROZ
77345,1070.01,406.6499303,244.8217037,1.661004413,0.798461887,78693,313.813181,0.767022353,0.982870141,0.848919354,0.771703516,0.005257611,0.001150191,0.595526317,0.98917184,CALI,CALI
50170,872.199,355.3250143,180.1931522,1.971911862,0.861874248,50757,252.7418208,0.769053897,0.988435093,0.828748578,0.711297574,0.00708242,0.001118322,0.505944239,0.997677447,HOROZ,HOROZ
35117,694.419,258.12303,173.6919044,1.486097069,0.739730225,35508,211.4529572,0.706408915,0.988988397,0.915132716,0.819194464,0.007350372,0.002041913,0.67107957,0.997289382,DERMASON,DERMASON
50094,847.172,334.6608374,191.2143222,1.750187087,0.820694336,50531,252.5503153,0.767771204,0.991351843,0.87710662,0.754645561,0.006680657,0.001336506,0.569489922,0.996713908,SIRA,SIRA
45755,800.907,295.8161009,197.8327208,1.495283993,0.743470006,46287,241.3650252,0.803663956,0.988506492,0.896363667,0.815929304,0.006465219,0.001767556,0.665740628,0.995471305,SIRA,SIRA
67234,990.278,366.7312389,234.1429528,1.566270668,0.769655626,68057,292.5833002,0.752436909,0.987907195,0.861558065,0.797813955,0.00545455,0.001363155,0.636507107,0.996942411,BARBUNYA,CALI
37413,713.916,268.288886,178.0218441,1.507055987,0.748136058,37777,218.2560677,0.748994014,0.990364508,0.922440085,0.813511402,0.007171007,0.001937379,0.661800801,0.997370859,DERMASON,DERMASON
41283,737.859,265.0457183,198.5290071,1.335047821,0.662528349,41610,229.2665438,0.767113869,0.992141312,0.95287154,0.865007537,0.006420215,0.00221722,0.748238038,0.998933563,SEKER,SEKER
42307,741.757,262.2280897,205.7696826,1.274376703,0.619879098,42592,232.0925363,0.753329772,0.993308603,0.966270648,0.885078851,0.00619822,0.002346252,0.783364572,0.998301561,SEKER,SEKER
47482,825.566,318.6001777,191.2113178,1.666220292,0.799879421,48063,245.8779373,0.702604321,0.987911699,0.875457908,0.771744508,0.006709915,0.001468219,0.595589585,0.992383453,SIRA,SIRA
26693,599.723,224.4321443,151.6263309,1.48016603,0.737268469,26950,184.3545041,0.759013876,0.990463822,0.932622397,0.82142647,0.008407903,0.002361251,0.674741446,0.998729367,DERMASON,DERMASON
56484,926.135,377.5669311,192.1443589,1.965016997,0.860824787,57143,268.1746864,0.763772075,0.988467529,0.827535654,0.710270589,0.006684494,0.001049406,0.504484309,0.991320242,HOROZ,HOROZ
29860,651.293,246.6331555,154.7007236,1.594259871,0.778817724,30256,194.9844425,0.760105896,0.986911687,0.88459982,0.790584875,0.00825965,0.001990377,0.625024445,0.99645139,DERMASON,DERMASON
30529,655.51,246.3624399,158.3707031,1.555606152,0.76600364,30915,197.156613,0.801706933,0.987514152,0.892819774,0.800270581,0.008069784,0.002041687,0.640433003,0.99626152,DERMASON,DERMASON
35587,691.127,253.3402294,179.3130241,1.412837861,0.70641759,35956,212.8632793,0.719656218,0.989737457,0.936236402,0.840226915,0.007118898,0.002188663,0.705981268,0.997437065,DERMASON,DERMASON
29388,634.152,239.4808208,156.3951407,1.53125487,0.757306906,29673,193.4372346,0.726975881,0.990395309,0.918318138,0.807735809,0.008148932,0.002139724,0.652437138,0.999047544,DERMASON,DERMASON
46324,808.065,291.8019271,203.0235359,1.437281278,0.718276238,46863,242.8611716,0.6906093,0.988498389,0.891504057,0.832280904,0.006299152,0.001864411,0.692691503,0.995592528,SIRA,SIRA
53870,928.608,383.5232584,179.6112825,2.13529603,0.883559383,54437,261.8958081,0.699292529,0.98958429,0.785040383,0.682868124,0.007119422,0.000954931,0.466308875,0.99570749,HOROZ,HOROZ
39629,719.764,245.4139047,205.8607852,1.19213528,0.544391949,40002,224.6268237,0.749640587,0.990675466,0.961264127,0.915297868,0.006192786,0.002681116,0.837770187,0.998735396,SEKER,SEKER
33726,685.815,260.8378894,164.978309,1.581043539,0.774565544,34116,207.2227712,0.719656879,0.988568414,0.901074585,0.794450421,0.00773403,0.001900434,0.631151472,0.997877957,DERMASON,DERMASON
54435,924.191,374.3003318,187.1468124,2.000035838,0.866030576,55218,263.2656351,0.728100799,0.985819841,0.800874787,0.703353999,0.006876097,0.001038048,0.494706848,0.989431424,HOROZ,HOROZ
33029,694.109,270.4288359,155.9618807,1.733941876,0.81694146,33482,205.0703024,0.758920981,0.986470342,0.861489399,0.758315221,0.008187618,0.001670077,0.575041974,0.997089359,DERMASON,DERMASON
34999,688.989,250.4135016,178.2378358,1.404940205,0.702408486,35406,211.0973965,0.759922703,0.988504773,0.926490399,0.842995267,0.007154876,0.002228858,0.71064102,0.99840814,DERMASON,DERMASON
37108,707.857,265.8743068,177.9248265,1.494306961,0.743076442,37379,217.3646085,0.736664483,0.99274994,0.930649931,0.817546498,0.007164878,0.001974415,0.668382277,0.998768289,DERMASON,DERMASON
35640,688.039,254.5170737,178.7279813,1.424047157,0.711956139,36020,213.0217298,0.777894185,0.989450305,0.946066027,0.8369644,0.007141332,0.002161658,0.700509407,0.997558429,SIRA,DERMASON
31464,666.041,240.9890351,166.7300862,1.445384217,0.722034012,31930,200.1529641,0.744886364,0.985405575,0.891295818,0.830548012,0.007659199,0.002248133,0.689810001,0.997040488,DERMASON,DERMASON
42348,775.415,288.4833711,187.6296384,1.537514934,0.759591731,42959,232.2049703,0.694138474,0.985777136,0.885063381,0.804916309,0.006812208,0.001763886,0.647890265,0.996140958,SIRA,SIRA
36345,682.374,230.7864931,200.7416487,1.149669212,0.493377288,36613,215.1183192,0.784142395,0.992680196,0.980865807,0.932109658,0.006349883,0.002956743,0.868828415,0.998865279,SEKER,SEKER
34882,680.065,234.5232449,189.5311789,1.237386093,0.588969591,35219,210.7442569,0.792916894,0.990431301,0.947786227,0.898607117,0.006723331,0.00270423,0.80749475,0.999182774,SEKER,SEKER
41087,735.676,254.4368651,206.014387,1.235044158,0.586861067,41518,228.72165,0.766034007,0.98961896,0.953984063,0.898932825,0.006192637,0.00249439,0.808080224,0.99801476,SEKER,SEKER
70724,1029.749,394.0018235,229.948757,1.713433152,0.812024329,71394,300.0809783,0.73887879,0.990615458,0.838134894,0.761623324,0.005570978,0.001156304,0.580070087,0.993911318,CALI,CALI
63408,1005.966,412.5516489,196.3377049,2.101234957,0.879493659,64200,284.1365395,0.798790627,0.987663551,0.787385321,0.688729618,0.006506303,0.000903044,0.474348486,0.996717621,HOROZ,HOROZ
44390,789.818,291.9659033,193.9742858,1.505178391,0.747401106,44806,237.7374674,0.770418966,0.990715529,0.89421295,0.81426449,0.00657729,0.001783564,0.66302666,0.997973401,SIRA,SIRA
34089,681.059,253.0028083,172.2909611,1.468462458,0.732297939,34434,208.3349775,0.767303667,0.989980833,0.923537751,0.823449269,0.007421831,0.002104933,0.678068698,0.995718427,DERMASON,DERMASON
68485,992.387,383.0813168,228.2138816,1.678606552,0.803183122,69084,295.2927534,0.783401968,0.991329396,0.873862678,0.770835696,0.005593653,0.001218211,0.59418767,0.997407316,CALI,CALI
41641,761.973,281.0476122,189.9692329,1.479437528,0.73696348,42155,230.2584806,0.773019232,0.987806903,0.901263637,0.819286379,0.0067493,0.001875778,0.671230171,0.993043105,DERMASON,SIRA
36439,689.312,237.3111158,195.7067932,1.212584969,0.565593065,36736,215.3963226,0.799276157,0.991915287,0.963706162,0.907653743,0.006512558,0.002726542,0.823835318,0.998970323,SEKER,SEKER
44107,790.967,293.0861424,192.846761,1.519787736,0.753029617,44651,236.9784307,0.727262235,0.987816622,0.885932542,0.808562386,0.00664489,0.00175195,0.653773132,0.993596389,SIRA,SIRA
33461,681.475,251.5077962,169.7970815,1.481225672,0.737711063,33824,206.4070454,0.703538614,0.989267975,0.905417581,0.820678518,0.007516446,0.002103219,0.67351323,0.997625087,DERMASON,DERMASON
48112,788.422,278.3762766,220.3733696,1.263202887,0.610989798,48427,247.5037393,0.801439232,0.993495364,0.972625846,0.889097815,0.005786005,0.002230266,0.790494925,0.998555471,SEKER,SEKER
43231,750.007,263.9812639,208.7413776,1.26463314,0.612148072,43567,234.6133388,0.786490076,0.992287741,0.965771782,0.888749964,0.006106296,0.002350044,0.789876499,0.998903997,SEKER,SEKER
52855,898.174,322.0487976,210.3559782,1.530970502,0.757202286,53855,259.4168,0.706551526,0.981431622,0.823331977,0.805520163,0.006093062,0.001582417,0.648862733,0.993389705,BARBUNYA,SIRA
30437,643.788,231.3406487,168.2115764,1.375295647,0.686514211,30827,196.8593204,0.704560185,0.987348753,0.922839029,0.85094998,0.007600639,0.002458363,0.724115869,0.995873402,DERMASON,DERMASON
45851,800.555,294.8902233,198.5318377,1.485354826,0.739424208,46409,241.6181002,0.749787415,0.98797647,0.899034437,0.819349308,0.006431489,0.001788001,0.671333288,0.997168139,SIRA,SIRA
38554,729.22,276.039205,178.3546308,1.547698558,0.763235288,38941,221.5591962,0.703591503,0.990061888,0.911091855,0.802636699,0.007159807,0.001832978,0.64422567,0.997067141,DERMASON,DERMASON
33344,661.508,225.3180561,188.668526,1.194253546,0.54667768,33692,206.0458672,0.763352487,0.989671139,0.957540959,0.914466735,0.006757379,0.002914941,0.83624941,0.998693823,SEKER,SEKER
31361,666.114,244.45512,163.71787,1.493148671,0.742608593,31744,199.8250869,0.737472075,0.987934728,0.888183383,0.817430565,0.007794876,0.002146804,0.668192729,0.997711085,DERMASON,DERMASON
40824,736.42,257.1585532,202.3097591,1.271112943,0.617320005,41179,227.9884453,0.749339207,0.991379101,0.945963261,0.886567615,0.0062992,0.00240056,0.786002137,0.999097489,SEKER,SEKER
68511,1014.54,393.7455185,223.5987805,1.760946628,0.823113853,69282,295.3488013,0.81370849,0.988871568,0.836434276,0.750100731,0.005747187,0.001122312,0.562651107,0.990798569,CALI,CALI
50090,847.229,327.783447,195.5280256,1.676401355,0.802601287,50665,252.540232,0.781703549,0.988650942,0.876918576,0.770448399,0.00654389,0.001422296,0.593590736,0.995096314,SIRA,SIRA
45388,800.96,307.0593315,188.7131332,1.627122216,0.788852955,45929,240.3950841,0.735147392,0.98822095,0.889056281,0.782894573,0.00676521,0.00156774,0.612923912,0.997302114,SIRA,SIRA
71606,1026.442,386.2098794,236.771031,1.63115343,0.790033936,72418,301.9463377,0.77616632,0.988787318,0.854064066,0.7818193,0.005393541,0.001243023,0.611241418,0.997028536,BARBUNYA,CALI
36262,701.915,256.2079586,180.7591999,1.417399273,0.708692492,36681,214.8725491,0.762431404,0.988577193,0.924895296,0.838664616,0.007065467,0.002156125,0.703358338,0.996939597,DERMASON,DERMASON
54154,933.472,380.6560643,181.928171,2.092342611,0.878396184,54745,262.5852515,0.698851465,0.989204494,0.780976226,0.689822851,0.00702914,0.000981821,0.475855566,0.995652877,HOROZ,HOROZ
37416,719.358,266.5843551,179.3004865,1.486802185,0.740020395,37868,218.2648181,0.757899854,0.988063801,0.908609065,0.818745789,0.007124876,0.001974938,0.670344667,0.996669915,SIRA,DERMASON
35205,699.559,266.0940154,169.0273393,1.574266131,0.77233403,35559,211.7177323,0.77520148,0.990044714,0.903993934,0.795650109,0.007558415,0.001868525,0.633059095,0.996603493,DERMASON,DERMASON
65488,984.521,384.4974309,218.9054779,1.75645413,0.822109888,66604,288.7592619,0.790860566,0.98324425,0.849027238,0.751004399,0.005871265,0.001152077,0.564007607,0.990653491,CALI,CALI
47496,793.007,276.264608,219.2654235,1.259955189,0.608336759,47965,245.914183,0.748675914,0.990222037,0.949101933,0.890140017,0.005816587,0.002252585,0.792349251,0.99832455,SEKER,SEKER
50429,839.831,317.2309113,203.0951777,1.561981505,0.768197907,50988,253.3933642,0.711379763,0.989036636,0.898475869,0.798766309,0.006290644,0.001579624,0.638027616,0.996587337,SIRA,SIRA
38290,719.888,270.4465104,180.5080659,1.498251666,0.744659447,38605,220.7993256,0.759903152,0.991840435,0.928464626,0.816425123,0.007063111,0.001935714,0.666549982,0.99865962,DERMASON,DERMASON
45429,790.537,295.6038877,196.2365392,1.50636517,0.747866054,45832,240.5036367,0.79241235,0.991207017,0.913479149,0.813601061,0.006506942,0.001758745,0.661946687,0.997133433,SIRA,SIRA
48412,800.234,282.5322441,218.7625208,1.29150205,0.632828211,48785,248.2741888,0.765407115,0.992354207,0.950011559,0.878746387,0.005835996,0.002146589,0.772195213,0.997291701,SEKER,SEKER
58248,958.961,384.6793719,193.4503333,1.988517494,0.864352047,58831,272.3300516,0.679276968,0.990090259,0.795955873,0.707940356,0.006604164,0.001023256,0.501179548,0.996604298,HOROZ,HOROZ
36346,701.618,254.456725,182.6728591,1.392964046,0.696152822,36671,215.1212786,0.767116927,0.991137411,0.927822802,0.845414003,0.007000955,0.002206047,0.714724837,0.995586001,DERMASON,DERMASON
33603,676.916,253.3384876,169.5361312,1.494303815,0.743075173,33953,206.8445513,0.792168604,0.989691633,0.921548841,0.816475038,0.007539163,0.002066686,0.666631488,0.996149976,DERMASON,DERMASON
29607,636.061,229.8764357,164.2182637,1.399822593,0.699761808,29974,194.156646,0.730207665,0.987756055,0.919616452,0.844613087,0.00776426,0.002437312,0.713371267,0.998593217,DERMASON,DERMASON
61911,985.026,408.7900346,194.1173368,2.105891423,0.880062273,62612,280.7624146,0.787711843,0.988804063,0.801829989,0.686813256,0.006602866,0.000906289,0.471712448,0.993375199,HOROZ,HOROZ
40429,723.823,243.9451797,211.2326665,1.15486484,0.500213343,40816,226.8827925,0.790864632,0.990518424,0.969701585,0.930056469,0.006033916,0.002784943,0.865005036,0.998963903,SEKER,SEKER
28262,628.251,228.451745,158.1130471,1.444863338,0.721794936,28719,189.6952715,0.786103694,0.98408719,0.899800808,0.830351598,0.008083354,0.002370388,0.689483776,0.99620983,DERMASON,DERMASON
27634,621.52,235.4088628,149.7871527,1.571622523,0.771453995,27960,187.5758555,0.804811277,0.988340486,0.898966277,0.796808809,0.008518812,0.002118241,0.634904278,0.997829863,DERMASON,DERMASON
29393,633.927,239.9994363,156.2160337,1.536330366,0.759162049,29685,193.4536894,0.744673304,0.990163382,0.919126483,0.806058932,0.00816519,0.002126245,0.649731003,0.998201469,DERMASON,DERMASON
52645,909.85,373.0269822,180.4283802,2.067451815,0.875240929,53307,258.9009383,0.741980494,0.987581368,0.799148328,0.694054185,0.007085706,0.00101423,0.481711212,0.99591472,HOROZ,HOROZ
25919,602.036,230.2421418,143.5329493,1.604106534,0.781903095,26196,181.6620372,0.760779594,0.989425867,0.898634696,0.789004288,0.008883141,0.002123556,0.622527767,0.998600858,DERMASON,DERMASON
43820,791.472,299.4778306,186.8744498,1.602561672,0.781423585,44341,236.2061745,0.752662315,0.988250152,0.879045037,0.788726745,0.006834273,0.001631467,0.622089878,0.996937394,SIRA,SIRA
32624,671.854,254.3164498,163.6790625,1.553750651,0.765358741,33004,203.8091433,0.784607985,0.988486244,0.908232959,0.801399766,0.007795379,0.001983416,0.642241585,0.99788328,DERMASON,DERMASON
30940,676.4,259.8625326,151.8998633,1.710748957,0.811365396,31403,198.4792974,0.739625167,0.985256186,0.849812227,0.763785743,0.008398918,0.00176315,0.583368661,0.997997328,DERMASON,DERMASON
27459,604.559,220.9927439,158.4373667,1.39482717,0.697140326,27720,186.9809741,0.788575859,0.990584416,0.944098265,0.846095536,0.008048099,0.002544197,0.715877656,0.998525605,DERMASON,DERMASON
43434,767.911,269.4378912,205.4675133,1.311340596,0.646895818,43900,235.1635312,0.75795756,0.989384966,0.925588422,0.872793096,0.006203387,0.002220516,0.761767788,0.998937025,SEKER,SEKER
30287,646.141,242.6682283,159.0700861,1.525542824,0.755191373,30639,196.373639,0.779227128,0.988511374,0.911615126,0.809226821,0.00801229,0.002119422,0.654848048,0.99899874,DERMASON,DERMASON
27638,632.058,243.7900273,144.5519325,1.68652209,0.805249441,27962,187.5894308,0.745200604,0.988412846,0.86936592,0.769471306,0.008820827,0.001907475,0.592086091,0.998566272,DERMASON,DERMASON
26329,605.874,229.4179596,146.2614505,1.568547002,0.7704233,26626,183.0932112,0.735221021,0.988845489,0.901321222,0.798077062,0.008713508,0.00218048,0.636926997,0.999049931,DERMASON,DERMASON
34445,691.289,265.1140991,165.757241,1.599411872,0.780440689,34834,209.4199993,0.737485548,0.98883275,0.905767556,0.789924037,0.007696737,0.001848535,0.623979984,0.998000994,DERMASON,DERMASON
43743,830.354,338.5687659,165.8895802,2.040928463,0.871737566,44514,235.9985538,0.662331173,0.982679606,0.797245111,0.697047624,0.007739953,0.001127114,0.48587539,0.991636913,HOROZ,HOROZ
31795,664.7,247.7294876,163.8558502,1.511874537,0.750006422,32232,201.2030102,0.733330258,0.986442045,0.904310005,0.812188376,0.007791461,0.002091345,0.659649958,0.997307975,DERMASON,DERMASON
44648,802.656,300.346173,190.2982432,1.578291885,0.773663782,45266,238.4273457,0.686797213,0.986347369,0.870869259,0.793841797,0.006726979,0.001647918,0.630184799,0.994615554,SIRA,SIRA
41112,762.435,291.4104675,180.2244616,1.616930714,0.785819674,41598,228.791224,0.80930727,0.988316746,0.888736096,0.785116698,0.007088209,0.001661319,0.616408229,0.996689398,SIRA,SIRA
42686,794.621,307.0341194,178.553068,1.719567873,0.813516772,43365,233.1297991,0.830774022,0.984342211,0.849523207,0.759296066,0.007192853,0.001474774,0.576530516,0.991383354,SIRA,SIRA
35835,687.914,237.7041795,192.1767591,1.236903883,0.588537037,36190,213.6036963,0.790885014,0.99019066,0.951588044,0.898611445,0.006633296,0.002668068,0.80750253,0.998803015,SEKER,SEKER
35650,700.907,267.4872008,170.1594591,1.571979613,0.771573186,36035,213.0516129,0.803796898,0.989315943,0.911902914,0.796492738,0.007503147,0.001862733,0.634400682,0.997264938,DERMASON,DERMASON
23992,563.407,201.021699,152.1514111,1.321195101,0.653541731,24263,174.7786118,0.793176408,0.98883073,0.949799288,0.869451471,0.008378697,0.002953504,0.75594586,0.998751967,DERMASON,DERMASON
29986,650.014,246.3149674,155.8957072,1.579998397,0.774223712,30489,195.3953965,0.691208335,0.983502247,0.891831853,0.793274557,0.008214332,0.002006532,0.629284522,0.994268536,DERMASON,DERMASON
25823,599.81,224.2826918,147.199611,1.523663618,0.754488869,26130,181.3253009,0.780811563,0.988251052,0.901963899,0.808467651,0.008685385,0.002288861,0.653619943,0.995896926,DERMASON,DERMASON
76452,1062.177,420.1072239,233.1812808,1.801633572,0.831815769,77118,311.9963296,0.807989854,0.991363884,0.851539756,0.742658807,0.005495046,0.001031118,0.551542103,0.99367677,CALI,CALI
31745,660.531,251.4502982,161.0402564,1.561412679,0.768003473,32091,201.0447446,0.81141528,0.989218161,0.914321192,0.799540689,0.007920942,0.001996728,0.639265313,0.998156965,DERMASON,DERMASON
37706,717.777,250.6271347,191.9684373,1.305564281,0.642897372,38097,219.1090374,0.767317867,0.989736725,0.919689549,0.874243077,0.006646877,0.002395114,0.764300958,0.99784403,SEKER,SEKER
55277,939.509,386.6178902,183.0291556,2.11232953,0.880841666,55980,265.2939168,0.673059127,0.987441944,0.786959603,0.686191518,0.006994191,0.00095653,0.470858799,0.994608946,HOROZ,HOROZ
25481,602.476,229.9030678,141.6412374,1.623136538,0.787674893,25814,180.120562,0.706549468,0.987100023,0.882158919,0.783463064,0.009022529,0.002096921,0.613814373,0.996304537,DERMASON,DERMASON
39052,711.179,244.5155219,203.6022535,1.200947032,0.553760201,39399,222.9855392,0.79103873,0.99119267,0.970276016,0.911948401,0.00626128,0.002671308,0.831649886,0.998767462,SEKER,SEKER
33485,680.024,254.9307513,167.7173591,1.52000218,0.75311072,33825,206.4810552,0.780991254,0.989948263,0.909937758,0.809949581,0.007613282,0.002021081,0.656018324,0.997149282,DERMASON,DERMASON
42794,745.798,259.5215563,210.2591515,1.234293749,0.586181295,43098,233.424534,0.786480923,0.992946308,0.966830445,0.899441793,0.006064438,0.002448288,0.808995539,0.998538137,SEKER,SEKER
48238,823.67,301.3201254,204.6015781,1.472716526,0.734122269,48845,247.8276198,0.702737351,0.987572935,0.893496099,0.822472842,0.00624653,0.001763213,0.676461576,0.996236142,SIRA,SIRA
71940,1033.77,399.30305,230.4928248,1.732388201,0.816576078,72706,302.6497197,0.768959436,0.989464418,0.845926145,0.757944924,0.005550501,0.001129959,0.574480507,0.995223252,BARBUNYA,CALI
70664,1028.213,391.8333258,229.8707572,1.704581002,0.809837377,71445,299.9536617,0.701560701,0.989068514,0.839927693,0.765513401,0.00554502,0.001174611,0.586010767,0.99890282,BARBUNYA,CALI
36351,707.079,260.0712485,178.7576028,1.454882166,0.72633498,36758,215.1360748,0.736327175,0.98892758,0.913672069,0.827219757,0.007154446,0.002066519,0.684292526,0.995564992,DERMASON,DERMASON
43539,796.581,295.2576881,189.7175074,1.556301747,0.766244668,44192,235.4476089,0.660803181,0.98522357,0.862240518,0.797430917,0.006781453,0.001691511,0.635896067,0.98964616,SIRA,SIRA
40044,723.751,262.6894735,194.2903007,1.352046255,0.673025073,40340,225.799921,0.781803983,0.99266237,0.960658353,0.859569735,0.006560021,0.00220907,0.738860129,0.99897307,SEKER,SEKER
45255,795.015,294.5214123,196.1550266,1.501472674,0.745940324,45709,240.042612,0.704292206,0.990067602,0.899758147,0.815026012,0.006508041,0.001771397,0.6642674,0.997379349,SIRA,SIRA
36775,691.274,244.7388893,191.479912,1.278143941,0.622795716,37039,216.3871167,0.755179991,0.992872378,0.967079328,0.884155016,0.006655034,0.002508671,0.781730093,0.999163582,SEKER,SEKER
49839,878.701,363.4661926,174.9727241,2.07727344,0.876500871,50305,251.9067003,0.660294118,0.990736507,0.811142099,0.693067761,0.007292807,0.001037952,0.480342921,0.997803593,HOROZ,HOROZ
47361,861.338,354.3227484,171.9674731,2.060405622,0.874324766,48037,245.5644479,0.734461262,0.985927514,0.802201579,0.693053012,0.007481319,0.001064691,0.480322477,0.989659132,HOROZ,HOROZ
43668,783.069,289.7981464,192.3325836,1.506755334,0.748018606,44193,235.7961502,0.800836268,0.988120291,0.894897104,0.813656516,0.006636396,0.001794223,0.662036926,0.99752767,SIRA,SIRA
26593,603.549,222.267753,152.5197646,1.45730459,0.727414482,26901,184.0088563,0.777664054,0.988550612,0.917386042,0.827870232,0.00835813,0.002421798,0.685369122,0.998791567,DERMASON,DERMASON
54484,878.705,333.656059,208.9350875,1.59693646,0.779663276,55109,263.3840985,0.806358039,0.98865884,0.886732555,0.789388028,0.006123927,0.001466803,0.623133459,0.99510454,SIRA,SIRA
44554,792.192,301.9694814,188.9862319,1.597838522,0.77994708,45098,238.1762261,0.781320146,0.987937381,0.89214544,0.788742707,0.006777607,0.001618071,0.622115057,0.994039403,SIRA,SIRA
70027,1031.138,396.8699555,227.6328042,1.743465564,0.819156368,71427,298.5986363,0.801270096,0.980399569,0.827640628,0.75238408,0.005667385,0.001120265,0.566081804,0.986944132,CALI,CALI
36466,714.949,275.5237615,168.8106403,1.63214689,0.790323366,36805,215.4761083,0.773338423,0.990789295,0.896494987,0.782059983,0.007555634,0.001743456,0.611617817,0.998250118,DERMASON,DERMASON
38010,713.114,239.8470136,202.0040737,1.187337509,0.539133208,38445,219.9905341,0.752613654,0.988685135,0.939268609,0.917211896,0.006310103,0.002754831,0.841277662,0.998880524,SEKER,SEKER
26614,598.639,220.4256253,154.085455,1.430541418,0.715086444,26917,184.0814962,0.74674523,0.988743173,0.933232819,0.835118403,0.008282319,0.002484986,0.697422747,0.997692126,DERMASON,DERMASON
36089,707.596,267.8210136,171.9325131,1.557710108,0.766731454,36454,214.3593757,0.782807687,0.989987381,0.905761744,0.80038296,0.007421126,0.001878628,0.640612883,0.997889163,DERMASON,DERMASON
33162,675.641,249.8353951,169.6200147,1.472912236,0.734205709,33617,205.4827725,0.804200213,0.986465181,0.912890288,0.822472622,0.007533786,0.002126566,0.676461214,0.996367999,DERMASON,DERMASON
35546,703.958,265.1473831,171.1279084,1.54941053,0.763839079,35953,212.7406234,0.754820352,0.988679665,0.901378309,0.802348569,0.007459275,0.001906903,0.643763226,0.997453521,DERMASON,DERMASON
46256,809.128,306.2939597,193.0690004,1.586448157,0.776320076,46757,242.6828556,0.74485113,0.989285027,0.88785793,0.792320083,0.006621713,0.001609729,0.627771114,0.995926326,SIRA,SIRA
54637,936.34,384.6716817,182.1209184,2.112177365,0.880823335,55389,263.7536521,0.600406593,0.986423297,0.783122237,0.685659134,0.007040498,0.000959878,0.470128448,0.992994667,HOROZ,HOROZ
54522,897.406,340.0239169,204.4497627,1.6631172,0.799037995,55225,263.4759315,0.690492775,0.987270258,0.850753422,0.774874703,0.006236453,0.001386894,0.600430805,0.998586799,BARBUNYA,SIRA
42953,782.117,291.4234049,188.3417761,1.547311547,0.763098449,43523,233.8577734,0.803130025,0.986903476,0.882388653,0.80246737,0.006784704,0.001735482,0.64395388,0.996397274,SIRA,SIRA
39709,719.045,253.6662173,199.5592514,1.271132336,0.6173353,40046,224.8534391,0.772338274,0.991584678,0.965131906,0.886414602,0.006388129,0.00243277,0.785730847,0.998767887,SEKER,SEKER
31818,670.763,247.1080599,164.2388579,1.504565138,0.747160306,32215,201.2757706,0.70747543,0.987676548,0.888678237,0.814525316,0.007766298,0.002108687,0.663451491,0.998205984,DERMASON,DERMASON
28533,626.862,235.3354438,154.7647934,1.52060064,0.753336831,28885,190.6025811,0.783701384,0.987813744,0.912459112,0.809918719,0.008247834,0.0021892,0.655968331,0.997465864,DERMASON,DERMASON
28507,623.604,234.702062,155.3213172,1.511074373,0.749697392,28821,190.5157204,0.81907252,0.989105166,0.92117808,0.811734327,0.008233138,0.00220496,0.658912618,0.995665971,DERMASON,DERMASON
29597,631.032,231.8941057,163.3321493,1.419770123,0.709863399,29865,194.1238543,0.779894598,0.991026285,0.93401702,0.837122849,0.007835054,0.002373442,0.700774664,0.99493893,DERMASON,DERMASON
45564,799.25,303.2369332,191.8318959,1.580743034,0.774467344,45975,240.8607204,0.708659948,0.991060359,0.896326873,0.794298761,0.006655187,0.001634088,0.630910522,0.997307413,SIRA,SIRA
38058,702.407,243.776737,198.9990877,1.225014344,0.577604191,38365,220.1293951,0.743146138,0.991997915,0.96934453,0.902995905,0.006405401,0.002627055,0.815401604,0.998878661,SEKER,SEKER
33192,672.88,250.0924522,169.4980689,1.475488505,0.735300121,33510,205.5756964,0.761354253,0.990510295,0.921229944,0.821998803,0.007534721,0.002121933,0.675682033,0.996961072,DERMASON,DERMASON
30446,649.126,245.6234234,158.2712836,1.551914016,0.764717581,30759,196.8884232,0.794540567,0.989824117,0.907992158,0.801586512,0.00806751,0.00205457,0.642540936,0.997168285,DERMASON,DERMASON
50299,895.206,366.7064776,176.3450537,2.079482639,0.87678157,50964,253.0665443,0.667990279,0.986951574,0.788720713,0.690106556,0.007290532,0.001020008,0.476247059,0.99034749,HOROZ,HOROZ
40418,780.121,316.1365416,163.8126042,1.929867016,0.855277392,40814,226.8519251,0.651398917,0.990297447,0.834566112,0.717575779,0.007821677,0.001279236,0.514914999,0.993717472,HOROZ,HOROZ
40851,762.351,289.0494353,180.9566869,1.597340448,0.77979045,41340,228.0638258,0.799119718,0.988171263,0.883288564,0.78901322,0.0070757,0.001691556,0.622541862,0.994411297,SIRA,SIRA
34131,668.091,224.3380186,193.8042127,1.157549753,0.503674085,34473,208.4632795,0.770625423,0.990079192,0.960920889,0.929237411,0.006572852,0.003023015,0.863482166,0.999523568,SEKER,SEKER
78403,1078.803,413.6494353,243.2979636,1.700176316,0.808734198,79203,315.9522116,0.695382623,0.989899372,0.846560993,0.763816374,0.005275939,0.001107734,0.583415453,0.991909135,CALI,CALI
35758,682.303,239.4353205,190.4997504,1.25687997,0.605794808,36049,213.3740838,0.745890697,0.991927654,0.965224912,0.891155421,0.006695993,0.002605005,0.794157984,0.998161263,SEKER,SEKER
41861,773.212,290.9107511,183.8934817,1.581952489,0.774862159,42423,230.8659364,0.743798863,0.986752469,0.879877661,0.793597127,0.006949446,0.001700319,0.629796401,0.996307984,SIRA,SIRA
37482,705.803,244.497488,195.3803884,1.251392169,0.601184833,37878,218.4572375,0.777634855,0.989545383,0.945508898,0.893494814,0.006523064,0.002564481,0.798332982,0.999027642,SEKER,SEKER
75005,1060.906,418.2280764,230.8987844,1.811304799,0.833785718,76087,309.0296621,0.759875186,0.985779437,0.837425668,0.738902239,0.005576003,0.001025299,0.545976519,0.988929889,CALI,CALI
35967,684.169,231.4932948,197.9525237,1.169438462,0.518444527,36223,213.9967446,0.78621549,0.992932667,0.96557785,0.92441876,0.006436269,0.002899272,0.854550045,0.999343689,SEKER,SEKER
28310,634.894,238.072282,151.8170946,1.568152009,0.770290386,28692,189.8562917,0.722894643,0.986686184,0.882566193,0.797473314,0.008409477,0.002098038,0.635963687,0.997287734,DERMASON,DERMASON
50712,877.164,316.2129384,204.4654138,1.546535096,0.76282353,51454,254.1033723,0.717538026,0.985579352,0.828245346,0.803583097,0.006235466,0.00160388,0.645745793,0.998668533,BARBUNYA,SIRA
34239,666.439,232.6862934,187.7243461,1.239510475,0.59086546,34510,208.792837,0.769554077,0.992147204,0.968746459,0.897314723,0.006795943,0.002717745,0.805173713,0.998021251,SEKER,SEKER
26322,602.187,222.06245,151.3356152,1.467350892,0.73181788,26670,183.0688704,0.715972147,0.986951631,0.912149443,0.824402641,0.008436382,0.002403773,0.679639715,0.997269943,DERMASON,DERMASON
27215,610.564,226.7301381,153.0758843,1.481161708,0.737684381,27493,186.1483661,0.715713346,0.989888335,0.91739383,0.821012891,0.008331073,0.002334966,0.674062167,0.99839507,DERMASON,DERMASON
57775,958.851,388.4139479,190.1314778,2.042870294,0.871999178,58521,271.2220763,0.626491,0.987252439,0.789673505,0.698280991,0.006722872,0.000985951,0.487596342,0.996096083,HOROZ,HOROZ
49612,833.731,318.3902881,198.9982131,1.599965564,0.780613979,49976,251.3323702,0.807907764,0.992716504,0.896901395,0.789384537,0.006417606,0.001537118,0.623127947,0.996983257,SIRA,SIRA
45564,802.744,296.0736966,196.3402805,1.507962074,0.748489491,46120,240.8607204,0.746461337,0.987944493,0.888541202,0.813516105,0.006497974,0.001755587,0.661808452,0.997982047,BARBUNYA,SIRA
38159,707.153,247.7144126,196.5599343,1.260248756,0.608577894,38483,220.4212961,0.750599945,0.991580698,0.958914913,0.889820232,0.006491638,0.002510401,0.791780045,0.997839817,SEKER,SEKER
44568,806.698,310.3798236,183.2864718,1.693413707,0.807020698,45105,238.2136437,0.722427543,0.988094446,0.860619236,0.76749075,0.006964186,0.001490537,0.589042051,0.997491884,SIRA,SIRA
48961,839.533,322.8165261,194.1723698,1.662525551,0.798876929,49658,249.6779553,0.689785855,0.985963994,0.872940413,0.773436101,0.00659334,0.001455402,0.598203402,0.994528441,SIRA,SIRA
43209,779.043,287.4482162,192.8306998,1.490676622,0.741605454,43717,234.5536346,0.768132689,0.988379806,0.894666591,0.815985702,0.006652508,0.001819262,0.665832666,0.99254119,SIRA,SIRA
44876,791.752,297.6297019,192.6908603,1.544596882,0.762135018,45345,239.0353485,0.814446461,0.989657074,0.899592167,0.80313002,0.006632269,0.001702101,0.645017829,0.996292527,SIRA,SIRA
63882,1004.206,411.2634035,198.7654528,2.069088957,0.875452319,64663,285.1965789,0.754704944,0.987921996,0.796054395,0.69346452,0.00643786,0.000918371,0.480893041,0.995010481,HOROZ,HOROZ
30283,650.688,245.6005882,157.1609587,1.56273282,0.768454317,30610,196.360671,0.807331378,0.989317217,0.898800211,0.799512218,0.00811018,0.00204414,0.639219787,0.998929741,DERMASON,DERMASON
68384,1005.668,363.0102959,240.8738472,1.507055665,0.748135933,69167,295.0749278,0.743854153,0.988679573,0.849679425,0.812855534,0.00530841,0.001429544,0.660734119,0.995763097,BARBUNYA,CALI
41714,773.739,298.3660876,179.4157938,1.662986749,0.7990025,42130,230.460223,0.820140773,0.990125801,0.875593896,0.772407564,0.007152661,0.001570484,0.596613445,0.992160253,SIRA,SIRA
34413,692.24,260.3677665,169.1386536,1.539374714,0.760263846,34875,209.3226993,0.801812717,0.986752688,0.902441413,0.803950128,0.007565971,0.001949669,0.646335809,0.994953001,DERMASON,DERMASON
35684,678.241,237.692503,191.4124113,1.241782084,0.592875311,35953,213.1531842,0.768587921,0.99251801,0.97479954,0.896760232,0.006661039,0.002657217,0.804178914,0.998614968,SEKER,SEKER
45510,807.94,304.2641965,191.0623425,1.592486476,0.778254638,46067,240.7179505,0.712306898,0.987908915,0.876109681,0.791147803,0.006685656,0.001615676,0.625914845,0.996760927,SIRA,SIRA
36527,691.877,238.3143596,195.398766,1.219630832,0.572477778,36865,215.6562562,0.765283889,0.990831412,0.958884021,0.904923466,0.006524334,0.002698754,0.818886479,0.998739198,SEKER,SEKER
32737,669.66,239.931103,174.131228,1.377875214,0.687953121,33112,204.1618059,0.801827177,0.988674801,0.917360477,0.850918465,0.00732905,0.002370169,0.724062234,0.997667406,DERMASON,DERMASON
25577,585.902,209.4219741,155.888184,1.343411468,0.667763414,25895,180.4595463,0.762718435,0.987719637,0.936288106,0.861703014,0.008187902,0.002784728,0.742532084,0.997526117,DERMASON,DERMASON
24813,587.813,222.7964679,142.0245125,1.568718414,0.770480941,25079,177.7438967,0.713386234,0.989393516,0.902424269,0.797785972,0.008979022,0.002243646,0.636462457,0.998430377,DERMASON,DERMASON
46092,774.513,268.3126145,219.006491,1.225135444,0.577718211,46436,242.2522592,0.788261249,0.992591955,0.965557172,0.902873164,0.00582124,0.002386175,0.81517995,0.99870585,SEKER,SEKER
32930,682.129,259.0214438,162.2099627,1.596828206,0.779629178,33374,204.7627364,0.683904465,0.986696231,0.889341519,0.790524265,0.00786582,0.001894892,0.624928613,0.997903636,DERMASON,DERMASON
38210,705.63,236.731011,205.9160211,1.149648336,0.493349441,38529,220.5685449,0.782158356,0.991720522,0.964345878,0.931726452,0.006195525,0.002880127,0.868114181,0.998026024,SEKER,SEKER
42883,784.774,297.8136317,184.0741393,1.617900443,0.78611127,43587,233.667138,0.732892398,0.983848395,0.874995484,0.784608605,0.006944795,0.001623497,0.615610663,0.995996764,SIRA,SIRA
46250,782.848,281.7191347,209.3760487,1.345517486,0.669059909,46601,242.6671155,0.795083376,0.992467973,0.948345763,0.8613796,0.006091225,0.002068534,0.741974815,0.998340088,SEKER,SEKER
41782,758.921,279.547511,191.1905228,1.462141046,0.729549,42259,230.6479886,0.772753334,0.988712464,0.911603425,0.825076166,0.006690621,0.001912592,0.68075068,0.995353512,SIRA,SIRA
48396,861.023,341.8154886,181.4293033,1.884014778,0.847508765,48942,248.2331586,0.704413135,0.988843938,0.820332328,0.72621975,0.007062887,0.001211809,0.527395125,0.993620209,HOROZ,HOROZ
32137,672.234,255.8142351,160.4064749,1.594787462,0.778984803,32491,202.2822267,0.728730159,0.989104675,0.893663969,0.790738743,0.007960116,0.00191969,0.62526776,0.997169184,DERMASON,DERMASON
34948,697.453,264.444305,168.7444626,1.567128787,0.769945502,35262,210.9435365,0.700416867,0.99109523,0.902822342,0.797686063,0.007566794,0.001889817,0.636303055,0.997168835,DERMASON,DERMASON
36186,685.681,236.9992929,194.9151565,1.215910025,0.568867373,36484,214.6472599,0.796434467,0.991832036,0.967177561,0.905687343,0.006549475,0.002718313,0.820269563,0.997373985,SEKER,SEKER
50182,845.771,325.1109276,196.8934945,1.651201978,0.795754426,50642,252.7720452,0.679834722,0.99091663,0.881560759,0.777494768,0.006478636,0.001460338,0.604498114,0.998148482,SIRA,SIRA
44337,799.949,293.3589699,194.076382,1.511564503,0.749886758,45162,237.5955002,0.740764874,0.98173243,0.870665966,0.809913875,0.006616572,0.001756177,0.655960485,0.991526585,SIRA,SIRA
28517,616.404,218.1749201,166.6284518,1.309349741,0.645526487,28844,190.549133,0.764982027,0.988663154,0.943154417,0.873377806,0.007650697,0.002745929,0.762788792,0.998757307,DERMASON,DERMASON
29112,632.794,242.3495216,154.1074782,1.572600658,0.771780243,29496,192.5267504,0.785706575,0.986981286,0.913602336,0.794417704,0.008324729,0.002045246,0.631099488,0.99246747,DERMASON,DERMASON
39951,718.307,247.2965346,205.9721726,1.200630801,0.553430279,40267,225.5375646,0.80864285,0.992152383,0.973010039,0.912012637,0.006189996,0.00264164,0.83176705,0.998645139,SEKER,SEKER
35298,692.422,253.6627444,177.7072418,1.427419287,0.713588589,35733,211.9971921,0.733480176,0.987826379,0.925162981,0.835744297,0.007186321,0.002162619,0.698468531,0.997007452,DERMASON,DERMASON
25038,590.797,222.2298637,143.7161248,1.546311272,0.762744185,25389,178.5479536,0.77249167,0.986175115,0.901431928,0.803438164,0.008875703,0.002281352,0.645512883,0.998163846,DERMASON,DERMASON
38747,704.737,245.5420687,201.2303264,1.220204097,0.573029088,39008,222.1130627,0.791886368,0.993309065,0.980378549,0.904582518,0.00633706,0.002617341,0.818269532,0.998455835,SEKER,SEKER
32401,662.788,247.9392605,167.097536,1.483799621,0.738781113,32760,203.1113844,0.805554174,0.989041514,0.926870382,0.819198154,0.00765221,0.002125801,0.671085615,0.995756581,DERMASON,DERMASON
30129,635.077,231.3592631,165.9779656,1.393915525,0.6966578,30433,195.8607522,0.775521236,0.990010843,0.93873241,0.846565422,0.007678956,0.002432899,0.716673014,0.99898164,DERMASON,DERMASON
47982,830.466,325.1112381,188.4026068,1.725619638,0.81497083,48471,247.169132,0.803637825,0.989911493,0.874267827,0.760260191,0.006775692,0.001396312,0.577995558,0.997400486,SIRA,SIRA
37149,713.446,266.1961182,177.8854551,1.49644679,0.743937124,37584,217.4846566,0.770246734,0.988425926,0.917138188,0.817009121,0.007165633,0.001969436,0.667503904,0.998884074,DERMASON,DERMASON
44324,783.549,295.9336885,191.1657134,1.548047938,0.763358711,44704,237.5606651,0.8004045,0.991499642,0.907228091,0.802749651,0.006676602,0.001710235,0.644407002,0.99757293,SIRA,SIRA
24211,574.946,218.0467134,141.63518,1.539495438,0.76030737,24500,175.5744931,0.730853986,0.988204082,0.920382766,0.80521504,0.009006101,0.002335415,0.648371261,0.998164598,DERMASON,DERMASON
69189,1010.92,394.55423,225.4710506,1.749910816,0.820631527,70236,296.806622,0.790261787,0.985093115,0.850772298,0.752258117,0.005702557,0.001126463,0.565892274,0.990261011,CALI,CALI
35369,700.593,256.7380126,175.7317353,1.460965557,0.729032734,35801,212.2102954,0.749740329,0.987933298,0.905526277,0.826563598,0.007258843,0.002090029,0.683207381,0.998142452,DERMASON,DERMASON
45909,794.895,295.0094227,198.8993094,1.48320989,0.738536577,46412,241.7708714,0.766529754,0.989162286,0.913036557,0.819536099,0.006425961,0.001788093,0.671639417,0.996182226,SIRA,SIRA
33143,687.482,249.2817602,169.8214722,1.467904836,0.732057291,33621,205.4238989,0.77745719,0.985782695,0.881209189,0.824063095,0.0075214,0.00213954,0.679079985,0.996824793,DERMASON,DERMASON
44591,802.209,302.6703418,187.9804312,1.610116223,0.78375258,45122,238.2751026,0.698480576,0.988231905,0.870727009,0.787242983,0.0067877,0.001608191,0.619751514,0.997871966,SIRA,SIRA
67593,992.946,392.317798,222.2408038,1.765282483,0.824074406,68881,293.3633933,0.724376286,0.981301084,0.861510004,0.74776978,0.005804119,0.001119406,0.559159643,0.987074724,CALI,CALI
40242,734.477,247.4112737,207.4393603,1.19269204,0.544994835,40680,226.3574734,0.772695853,0.989233038,0.93741742,0.914903634,0.006148086,0.002657181,0.83704866,0.998341273,SEKER,SEKER
33935,677.702,245.7217137,176.7212292,1.390448192,0.694810806,34311,207.8638592,0.735718157,0.989041415,0.928496312,0.845931994,0.007240952,0.002287269,0.715600938,0.995006031,DERMASON,DERMASON
56178,939.382,382.9148532,187.8800169,2.038081854,0.871352563,56840,267.4472867,0.798981682,0.988353272,0.800003099,0.698451064,0.0068161,0.001000598,0.487833889,0.994245397,HOROZ,HOROZ
68456,1005.058,377.2814998,232.9329807,1.619699789,0.78665066,69503,295.2302259,0.78641669,0.984935902,0.851606825,0.782519753,0.005511299,0.001274721,0.612337163,0.991802374,BARBUNYA,CALI
59311,968.736,393.721344,192.5798469,2.044457664,0.872212424,60039,274.8037675,0.653089764,0.987874548,0.794207954,0.697965126,0.006638252,0.000971781,0.487155317,0.995968422,HOROZ,HOROZ
45654,857.771,343.3268988,169.9096922,2.020643404,0.868954564,46271,241.0984823,0.799684708,0.986665514,0.779733117,0.70224175,0.007520193,0.00112812,0.493143476,0.996467112,HOROZ,HOROZ
43415,784.119,291.7272259,190.1964475,1.533820582,0.758247568,43938,235.1120899,0.783395586,0.988096864,0.887331123,0.805931257,0.006719503,0.001748674,0.649525192,0.996255107,SIRA,SIRA
66497,984.322,379.967827,225.4271182,1.68554622,0.804996551,67422,290.9752739,0.749650523,0.986280443,0.862457162,0.765789241,0.00571406,0.001212165,0.586433162,0.988460199,CALI,CALI
28772,630.362,229.9907855,159.6093666,1.440960455,0.719992764,29127,191.3991854,0.767457989,0.987811996,0.909912992,0.832203712,0.007993563,0.002365041,0.692563018,0.997955922,DERMASON,DERMASON
39091,717.854,248.1300288,200.7329978,1.236119779,0.587831913,39454,223.0968557,0.745556149,0.990799412,0.95326664,0.899112682,0.006347498,0.002558814,0.808403616,0.999283698,SEKER,SEKER
40846,737.982,257.3563132,202.3259564,1.271988616,0.61800959,41230,228.0498683,0.77744152,0.990686393,0.942470703,0.88612502,0.006300649,0.002396321,0.785217552,0.998787787,SEKER,SEKER
76939,1075.973,411.3313285,240.8925726,1.707530141,0.810570407,78365,312.988462,0.751636349,0.981803101,0.835129172,0.760915691,0.005346201,0.001105532,0.578992689,0.988647467,CALI,CALI
39698,742.795,251.1406602,201.8931814,1.243928391,0.594757999,40263,224.822293,0.745082583,0.985967265,0.904150128,0.895204675,0.00632628,0.00250621,0.80139141,0.996873527,SEKER,SEKER
35633,712.676,262.5884816,173.4937258,1.513533013,0.750644977,36022,213.0008091,0.694979716,0.989201044,0.881612997,0.811158234,0.00736925,0.001968001,0.657977681,0.995870943,SIRA,DERMASON
35770,697.392,260.1679446,175.3742259,1.483501599,0.738657583,36108,213.4098838,0.765068229,0.990639194,0.924218978,0.820277395,0.007273356,0.002031223,0.672855005,0.998181475,DERMASON,DERMASON
46810,805.383,305.4332514,196.0380614,1.55803036,0.766841918,47298,244.131815,0.787927755,0.989682439,0.906866979,0.799296782,0.006524957,0.001642819,0.638875346,0.995387185,SIRA,SIRA
42692,777.834,293.4051912,186.0652447,1.576894125,0.773203499,43232,233.146183,0.800074963,0.987509252,0.886711864,0.794621874,0.006872604,0.00169022,0.631423923,0.995688675,SIRA,SIRA
28078,616.31,227.3123329,157.4689594,1.443537404,0.721184824,28387,189.0767567,0.796900721,0.989114736,0.928918484,0.831792777,0.008095745,0.002390546,0.691879224,0.99875354,DERMASON,DERMASON
42730,748.355,260.9115536,208.7675966,1.249770356,0.599803951,43110,233.2499212,0.754480445,0.99118534,0.95879868,0.893980807,0.006106051,0.002405764,0.799201683,0.998818573,SEKER,SEKER
41986,776.212,293.9542722,183.228814,1.60430156,0.78196351,42584,231.2103707,0.789151192,0.985957167,0.875696594,0.78655217,0.007001245,0.001652971,0.618664316,0.992524128,SIRA,SIRA
27066,601.838,216.7488203,159.5006961,1.358920842,0.677114109,27432,185.6380929,0.795590829,0.986657918,0.939019758,0.856466451,0.008008159,0.002657993,0.733534781,0.996815703,DERMASON,DERMASON
43662,767.382,264.360966,210.6831022,1.254780109,0.604042132,44131,235.7799504,0.786801939,0.98937255,0.931730416,0.891886401,0.006054715,0.002363261,0.795461351,0.998129081,SEKER,SEKER
35780,695.185,256.8210498,177.7155929,1.445123895,0.72191457,36107,213.4397126,0.729578728,0.990943584,0.93035654,0.831083405,0.007177782,0.002112265,0.690699627,0.998146534,DERMASON,DERMASON
29149,638.688,243.9807936,152.660434,1.598192716,0.780058357,29460,192.6490578,0.798646501,0.989443313,0.897957974,0.789607473,0.008370126,0.002007043,0.623479961,0.996441132,DERMASON,DERMASON
44551,787.717,288.0984807,198.2078912,1.453516704,0.725723399,45291,238.1682073,0.765375893,0.983661213,0.902249987,0.826690258,0.006466712,0.001863093,0.683416783,0.993357709,SIRA,SIRA
32247,661.466,249.4888135,165.0153761,1.511912522,0.750021077,32569,202.6281214,0.765598291,0.990113298,0.926155968,0.812173174,0.007736807,0.00207652,0.659625264,0.997295697,DERMASON,DERMASON
42479,777.852,285.2182719,190.6807864,1.495789257,0.74367315,43076,232.5638463,0.707700253,0.986140774,0.882247026,0.815389017,0.006714336,0.001830806,0.664859249,0.994489322,SIRA,SIRA
51107,886.653,317.3603439,206.2492209,1.538722631,0.760028532,51979,255.0910689,0.715884578,0.983223994,0.816926298,0.803789994,0.006209724,0.001598904,0.646078354,0.994135385,BARBUNYA,SIRA
42617,787.075,294.1309035,185.1270471,1.588805677,0.777078579,43193,232.9413009,0.688960021,0.986664506,0.864491052,0.791964728,0.006901727,0.001674792,0.62720813,0.996511838,SIRA,SIRA
40834,737.916,264.2154584,196.9876855,1.341279064,0.666441861,41174,228.0163669,0.749357704,0.991742362,0.942362367,0.862994044,0.006470477,0.002213845,0.74475872,0.998929278,SEKER,SEKER
30616,650.285,240.7661412,162.3400573,1.48309755,0.738489952,30983,197.4373366,0.735289879,0.988154795,0.909810282,0.820037799,0.007864063,0.002193624,0.672461993,0.997326734,DERMASON,DERMASON
33179,675.765,257.0326846,164.7161766,1.560458055,0.767676579,33494,205.5354345,0.791672632,0.990595331,0.913023104,0.799647076,0.007746848,0.001953882,0.639435446,0.997812192,DERMASON,DERMASON
34627,686.753,254.3772765,173.8902109,1.462861396,0.729864578,35009,209.9725356,0.718164095,0.98908852,0.922621563,0.82543747,0.007346212,0.002103681,0.681347017,0.996716248,DERMASON,DERMASON
27176,602.499,222.5865143,155.7506438,1.42912099,0.714406594,27459,186.0149399,0.792464935,0.989693725,0.940768434,0.835697259,0.008190555,0.002464274,0.698389909,0.998083678,DERMASON,DERMASON
31692,658.62,246.9934071,163.5514985,1.510187369,0.749354099,31994,200.876847,0.792181173,0.99056073,0.918099355,0.813288295,0.007793557,0.002103263,0.661437851,0.998895088,DERMASON,DERMASON
33325,674.433,223.8254842,189.7357064,1.179669807,0.530484185,33701,205.9871545,0.798969072,0.988843061,0.920666621,0.920302508,0.006716444,0.00297195,0.846956707,0.999129255,SEKER,SEKER
25021,584.754,217.0879252,147.092512,1.475859799,0.735457243,25339,178.4873291,0.708007923,0.987450176,0.919534704,0.822189115,0.008676229,0.002445669,0.675994941,0.997673758,DERMASON,DERMASON
29002,643.039,247.1040501,149.7897089,1.649673078,0.795326942,29355,192.162674,0.798953168,0.987974791,0.881379988,0.777658941,0.008520242,0.001922155,0.604753429,0.99764545,DERMASON,DERMASON
38928,717.454,252.3058054,196.6759571,1.282850274,0.626384561,39271,222.6312399,0.801713485,0.99126582,0.950350556,0.882386513,0.006481345,0.002423708,0.778605959,0.998834867,SEKER,SEKER
42440,775.99,296.2352492,183.021438,1.618582241,0.786315908,42863,232.4570633,0.777232437,0.990131349,0.885672153,0.784704264,0.006980095,0.001632545,0.615760782,0.996659467,SIRA,SIRA
35544,683.35,232.2347035,195.0293809,1.190767783,0.542904715,35949,212.7346384,0.784462591,0.98873404,0.956510555,0.916032941,0.006533724,0.002837821,0.839116349,0.999192714,SEKER,SEKER
51782,858.661,311.3287503,212.4263601,1.465584356,0.731052055,52581,256.7701114,0.713663552,0.984804397,0.882561968,0.824755539,0.006012297,0.001716015,0.6802217,0.996922282,BARBUNYA,SIRA
40485,733.929,255.6823119,202.1582879,1.264762946,0.612252891,40835,227.0398709,0.792177044,0.991428921,0.944486839,0.887976447,0.006315483,0.0024221,0.788502171,0.997268329,SEKER,SEKER
55382,922.802,367.7977106,193.3845826,1.901897791,0.850614034,55970,265.5457634,0.703531504,0.989494372,0.817262262,0.721988625,0.006641106,0.001113119,0.521267575,0.99139765,HOROZ,HOROZ
33651,681.292,256.0806059,167.6423606,1.52754116,0.755934858,34053,206.9922315,0.714640673,0.988194873,0.911048002,0.808308895,0.007609896,0.002003862,0.653363269,0.998039286,DERMASON,DERMASON
47905,865.459,344.6048961,177.9479683,1.936548641,0.856357999,48616,246.9707278,0.664802454,0.985375185,0.803706927,0.716677942,0.007193506,0.001170622,0.513627273,0.994664197,HOROZ,HOROZ
63408,1005.966,412.5516489,196.3377049,2.101234957,0.879493659,64200,284.1365395,0.798790627,0.987663551,0.787385321,0.688729618,0.006506303,0.000903044,0.474348486,0.996717621,HOROZ,HOROZ
40064,721.433,241.5127855,211.386698,1.142516477,0.483651069,40450,225.8563019,0.794463503,0.990457355,0.967324446,0.935173272,0.006028175,0.002844028,0.874549049,0.999186699,SEKER,SEKER
31412,655.388,247.1958039,162.1519876,1.524469774,0.754790633,31771,199.9875011,0.798069106,0.988700387,0.918985126,0.809024659,0.00786947,0.002079564,0.6545209,0.997797328,DERMASON,DERMASON
30487,641.545,235.917663,164.9184008,1.430511464,0.715072135,30790,197.0209481,0.736187578,0.990159143,0.930829858,0.835125889,0.007738304,0.002321846,0.697435251,0.997689123,DERMASON,DERMASON
47706,856.321,348.8249832,174.9631018,1.993705985,0.865112153,48306,246.457229,0.684251291,0.987579183,0.817541257,0.706535486,0.007311973,0.001123958,0.499192393,0.995242861,HOROZ,HOROZ
66877,1003.152,391.0431802,219.5216171,1.781342473,0.827561975,67627,291.8054849,0.805844078,0.988909755,0.835128222,0.746223179,0.0058472,0.001118414,0.556849032,0.991938832,CALI,CALI
41110,758.986,288.1748224,182.66923,1.577577255,0.773428641,41566,228.7856588,0.790957191,0.989029495,0.896788046,0.793912726,0.007009847,0.001717827,0.630297416,0.994342868,SIRA,SIRA
36226,696.319,253.7819798,182.085373,1.393752697,0.696571482,36566,214.7658626,0.755652899,0.990701745,0.938887929,0.846261278,0.00700552,0.002216348,0.716158151,0.998147355,DERMASON,DERMASON
52974,900.713,371.174681,182.4051327,2.034891647,0.870918963,53513,259.7086669,0.745587614,0.989927681,0.820540023,0.699693918,0.007006733,0.001035924,0.489571579,0.996225117,HOROZ,HOROZ
32493,664.733,246.6587413,168.0090215,1.468127956,0.732153623,32865,203.3995392,0.794158622,0.988680968,0.924070691,0.824619221,0.007591135,0.002165211,0.67999686,0.9983224,DERMASON,DERMASON
50278,882.9,361.958692,178.6243331,2.026368332,0.869749372,50965,253.0137108,0.757609547,0.986520161,0.810522031,0.699012667,0.007199147,0.001060232,0.488618709,0.990121479,HOROZ,HOROZ
65506,997.059,376.4693714,222.6868828,1.690577221,0.806294768,66312,288.7989432,0.722633454,0.987845337,0.828036019,0.767124672,0.005747098,0.0012277,0.588480263,0.994871327,CALI,CALI
42024,734.883,250.7946761,213.5640184,1.174330198,0.524274617,42312,231.3149771,0.788738739,0.99319342,0.97784687,0.9223281,0.005967892,0.00266405,0.850689124,0.998989928,SEKER,SEKER
31954,658.228,240.2445942,169.7177343,1.415553862,0.707775663,32359,201.7054695,0.724055107,0.987484162,0.926792242,0.8395838,0.007518451,0.002304434,0.704900958,0.997825273,DERMASON,DERMASON
45287,800.096,297.6950696,194.1418214,1.533389701,0.758090006,45723,240.1274646,0.794508772,0.990464318,0.888994794,0.806622243,0.006573522,0.001716559,0.650639442,0.99768382,SIRA,SIRA
23684,571.022,207.23373,145.8234678,1.42112743,0.710530241,23967,173.653118,0.768162948,0.988192097,0.912765538,0.837957788,0.008749946,0.002661177,0.702173254,0.997877672,DERMASON,DERMASON
36740,721.564,269.9064932,173.591386,1.554838056,0.765737026,37169,216.2841207,0.761640201,0.988458124,0.886746129,0.801329817,0.007346393,0.001868526,0.642129475,0.998407345,DERMASON,DERMASON
33824,656.339,220.7538648,195.2815454,1.130438948,0.466327555,34079,207.5236236,0.788438228,0.992517386,0.986684731,0.940067907,0.006526545,0.003144127,0.883727669,0.999000177,SEKER,SEKER
41857,799.297,317.5037187,169.3315803,1.875041372,0.845912589,42538,230.854906,0.7046633,0.983990785,0.823306599,0.72709355,0.007585439,0.001307741,0.528665031,0.991268804,HOROZ,HOROZ
31470,665.716,251.8677227,159.943488,1.574729461,0.77248771,31874,200.1720472,0.80131388,0.987325093,0.892336416,0.794750693,0.008003423,0.001969605,0.631628664,0.994644266,DERMASON,DERMASON
68957,1009.649,378.0677526,233.0814857,1.622041114,0.787349282,69918,296.3085879,0.702925586,0.986255328,0.850055701,0.783744675,0.00548266,0.001276055,0.614255716,0.996348025,BARBUNYA,CALI
48195,835.429,319.7261985,193.5068667,1.652273141,0.796053083,49056,247.7171368,0.724170573,0.98244863,0.867746269,0.774778976,0.006634012,0.001474577,0.600282462,0.99183059,SIRA,SIRA
37761,698.336,236.5589109,203.4651127,1.162650971,0.51011981,38115,219.2687813,0.781493822,0.990712318,0.973026098,0.926909836,0.006264636,0.002852499,0.859161844,0.998905352,SEKER,SEKER
49039,830.002,310.7796401,201.254755,1.544210173,0.761997263,49514,249.8767577,0.782096265,0.990406754,0.894526461,0.804031943,0.006337398,0.001633744,0.646467365,0.998281481,SIRA,SIRA
42616,791.872,302.5382775,180.7428445,1.673860331,0.801927465,43110,232.9385679,0.677670706,0.988540942,0.854028913,0.769947426,0.007099171,0.001538975,0.592819038,0.992296272,SIRA,SIRA
45240,800.869,299.9796848,192.4831247,1.558472647,0.766994339,45658,240.0028271,0.718711276,0.990844978,0.886358663,0.800063602,0.006630851,0.001675896,0.640101767,0.997581095,SIRA,SIRA
46137,784.568,272.4072947,215.9622903,1.261365094,0.609492445,46611,242.3704868,0.770182292,0.989830727,0.941885333,0.88973567,0.005904313,0.002282407,0.791629562,0.998533897,SEKER,SEKER
46880,810.125,299.6967315,200.1270667,1.497532225,0.744371919,47394,244.314285,0.706534844,0.989154745,0.897621814,0.815205037,0.006392848,0.001741573,0.664559252,0.995198895,SIRA,SIRA
34912,676.03,230.3106061,193.1139792,1.192614885,0.544911378,35245,210.8348619,0.774376719,0.990551851,0.959958935,0.91543705,0.006596889,0.002857807,0.838024993,0.999441081,SEKER,SEKER
29407,630.552,235.3226412,159.6729987,1.473778554,0.734574548,29698,193.4997553,0.786115269,0.99020136,0.92943446,0.82227428,0.008002266,0.002256626,0.676134991,0.99647325,DERMASON,DERMASON
42651,755.515,270.9975279,200.552465,1.351255034,0.672548832,43001,233.0342031,0.784256399,0.991860654,0.938972557,0.859912653,0.006353838,0.002143055,0.73944977,0.999185224,SEKER,SEKER
37308,698.873,240.097665,198.4496453,1.20986694,0.562882138,37607,217.9495835,0.799537097,0.992049353,0.959876385,0.907753865,0.006435554,0.002695493,0.82401708,0.996951023,SEKER,SEKER
49439,831.769,306.5407719,206.0399739,1.4877733,0.740419167,49997,250.893782,0.700249285,0.98883933,0.897995337,0.818467901,0.006200384,0.001716346,0.669889704,0.996644016,SIRA,SIRA
35376,681.424,236.606393,190.5127968,1.241944882,0.593018666,35693,212.231294,0.770702163,0.991118707,0.95737865,0.896980387,0.006688331,0.002670726,0.804573815,0.999236332,SEKER,SEKER
29307,635.103,239.7653873,155.8495235,1.538441581,0.759926995,29655,193.1704722,0.745497558,0.988265048,0.913046508,0.805664547,0.008181164,0.002126238,0.649095363,0.998595296,DERMASON,DERMASON
42945,771.134,285.0266453,192.3731605,1.481634156,0.737881355,43412,233.8359943,0.805540966,0.989242606,0.907533713,0.820400472,0.006637016,0.001854625,0.673056935,0.997224143,SIRA,SIRA
27884,630.303,239.4054088,148.4848418,1.612322214,0.784425208,28196,188.4224282,0.758253114,0.988934601,0.881995135,0.787043322,0.008585763,0.002032138,0.619437191,0.998732343,DERMASON,DERMASON
34516,685.714,254.8207466,172.8476422,1.474250637,0.734775188,34861,209.6357224,0.796657896,0.990103554,0.922453093,0.822679178,0.007382685,0.002086009,0.67680103,0.99777435,DERMASON,DERMASON
47930,856.122,344.9607446,177.8505249,1.939610494,0.856849009,48588,247.0351622,0.70969557,0.986457562,0.821761855,0.716125432,0.007197178,0.001167612,0.512835634,0.994701378,HOROZ,HOROZ
30124,635.442,233.4415315,164.7367681,1.417057856,0.708523231,30459,195.8444997,0.74842236,0.989001609,0.937498691,0.838944546,0.007749354,0.002367981,0.703827951,0.997364928,DERMASON,DERMASON
46278,846.308,300.6302146,196.4784442,1.530092605,0.756878843,47102,242.7405604,0.790995795,0.982506051,0.81194676,0.807439002,0.00649618,0.001703243,0.651957742,0.99755572,BARBUNYA,SIRA
35128,669.663,228.4024536,195.966868,1.16551566,0.51366751,35376,211.4860722,0.785527404,0.992989597,0.984352571,0.925936078,0.006502006,0.002948161,0.857357621,0.999263734,SEKER,SEKER
45529,801.419,302.0138927,193.1802471,1.563378747,0.768674397,46094,240.768194,0.807882036,0.987742439,0.89079692,0.797209002,0.00663344,0.001652751,0.635542193,0.993593157,SIRA,SIRA
32240,664.568,253.9243151,161.8962686,1.568438342,0.770386748,32548,202.6061276,0.761023511,0.990537053,0.917330949,0.797899671,0.007876064,0.001969165,0.636643885,0.99853668,DERMASON,DERMASON
41556,774.665,275.4594852,194.3070651,1.417650383,0.70881688,42272,230.0233521,0.753590599,0.983062074,0.870193294,0.8350533,0.006628633,0.001988202,0.697314014,0.988547478,SIRA,SIRA
72263,1042.893,399.9327552,230.9794486,1.731464672,0.816358345,73011,303.3283851,0.703988387,0.989754968,0.834922849,0.758448467,0.005534406,0.001129679,0.575244077,0.996014797,BARBUNYA,CALI
39989,718.723,247.1612238,206.1444571,1.19897099,0.551691071,40283,225.6448009,0.756064359,0.992701636,0.972808422,0.912945799,0.00618073,0.002648497,0.833470031,0.999306388,SEKER,SEKER
28228,614.78,228.5852965,157.5332375,1.451029003,0.724603399,28468,189.5811327,0.820342924,0.991569482,0.938535083,0.829367136,0.008097821,0.002363389,0.687849846,0.998090076,DERMASON,DERMASON
80023,1077.554,428.2739207,239.1374016,1.790911492,0.829588746,80739,319.1996994,0.814118868,0.991131919,0.866057259,0.745316686,0.005351885,0.001018709,0.555496963,0.994845895,CALI,CALI
70461,1007.39,394.4824514,229.0611411,1.722170987,0.814144419,71211,299.5225059,0.780748604,0.989467919,0.872495902,0.759279671,0.005598593,0.001147799,0.576505619,0.99284125,CALI,CALI
28111,615.128,226.218922,158.5212718,1.427057198,0.713414034,28391,189.1878348,0.787422969,0.99013772,0.933587798,0.836304201,0.008047345,0.002428228,0.699404717,0.998090535,DERMASON,DERMASON
41536,742.954,260.9058139,202.9266649,1.285714787,0.628539737,41893,229.9679928,0.739482633,0.99147829,0.945607013,0.881421496,0.006281438,0.002338694,0.776903854,0.998876774,SEKER,SEKER
36421,692.256,238.7034584,194.4487207,1.227590789,0.580017939,36776,215.3431157,0.794784506,0.990346965,0.955054758,0.902136555,0.006554006,0.002677785,0.813850364,0.999075211,SEKER,SEKER
39890,721.856,247.1639918,205.8736784,1.200561401,0.553357813,40261,225.3653155,0.757644824,0.990785127,0.961994877,0.911804806,0.006196139,0.002641852,0.831388004,0.998132347,SEKER,SEKER
28771,636.7,241.943451,151.7782079,1.594059215,0.778754127,29121,191.3958593,0.685186949,0.987981182,0.891856786,0.791076834,0.008409282,0.002031484,0.625802557,0.997566334,DERMASON,DERMASON
29044,633.504,236.1569442,157.0459275,1.503744465,0.746837477,29438,192.3017663,0.757834312,0.986615939,0.909426425,0.814296471,0.008131006,0.002205232,0.663078743,0.997100989,DERMASON,DERMASON
35703,677.734,230.1138772,197.7162664,1.163859107,0.51162219,35987,213.2099235,0.785544554,0.992108261,0.976778354,0.92654092,0.006445225,0.002930058,0.858478076,0.999147527,SEKER,SEKER
66520,1002.344,374.9274984,226.5619618,1.654856338,0.796770475,67511,291.0255908,0.741640931,0.985320911,0.832009939,0.776218314,0.005636312,0.001262148,0.602514872,0.997075554,BARBUNYA,CALI
36651,709.026,260.0872702,179.8251552,1.44633419,0.722469168,37023,216.0219955,0.771973798,0.989952192,0.916160093,0.830575043,0.007096321,0.002083188,0.689854902,0.99776073,SIRA,DERMASON
52184,888.581,332.9882035,200.1934012,1.663332565,0.799096574,53114,257.7648781,0.678154646,0.982490492,0.830525907,0.774096125,0.00638104,0.001413354,0.599224811,0.996710142,BARBUNYA,SIRA
29063,628.813,238.2885154,155.7110109,1.530325402,0.75696468,29336,192.364656,0.697155057,0.990694028,0.923649677,0.807276237,0.008199034,0.002147984,0.651694923,0.997305295,DERMASON,DERMASON
34774,681.562,249.3156726,177.9383454,1.401135163,0.700444353,35096,210.4177557,0.780456055,0.990825165,0.940705702,0.843981261,0.0071696,0.002243912,0.712304369,0.998034698,DERMASON,DERMASON
34390,680.24,245.0146708,178.97451,1.368991991,0.682950707,34759,209.252737,0.793932958,0.989384044,0.933937272,0.854041663,0.007124591,0.002338061,0.729387163,0.998525184,SEKER,DERMASON
40123,724.676,257.4020891,198.7044522,1.29540172,0.635669526,40429,226.0225437,0.794987121,0.992431176,0.960097867,0.878091334,0.006415325,0.002352649,0.77104439,0.998812229,SEKER,SEKER
54885,928.343,382.0886388,183.8431443,2.078340426,0.876636564,55534,264.3515697,0.778621081,0.988313466,0.800288541,0.691859278,0.006961622,0.000983923,0.47866926,0.994837675,HOROZ,HOROZ
38042,723.178,243.9204105,198.8758364,1.226495963,0.578995336,38508,220.0831178,0.783886256,0.987898618,0.914077026,0.902274301,0.006411871,0.002621313,0.814098914,0.998489031,SEKER,SEKER
43043,775.619,291.6314153,188.3910563,1.548010936,0.763345644,43508,234.1026478,0.794972665,0.98931231,0.89911557,0.80273467,0.006775351,0.0017354,0.64438295,0.997511853,SIRA,SIRA
40484,733.501,254.4467838,202.7484452,1.254987596,0.604215932,40856,227.0370669,0.758681434,0.99089485,0.945566026,0.892277212,0.00628512,0.002457494,0.796158623,0.999169196,SEKER,SEKER
54878,943.81,384.4567977,182.5230479,2.10634658,0.880117632,55627,264.3347116,0.641397849,0.986535316,0.774174728,0.687553746,0.007005663,0.00096573,0.472730154,0.995733543,HOROZ,HOROZ
49363,816.683,280.6216409,224.2892719,1.251159445,0.600987206,49830,250.7008649,0.753507045,0.990628136,0.930045892,0.893376805,0.005684858,0.002233768,0.798122115,0.998578023,SEKER,SEKER
74328,1039.662,407.7809845,234.3696435,1.739905298,0.818333319,75626,307.6318398,0.765936399,0.982836591,0.864127785,0.754404574,0.005486236,0.001096154,0.569126261,0.990225797,CALI,CALI
31725,658.802,235.0157365,172.7741731,1.360248076,0.677893611,32092,200.9814035,0.773893741,0.988564128,0.918547621,0.855182749,0.007407903,0.002444054,0.731337534,0.994800473,DERMASON,DERMASON
46245,805.849,303.7389482,194.5713657,1.561067052,0.767885205,46760,242.653998,0.700310441,0.988986313,0.894885158,0.798889966,0.006568039,0.001650302,0.638225178,0.996312297,SIRA,SIRA
39408,711.634,247.1699932,203.1125549,1.216911447,0.569844594,39687,223.9996071,0.795590818,0.99296999,0.977869453,0.906257286,0.006272077,0.002609739,0.821302268,0.999452131,SEKER,SEKER
35444,696.847,258.9878646,174.543132,1.483804385,0.738783087,35778,212.4351723,0.764307586,0.990664654,0.917228884,0.820251453,0.007306959,0.002040349,0.672812446,0.998322058,DERMASON,DERMASON
42280,746.427,261.1940667,206.3100431,1.266026912,0.613270932,42627,232.0184647,0.781486821,0.991859619,0.953608606,0.888299139,0.006177722,0.002372712,0.789075361,0.998990642,SEKER,SEKER
39703,720.914,248.6120893,203.4531535,1.221962329,0.574711867,40053,224.8364509,0.763768924,0.991261578,0.959989027,0.904366523,0.006261796,0.002583786,0.817878809,0.999417094,SEKER,SEKER
53923,876.518,329.8096598,208.7138992,1.580199791,0.774289646,54432,262.0246095,0.694248819,0.990648883,0.881987098,0.794472211,0.006116308,0.001503086,0.631186093,0.997400133,SIRA,SIRA
49696,852.643,333.0687184,190.5805548,1.74765321,0.820116975,50224,251.5450505,0.660026031,0.989487098,0.859007264,0.755234691,0.006702123,0.001344993,0.570379438,0.996825455,SIRA,SIRA
48141,824.637,319.6570787,193.3045806,1.653644615,0.79643446,48811,247.5783208,0.80204255,0.986273586,0.889609347,0.774512242,0.006640017,0.00147388,0.599869213,0.991970494,SIRA,SIRA
44459,758.56,257.0304179,220.5112713,1.165611247,0.513785015,44768,237.9221657,0.766534483,0.993097748,0.97093393,0.925657623,0.005781291,0.00261822,0.856842035,0.998744713,SEKER,SEKER
50839,845.151,320.7776675,202.4987377,1.584097121,0.77555954,51285,254.4213537,0.813280863,0.9913035,0.894413291,0.793139235,0.006309677,0.001540227,0.629069846,0.996507731,SIRA,SIRA
42625,773.731,292.4884613,186.5768201,1.567657017,0.770123649,43203,232.9631636,0.820153159,0.986621299,0.89473466,0.79648668,0.006861899,0.001703484,0.634391032,0.994507553,SIRA,SIRA
33131,678.928,257.9328173,163.8824239,1.573889446,0.772208967,33491,205.3867069,0.700458783,0.989250844,0.903227119,0.796279857,0.007785241,0.0019307,0.63406161,0.997942877,DERMASON,DERMASON
26578,591.719,207.1700535,163.6688163,1.265788182,0.613079014,26872,183.9569532,0.742174192,0.989059244,0.953896229,0.887951468,0.007794795,0.002989106,0.78845781,0.998020578,DERMASON,DERMASON
31877,673.251,250.3800064,162.2994261,1.5427042,0.761459571,32271,201.4622966,0.720091262,0.987790896,0.883757866,0.804626134,0.007854566,0.002030853,0.647423216,0.998782515,DERMASON,DERMASON
69978,1019.805,395.8064047,227.254477,1.74168804,0.818746181,70905,298.4941488,0.709104727,0.986926169,0.84554576,0.754141786,0.005656155,0.00112853,0.568729833,0.990549948,CALI,CALI
57385,951.325,389.8297431,188.3541151,2.069664063,0.875526446,57992,270.3051077,0.803261478,0.989533039,0.796802027,0.693392725,0.006793234,0.000968665,0.480793471,0.995080968,HOROZ,HOROZ
33809,669.341,230.2474971,187.1642998,1.230189184,0.582426873,34143,207.4776031,0.784067718,0.990217614,0.948303455,0.901106877,0.006810243,0.002769795,0.811993604,0.998905748,SEKER,SEKER
37348,702.527,242.7609094,196.6162257,1.234694179,0.586544285,37715,218.0663902,0.815013639,0.990269124,0.950935749,0.898276377,0.006499971,0.002610544,0.806900449,0.996275288,SEKER,SEKER
47210,791.788,277.1429371,217.1949246,1.27601019,0.621148608,47669,245.1726716,0.749781625,0.990371101,0.946293885,0.884643405,0.005870429,0.002217801,0.782593955,0.998597861,SEKER,SEKER
30373,639.704,238.3943887,162.5512636,1.466579732,0.731484007,30661,196.652243,0.717427249,0.99060696,0.932694512,0.824902986,0.007848892,0.002241814,0.680464936,0.997956084,DERMASON,DERMASON
35734,704.049,255.609616,178.9039583,1.428753273,0.71423016,36235,213.3024657,0.718704747,0.986173589,0.905911401,0.834485295,0.007153121,0.002139686,0.696365707,0.994934783,SIRA,DERMASON
33961,667.497,233.113834,185.7332978,1.255099849,0.604309903,34279,207.9434735,0.771192406,0.990723183,0.957837195,0.892025454,0.006864163,0.002680874,0.79570941,0.99869476,SEKER,SEKER
31996,666.65,243.2912266,167.9910741,1.448239009,0.723338348,32417,201.8379857,0.766848816,0.987012987,0.904710822,0.829614732,0.007603801,0.002221858,0.688260603,0.996765854,DERMASON,DERMASON
34048,687.947,263.9556782,164.5060556,1.604534722,0.782035704,34342,208.209654,0.769446328,0.991439054,0.904048038,0.788805361,0.007752458,0.001851393,0.622213898,0.998363803,DERMASON,DERMASON
32190,663.51,245.3431254,167.3946603,1.465656819,0.731083539,32559,202.4489589,0.734931507,0.988666728,0.918831542,0.825166625,0.007621719,0.002179713,0.680899959,0.997965669,DERMASON,DERMASON
30835,663.731,250.3740472,157.3729139,1.590960229,0.77776819,31272,198.1422251,0.737485351,0.986025838,0.879568389,0.791384839,0.0081198,0.001964609,0.626289964,0.996402424,DERMASON,DERMASON
31855,664.685,251.8856928,161.2512721,1.562069492,0.768227959,32169,201.3927648,0.718360996,0.99023905,0.906057411,0.79954031,0.007907258,0.001993274,0.639264707,0.998575895,DERMASON,DERMASON
42528,746.807,258.9735051,209.3971829,1.23675735,0.58840543,42883,232.6979402,0.788066339,0.991721661,0.958226248,0.898539563,0.006089482,0.00244855,0.807373347,0.998524921,SEKER,SEKER
41646,741.375,260.3495021,203.8564493,1.277121735,0.622008218,42046,230.2723042,0.755482993,0.99048661,0.952154194,0.884473765,0.006251489,0.002359951,0.78229384,0.999084466,SEKER,SEKER
55747,937.638,386.1352451,185.2560101,2.084333161,0.877394431,56592,266.4193779,0.750316294,0.985068561,0.796821356,0.689963895,0.006926565,0.000968285,0.476050177,0.99224717,HOROZ,HOROZ
37350,699.848,238.1729909,199.9543307,1.191136946,0.543307108,37637,218.0722289,0.786282683,0.992374525,0.958281311,0.91560436,0.006376787,0.002764478,0.838331344,0.998567437,SEKER,SEKER
28841,633.244,234.8188779,157.0414686,1.495266696,0.743463047,29248,191.6285514,0.694696021,0.986084519,0.903811809,0.816069615,0.008141842,0.002227467,0.665969617,0.995802189,DERMASON,DERMASON
33605,687.194,259.0547378,165.8371507,1.562103164,0.768239458,34047,206.8507068,0.76618787,0.987017946,0.894241964,0.798482624,0.007708815,0.001932989,0.637574501,0.995957145,SIRA,DERMASON
68728,990.893,387.9058718,226.4992756,1.712614183,0.811823668,69493,295.8161717,0.76815093,0.988991697,0.87960978,0.762597819,0.005644073,0.001177483,0.581555433,0.995980083,CALI,CALI
48633,863.612,350.3032667,178.1564079,1.966268129,0.861016136,49198,248.8402274,0.747693869,0.988515793,0.819414393,0.710356571,0.007202995,0.001131354,0.504606458,0.992191596,HOROZ,HOROZ
27509,616.649,230.1196917,152.486387,1.509116297,0.748938551,27861,187.1511331,0.790397655,0.987365852,0.909093608,0.81327735,0.008365251,0.002257426,0.661420048,0.998159775,DERMASON,DERMASON
29294,644.536,238.8184262,156.5272034,1.525731125,0.755261587,29674,193.1276242,0.769477279,0.987194177,0.886123353,0.808679746,0.008152469,0.002150677,0.653962931,0.997771599,DERMASON,DERMASON
41976,776.646,290.0912895,185.3604519,1.565011773,0.769229305,42510,231.1828349,0.6996,0.98743825,0.87450983,0.796931322,0.006910885,0.001719479,0.635099532,0.993938245,SIRA,SIRA
43435,756.574,261.2662519,212.1423232,1.23156119,0.583688708,43926,235.1662383,0.773415242,0.98882211,0.953557453,0.900101856,0.006015109,0.00243551,0.810183352,0.997790372,SEKER,SEKER
46774,833.722,305.7038868,196.1460607,1.558552263,0.767021759,47446,244.0379201,0.793909974,0.98583653,0.845613391,0.798282033,0.006535765,0.0016372,0.637254204,0.993193981,BARBUNYA,SIRA
56056,931.194,374.5213572,191.2290951,1.958495682,0.85982077,56718,267.1567254,0.799885845,0.98832822,0.812365798,0.713328413,0.0066812,0.001067069,0.508837425,0.9965559,HOROZ,HOROZ
26811,599.474,219.3568297,155.6966211,1.408873411,0.704416387,27140,184.7615367,0.736950606,0.987877671,0.937523522,0.842287596,0.008181598,0.002540151,0.709448394,0.999522978,DERMASON,DERMASON
46102,839.583,308.4593486,190.8681759,1.616085799,0.785565092,46836,242.278537,0.697669492,0.984328294,0.821868542,0.785447217,0.006690802,0.001570818,0.616927331,0.997007499,SIRA,SIRA
36289,704.438,262.904149,176.0537875,1.4933172,0.74267675,36635,214.9525293,0.775837003,0.99055548,0.918965726,0.817607976,0.007244734,0.001997021,0.668482803,0.998256868,DERMASON,DERMASON
39948,731.068,244.969135,207.9641485,1.177939259,0.528488905,40386,225.5290964,0.77203154,0.989154658,0.939267631,0.920642906,0.0061322,0.002717446,0.847583361,0.998401716,SEKER,SEKER
28597,629.701,239.2423681,152.9864408,1.563814198,0.768822574,28960,190.8162238,0.734858024,0.98746547,0.906278283,0.797585416,0.008365995,0.002088364,0.636142496,0.994808668,DERMASON,DERMASON
46436,824.571,316.1259079,187.9935693,1.681578307,0.803962932,47202,243.1545835,0.681919643,0.983771874,0.858239607,0.76917006,0.006807776,0.001469855,0.591622581,0.994859698,SIRA,SIRA
71965,1034.185,408.7724279,226.0930892,1.807982851,0.833113152,72960,302.7023023,0.733977236,0.98636239,0.845541105,0.74051546,0.005680156,0.001053602,0.548363146,0.991431164,CALI,CALI
35072,693.453,254.363667,176.2521466,1.443180534,0.721020239,35397,211.3174326,0.80221414,0.990818431,0.916508155,0.830768934,0.007252614,0.002131058,0.690177022,0.996050043,DERMASON,DERMASON
47091,874.362,353.0329178,171.2696905,2.061269082,0.874437592,47849,244.8634791,0.706806754,0.984158499,0.774043249,0.693599568,0.007496824,0.001070267,0.48108036,0.991636072,HOROZ,HOROZ
46480,793.169,269.2271617,220.0689481,1.223376419,0.576056465,47029,243.2697557,0.755919854,0.988326352,0.928420068,0.903585486,0.005792323,0.002381823,0.81646673,0.998846145,SEKER,SEKER
43713,759.502,274.7315421,202.8470059,1.354378098,0.67442183,44048,235.9176132,0.773024687,0.99239466,0.952275549,0.858720522,0.006284893,0.00210807,0.737400935,0.998719676,SEKER,SEKER
48500,861.497,328.6223486,189.6568929,1.732720301,0.816654275,49363,248.4997342,0.651067886,0.98251727,0.821190778,0.75618635,0.006775719,0.001366628,0.571817796,0.990800303,SIRA,SIRA
32062,665.567,235.1189657,174.9852954,1.343649849,0.667910598,32539,202.0460499,0.809299038,0.985340668,0.909529757,0.859335398,0.007333259,0.002466764,0.738457326,0.992228074,DERMASON,DERMASON
30872,653.682,250.0381319,157.8422594,1.584101323,0.775560903,31178,198.2610684,0.823033858,0.990185387,0.907907444,0.792923331,0.008099188,0.001974904,0.628727408,0.995967919,DERMASON,DERMASON
52923,910.943,379.9482538,178.1583825,2.132643149,0.883250358,53539,259.5836213,0.73001269,0.988494369,0.801441658,0.683207828,0.007179265,0.000964875,0.466772936,0.995460105,HOROZ,HOROZ
33657,674.773,243.0825677,176.6233701,1.376276353,0.687062568,34029,207.0106842,0.774935531,0.989068148,0.928901948,0.851606457,0.007222348,0.002343225,0.725233557,0.998121795,DERMASON,DERMASON
43021,781.572,296.0573014,186.3717086,1.588531348,0.776990529,43558,234.0428133,0.79868189,0.98767161,0.885018564,0.790532144,0.006881693,0.00165788,0.624941071,0.992738482,SIRA,SIRA
