Area,Perimeter,MajorAxisLength,MinorAxisLength,AspectRation,Eccentricity,ConvexArea,EquivDiameter,Extent,Solidity,roundness,Compactness,ShapeFactor1,ShapeFactor2,ShapeFactor3,ShapeFactor4,Class,Cluster_Label
183093,1626.402,606.628063,386.8273814,1.568213865,0.770311209,185169,482.8263124,0.775817797,0.98878862,0.869812822,0.795918194,0.003313224,0.000820171,0.633485772,0.993441171,BOMBAY,1
65610,1081.364,342.2177385,246.0475649,1.390860091,0.695031199,68005,289.0281068,0.690043226,0.964782001,0.705076252,0.844573715,0.005215939,0.001637052,0.713304761,0.992107124,BARBUNYA,3
84221,1205.045,397.284229,271.9564098,1.460837894,0.728976568,86303,327.4652771,0.705014231,0.975875694,0.728825783,0.824259443,0.004717164,0.001343125,0.679403629,0.992498566,BARBUNYA,3
145285,1440.991,524.9567463,353.0769977,1.486805285,0.740021669,146709,430.0960442,0.786046637,0.990293711,0.879241351,0.819298061,0.003613289,0.001004269,0.671249312,0.998017026,BOMBAY,1
57656,977.824,386.020136,194.6257959,1.98339657,0.863595319,59208,270.9426124,0.717355331,0.973787326,0.757762289,0.701887252,0.006695229,0.001002339,0.492645714,0.977111819,HOROZ,2
73623,1101.269,428.5121811,219.7080646,1.950370743,0.858554071,74981,306.1694221,0.754504089,0.981888745,0.762845424,0.714494093,0.005820358,0.000935673,0.510501809,0.995667792,BARBUNYA,2
69816,1028.089,367.5514925,243.5373954,1.509219937,0.748978809,70868,298.1484396,0.765643849,0.9851555,0.830048372,0.811174613,0.005264574,0.001406049,0.658004253,0.993073137,BARBUNYA,3
172359,1545.501,568.8688779,387.3404908,1.468653269,0.732380204,173829,468.459491,0.757455504,0.991543413,0.906786924,0.823492916,0.003300488,0.000936262,0.678140582,0.995953383,BOMBAY,1
146328,1476.39,542.2816357,346.0504599,1.567059428,0.769922094,149274,431.6371116,0.764793812,0.98026448,0.843597164,0.795964833,0.003705932,0.000917599,0.633560015,0.992826195,BOMBAY,1
63081,950.0,358.4980058,225.0158973,1.593211902,0.778485251,63792,283.4029353,0.684294455,0.988854402,0.878337091,0.790528624,0.005683138,0.00136911,0.624935505,0.995654685,BARBUNYA,3
71613,1195.63,388.4951893,235.8801426,1.64700252,0.794576836,72987,301.961096,0.780523161,0.98117473,0.629517959,0.777258263,0.005424925,0.001221335,0.604130408,0.995004304,BARBUNYA,3
67884,1089.592,423.7583854,206.0546751,2.05653371,0.873816903,69188,293.9942062,0.799915158,0.981152801,0.718537564,0.693777908,0.00624239,0.000892098,0.481327786,0.989866817,HOROZ,2
66873,1002.723,381.9451177,225.9835719,1.690145503,0.806183903,69064,291.7967582,0.775078524,0.968275802,0.835792976,0.76397562,0.0057115,0.001200184,0.583658748,0.986468209,CALI,3
90997,1245.103,425.1416049,272.9535748,1.557560128,0.766679692,92766,340.3835761,0.704125849,0.980930513,0.737609293,0.80063577,0.00467204,0.001184203,0.641017636,0.998423511,BARBUNYA,3
39581,717.629,237.0136344,212.803796,1.113766008,0.44029196,39918,224.4907446,0.775322716,0.991557693,0.965821047,0.947163842,0.005988066,0.002972807,0.897119344,0.999181031,SEKER,0
45816,859.129,338.7357705,173.1661098,1.95613201,0.859454087,46674,241.525864,0.793103448,0.981617174,0.78002815,0.713021432,0.007393395,0.001178783,0.508399562,0.994496657,HOROZ,2
70477,1024.772,355.1204899,253.352096,1.401687594,0.700730849,71580,299.5565112,0.793177572,0.984590668,0.843340141,0.843534856,0.005038814,0.001573694,0.711551053,0.997372283,BARBUNYA,3
73949,1108.007,395.8821383,239.0689445,1.655932932,0.797068281,75397,306.8465269,0.797844335,0.980794992,0.756932515,0.775095659,0.005353448,0.001191886,0.600773281,0.994840261,BARBUNYA,3
39964,738.327,261.7453629,195.9004504,1.336114145,0.663203581,40451,225.5742564,0.780242093,0.987960743,0.921258087,0.861808033,0.006549529,0.002228599,0.742713086,0.992349461,SIRA,0
176521,1635.591,620.7569629,368.8891318,1.682773791,0.804275259,181196,474.0817626,0.744814346,0.97419921,0.829195275,0.763715578,0.003516618,0.000737958,0.583261484,0.981497139,BOMBAY,1
68087,1029.885,372.4735199,233.8952225,1.592480239,0.778252654,69320,294.4334575,0.700029816,0.982212926,0.806671285,0.790481582,0.005470553,0.001317583,0.624861132,0.995079005,BARBUNYA,3
77546,1129.375,407.5307588,243.1571516,1.67599742,0.802494415,79093,314.2206768,0.672698567,0.980440747,0.763999237,0.771035486,0.005255342,0.001145719,0.594495721,0.996373295,BARBUNYA,3
85998,1174.8,441.3015301,251.9228226,1.751733033,0.821045162,88241,330.9018803,0.745423341,0.974580977,0.783015465,0.749831709,0.005131532,0.00100065,0.562247591,0.984907678,CALI,2
58846,947.248,376.1807897,202.164137,1.860769151,0.843319721,59516,273.724413,0.799538043,0.988742523,0.82413701,0.727640593,0.006392631,0.001105419,0.529460833,0.985204385,HOROZ,2
57121,941.078,385.9214754,188.9401204,2.042559699,0.871957388,57768,269.6826209,0.634381733,0.988800028,0.810502622,0.698801798,0.00675621,0.0009938,0.488323953,0.997430827,HOROZ,2
66391,1029.266,365.0198164,231.9166702,1.573926601,0.772221308,67367,290.7432658,0.686424731,0.985512194,0.787524041,0.796513649,0.005498032,0.001365086,0.634433992,0.998552537,BARBUNYA,3
66945,996.779,373.7364857,228.2295645,1.63754633,0.791885385,67778,291.9538,0.747754892,0.987709876,0.846701346,0.781175537,0.005582739,0.001282395,0.61023522,0.999288445,BARBUNYA,3
54230,940.76,337.9805201,204.9073227,1.649431146,0.795259167,55277,262.7694436,0.788673812,0.98105903,0.770001873,0.777469197,0.006232353,0.001404639,0.604458353,0.997012433,BARBUNYA,3
155439,1530.105,571.898425,351.3914853,1.627524994,0.788971427,158204,444.8719834,0.655324334,0.982522566,0.834309885,0.777886359,0.003679247,0.000831004,0.605107187,0.984827071,BOMBAY,1
59255,922.943,329.2752345,229.5490083,1.43444416,0.716940714,60140,274.6740054,0.747659424,0.985284337,0.874148277,0.834177541,0.005556919,0.00165977,0.69585217,0.998161081,BARBUNYA,3
170186,1602.527,581.4943271,381.3481079,1.524838632,0.754928506,174345,465.4970947,0.777701616,0.976145,0.832765997,0.80051872,0.003416816,0.00086554,0.640830222,0.977162679,BOMBAY,1
45012,854.166,299.2873979,192.127518,1.557753938,0.766746577,45841,239.3972815,0.779820169,0.981915752,0.775271133,0.799890952,0.006649058,0.001679048,0.639825535,0.996690746,BARBUNYA,3
80621,1149.201,414.2109219,248.7102772,1.665435488,0.799667144,81780,320.3901455,0.797501286,0.985827831,0.767124855,0.773495165,0.005137755,0.001134445,0.598294771,0.996421344,BARBUNYA,3
82419,1136.792,388.4967581,272.1324999,1.427601475,0.713676351,83738,323.9430969,0.70901114,0.984248489,0.801447701,0.833837323,0.00471368,0.001405611,0.695284682,0.992589437,BARBUNYA,3
68936,1025.523,381.0070496,231.0529832,1.649002944,0.795139124,70001,296.2634659,0.771536335,0.984785932,0.823692542,0.777580011,0.005526968,0.00124637,0.604630674,0.997037762,BARBUNYA,3
80590,1134.764,400.6533338,257.5414355,1.555684945,0.766030962,82249,320.3285421,0.795911313,0.979829542,0.786465943,0.799515479,0.004971502,0.001253069,0.639225001,0.994432711,BARBUNYA,3
42586,746.12,247.4483837,219.3118287,1.128294744,0.463124497,42974,232.8565637,0.780950285,0.990971285,0.961300904,0.941030853,0.005810557,0.00281069,0.885539067,0.999149075,SEKER,0
58778,963.455,398.3692695,191.7286778,2.077776127,0.876564829,60076,273.5662149,0.833907924,0.978394034,0.795722794,0.686715156,0.006777523,0.000929731,0.471577705,0.979832898,HOROZ,2
76781,1133.819,394.2964241,248.9873973,1.583599927,0.775398173,78061,312.6669242,0.803240959,0.983602567,0.750544017,0.792974283,0.005135338,0.001252522,0.628808214,0.995780641,BARBUNYA,3
54079,882.527,346.5358897,199.4671086,1.737308432,0.817729265,54691,262.4033562,0.7569425,0.988809859,0.872534312,0.757218412,0.006407957,0.001299523,0.573379724,0.996137429,SIRA,2
37943,725.296,272.4195768,177.7357646,1.532722338,0.757845642,38424,219.7965606,0.777903067,0.987481782,0.906381359,0.806831004,0.007179706,0.001876795,0.650976269,0.997765869,DERMASON,0
65618,973.379,349.7425879,239.9523772,1.457550002,0.727523456,66416,289.0457273,0.812989394,0.987984823,0.87029985,0.82645276,0.005329979,0.001533831,0.683024165,0.995541874,BARBUNYA,3
63530,977.519,346.3706052,234.5515131,1.476735753,0.73582732,64529,284.4097542,0.691505573,0.984518589,0.835484321,0.821114003,0.005452079,0.001528818,0.674228206,0.995656897,BARBUNYA,3
58836,962.165,327.3894952,229.8999744,1.424051899,0.711958445,60103,273.7011543,0.709380275,0.978919521,0.798645214,0.836010802,0.005564442,0.001676675,0.69891406,0.995289895,BARBUNYA,3
83810,1123.285,442.5761071,243.2735867,1.819252608,0.835377753,84912,326.6652817,0.7957124,0.987021858,0.834691106,0.738099677,0.005280708,0.00096679,0.544791133,0.99111269,CALI,2
66372,1060.47,369.2427646,230.3727641,1.602805636,0.781499421,67927,290.7016599,0.744239244,0.977107777,0.741648281,0.787291418,0.005563231,0.001318405,0.619827778,0.993463455,BARBUNYA,3
132254,1358.189,497.7676684,339.6363418,1.465590124,0.731054561,133553,410.3547523,0.727117787,0.990273524,0.900944965,0.824390129,0.003763725,0.001072331,0.679619085,0.996043019,BOMBAY,1
67353,1055.855,437.6707663,197.0169148,2.221488276,0.892953623,68034,292.8421128,0.637269373,0.989990299,0.759203579,0.669092239,0.006498163,0.000803368,0.447684424,0.994525699,HOROZ,2
94651,1199.819,424.7418673,284.9276281,1.490700885,0.741615331,95964,347.1503941,0.762551964,0.986317786,0.826235024,0.817320874,0.004487453,0.001235236,0.668013411,0.995808183,BARBUNYA,3
176920,1640.204,627.0168971,362.913449,1.727731223,0.815473983,180242,474.6172566,0.717882547,0.981569224,0.826401433,0.756944923,0.00354407,0.000717694,0.572965616,0.989930584,BOMBAY,1
191554,1682.544,635.3960003,385.9308518,1.646398564,0.794406592,193468,493.8563837,0.712504557,0.990106891,0.850292266,0.777241883,0.003317059,0.00074672,0.604104945,0.994597514,BOMBAY,1
150648,1489.751,511.9428366,379.2845314,1.349759334,0.671645345,153091,437.9623168,0.781426037,0.984042171,0.852993778,0.855490663,0.003398272,0.001122791,0.731864275,0.987840636,BOMBAY,1
64510,989.333,348.6611269,236.351649,1.475179582,0.735169278,65406,286.5949808,0.785940546,0.986300951,0.828231826,0.821987193,0.005404761,0.001522006,0.675662945,0.99672418,BARBUNYA,3
186509,1672.052,655.6987562,366.1175097,1.790951645,0.829597171,189519,487.3095877,0.844016146,0.984117687,0.838320523,0.743191264,0.003515641,0.000661587,0.552333255,0.989202152,BOMBAY,1
55672,952.751,399.0885089,178.2632932,2.238758758,0.894695744,56414,266.240102,0.707467087,0.986847237,0.77070444,0.667120441,0.007168568,0.000875849,0.445049683,0.996358875,HOROZ,2
68862,1033.621,356.6368895,246.2047294,1.448537932,0.723474343,70125,296.1044098,0.7214609,0.981989305,0.809966109,0.830268597,0.005179009,0.001518102,0.689345943,0.998543746,BARBUNYA,3
80058,1124.684,404.4212334,253.2458473,1.596951096,0.779667885,81137,319.2694966,0.729059284,0.986701505,0.795341359,0.789447908,0.005051603,0.001210327,0.623227999,0.995264637,BARBUNYA,3
93262,1206.743,410.561396,290.6016208,1.412798025,0.706397593,94988,344.5937701,0.729726769,0.981829284,0.804794523,0.839323359,0.004402237,0.001347629,0.704463702,0.995264927,BARBUNYA,3
58879,953.706,346.4185229,218.8363498,1.583002656,0.775204079,60225,273.8011526,0.751793968,0.977650477,0.813469472,0.790376768,0.005883567,0.001416306,0.624695436,0.988894534,BARBUNYA,3
56248,925.453,330.3764438,218.0510188,1.515133686,0.751258776,57157,267.6138597,0.825295283,0.984096436,0.825293099,0.810027061,0.005873568,0.001559839,0.656143839,0.994145633,BARBUNYA,3
181118,1654.091,632.3590715,370.3584898,1.707424263,0.810544168,185974,480.21516,0.770472277,0.973888823,0.831864671,0.759402658,0.00349142,0.000716259,0.576692398,0.984658592,BOMBAY,1
87552,1155.741,371.3509385,301.7053564,1.230839727,0.583026045,88998,333.8782242,0.821621622,0.983752444,0.823673123,0.899090832,0.00424149,0.001709671,0.808364324,0.994966924,BARBUNYA,3
25603,591.657,224.5774511,145.8854859,1.539409144,0.76027626,25993,180.551245,0.825078148,0.98499596,0.91909564,0.80395981,0.008771529,0.002260437,0.646351377,0.99499922,DERMASON,0
84228,1129.158,396.6203286,271.6941329,1.459804539,0.728521238,85605,327.4788854,0.74514314,0.983914491,0.830150666,0.825673476,0.004708889,0.001349993,0.681736689,0.995202313,BARBUNYA,3
26038,618.657,230.3408572,144.2018142,1.59735062,0.77979365,26411,182.0785854,0.785412645,0.985877097,0.854904541,0.79047455,0.008846334,0.002130564,0.624850014,0.998104557,DERMASON,0
146154,1460.105,540.3383352,346.7667545,1.558218394,0.766906738,148196,431.3804034,0.735713998,0.986220951,0.861494271,0.798352394,0.003697048,0.000926432,0.637366545,0.993156274,BOMBAY,1
69386,1036.784,374.2182333,236.5689491,1.581856937,0.774831007,70292,297.2288664,0.715260597,0.987110909,0.811157416,0.794266126,0.005393282,0.001324028,0.630858679,0.997928178,BARBUNYA,3
87149,1189.561,428.9654936,259.2231934,1.654811392,0.796758027,88604,333.1089208,0.811783336,0.983578619,0.773924932,0.776540131,0.004922208,0.001104067,0.603014575,0.997875389,BARBUNYA,3
51693,834.877,304.3503037,216.7960052,1.403855681,0.701850849,52208,256.5493555,0.776450973,0.990135611,0.931958572,0.84294102,0.00588765,0.001833625,0.710549564,0.997509042,BARBUNYA,0
49335,837.331,300.584812,209.2387931,1.436563496,0.717939337,49944,250.6297527,0.755952928,0.987806343,0.884241017,0.833807108,0.00609273,0.001816578,0.695234293,0.998748206,SEKER,0
37631,744.128,248.899729,192.992721,1.289684542,0.631490749,38388,218.891017,0.750353931,0.980280296,0.854004837,0.879434533,0.00661422,0.002440464,0.773405098,0.9974486,SEKER,0
68167,1098.149,385.2334158,226.1422793,1.70350019,0.809567612,69964,294.6063815,0.788860343,0.974315362,0.710332204,0.764747733,0.005651318,0.001192346,0.584839096,0.996273511,BARBUNYA,3
53524,919.534,324.5638455,210.5158395,1.541754988,0.761119659,54727,261.0533918,0.789090373,0.978018163,0.795468235,0.804320615,0.006063894,0.001565482,0.646931652,0.997410101,BARBUNYA,3
203101,1734.279,650.4675322,402.3138876,1.616816004,0.785785139,206039,508.5235735,0.743333455,0.985740564,0.848562812,0.781781639,0.00320268,0.000737964,0.611182531,0.988169698,BOMBAY,1
208936,1752.441,663.4179617,405.3769925,1.63654567,0.791597299,211979,515.7766741,0.791703138,0.985644804,0.854941363,0.777453587,0.003175221,0.000715569,0.60443408,0.989183976,BOMBAY,1
86940,1118.525,379.3463316,292.3414042,1.297614112,0.637264528,88117,332.7092515,0.748450413,0.986642759,0.873249024,0.877059362,0.004363312,0.001592619,0.769233124,0.998167757,BARBUNYA,3
41488,759.552,283.1427772,186.9854891,1.514250001,0.750920218,42005,229.8350762,0.708433653,0.987691941,0.903685555,0.811728551,0.006824691,0.001827705,0.65890324,0.997744232,BARBUNYA,0
61701,973.472,327.5645931,240.3264186,1.362998687,0.679499012,62812,280.2858419,0.728086944,0.982312297,0.818191829,0.855665868,0.005308902,0.001755502,0.732164078,0.997938677,BARBUNYA,3
58891,981.815,347.1969328,216.4020641,1.604406752,0.781996085,60173,273.8290526,0.75860159,0.978694763,0.767714012,0.788685114,0.005895586,0.001407088,0.622024209,0.997979841,BARBUNYA,3
68109,1054.03,382.4985513,227.4918703,1.681372397,0.803909057,69487,294.4810217,0.750760582,0.980168952,0.770386074,0.76988794,0.005615977,0.001217069,0.59272744,0.996595557,BARBUNYA,3
153971,1476.91,543.4833657,362.8924628,1.497643025,0.744416235,155410,442.7662656,0.815295494,0.990740622,0.887034951,0.814682276,0.003529777,0.000959136,0.663707211,0.993996476,BOMBAY,1
67760,1020.165,372.7653614,232.1322074,1.605832149,0.782436728,68895,293.7255718,0.721595689,0.983525655,0.818167873,0.787963696,0.00550126,0.001308178,0.620886786,0.997039962,BARBUNYA,3
131488,1368.233,485.8925009,345.6212635,1.405852452,0.702876202,132905,409.1646628,0.793367686,0.989338249,0.882624263,0.842088861,0.003695337,0.001146214,0.70911365,0.996909164,BOMBAY,1
68770,1032.496,353.7828834,248.6158763,1.423010021,0.711450968,69908,295.9065452,0.755050505,0.983721462,0.810647659,0.836407184,0.005144436,0.001553061,0.699576977,0.995505049,BARBUNYA,3
140867,1414.336,500.3077756,360.1775879,1.389058599,0.694065317,142672,423.5061215,0.81376151,0.987348604,0.884940228,0.846491184,0.003551632,0.001124857,0.716547325,0.995326224,BOMBAY,1
68988,1043.643,352.040944,249.9893272,1.408223895,0.704086362,70402,296.375184,0.739516337,0.979915343,0.795938459,0.841877029,0.00510293,0.001581226,0.708756932,0.998088447,BARBUNYA,3
61636,959.365,368.6321344,214.9134491,1.715258566,0.812470373,62421,280.1381669,0.719475183,0.987424104,0.8415435,0.759939628,0.005980793,0.001230424,0.577508237,0.990575951,CALI,2
187777,1674.447,638.4466932,376.9398753,1.69376268,0.807109712,190000,488.9632931,0.821206158,0.9883,0.841607213,0.765863929,0.003400026,0.000721553,0.586547558,0.993472364,BOMBAY,1
68264,1027.426,408.5483541,215.8187179,1.893016316,0.849084242,69822,294.8159159,0.733075601,0.977686116,0.812644299,0.721618171,0.005984829,0.001001063,0.520732784,0.985755657,CALI,2
38612,742.726,276.8687886,178.3913017,1.552030766,0.764758421,39059,221.7257885,0.765625,0.988555775,0.879579112,0.800833455,0.007170537,0.001819283,0.641334223,0.995370445,SIRA,0
34222,671.994,223.2982638,195.2383681,1.143721216,0.485315785,34576,208.7409967,0.7843326,0.989761684,0.95232341,0.93480797,0.006524992,0.003073614,0.873865941,0.999459017,SEKER,0
52942,918.137,365.4608679,190.7847959,1.915565997,0.852921666,55205,259.6302139,0.77278566,0.959007336,0.789214815,0.710418643,0.006903042,0.00108462,0.504694649,0.966775908,HOROZ,2
85861,1127.125,453.4993532,243.2214479,1.8645533,0.84401378,86936,330.6382019,0.662236894,0.987634582,0.849301011,0.72908197,0.005281785,0.000920589,0.531560519,0.99112292,CALI,2
71482,1028.478,368.1825732,248.6883647,1.480497786,0.737407168,72669,301.6847844,0.734935176,0.983665662,0.84921283,0.819389092,0.005150703,0.001432211,0.671398484,0.994003969,BARBUNYA,3
79814,1075.684,380.9404484,267.5498262,1.423811235,0.711841354,80880,318.7825921,0.789956055,0.98681998,0.866801238,0.836830516,0.004772852,0.001443803,0.700285313,0.997074096,BARBUNYA,3
65099,1008.429,339.042428,245.3134953,1.382078175,0.690273994,66288,287.9003667,0.742325762,0.982063119,0.804439761,0.849157341,0.005208105,0.001670368,0.72106819,0.996572608,BARBUNYA,3
73205,1084.621,371.9501875,251.3077429,1.480058605,0.737223531,74387,305.2990352,0.762591802,0.984110127,0.781978102,0.820806241,0.00508094,0.001422612,0.673722885,0.997149353,BARBUNYA,3
84171,1135.22,407.5999068,263.9065404,1.54448581,0.762095465,85583,327.3680585,0.735047288,0.983501396,0.82075263,0.803160288,0.004842522,0.001242969,0.645066448,0.996295975,BARBUNYA,3
72322,1071.542,377.0354261,245.0295343,1.538734615,0.760032859,73587,303.4521879,0.720396047,0.982809464,0.791520004,0.804837336,0.005213288,0.001349348,0.647763137,0.996735562,BARBUNYA,3
147827,1452.182,541.3785204,349.7474326,1.547912779,0.763310977,148921,433.8423471,0.783803989,0.992653823,0.880889694,0.801366014,0.003662244,0.000931646,0.642187489,0.994050221,BOMBAY,1
80259,1093.858,430.8463441,239.1631131,1.801474895,0.831783143,81078,319.6700371,0.676400688,0.989898616,0.842910985,0.741958337,0.0053682,0.001003521,0.550502174,0.991715847,CALI,2
72937,1113.897,399.2799918,233.2505456,1.711807322,0.811625644,74443,304.7396802,0.784049621,0.979769757,0.738699307,0.763223018,0.005474313,0.001145817,0.582509375,0.997143812,BARBUNYA,3
65707,1000.653,361.1158225,233.2033591,1.548501805,0.763518892,66803,289.2416823,0.819994759,0.983593551,0.824621207,0.800966516,0.00549585,0.001395314,0.64154736,0.993437245,BARBUNYA,3
40251,755.91,285.2356657,180.2157124,1.582745822,0.775120534,40738,226.3827841,0.774772867,0.988045559,0.885210093,0.793669275,0.007086424,0.001734464,0.629910918,0.996988874,SIRA,0
79874,1093.895,382.9131867,270.4233379,1.415976852,0.707986233,81979,318.9023916,0.760755479,0.974322692,0.838810819,0.832832095,0.004793965,0.001422671,0.693609299,0.982134712,BARBUNYA,3
69221,1021.744,378.5480822,233.5553793,1.620806523,0.78698135,70135,296.8752508,0.820542911,0.98696799,0.833227396,0.78424714,0.005468688,0.001276071,0.615043576,0.99686664,BARBUNYA,3
63733,1048.882,358.4090779,227.7786694,1.57349711,0.77207859,65287,284.8637848,0.690483413,0.976197405,0.727982536,0.794800697,0.005623603,0.001384291,0.631708147,0.993990944,BARBUNYA,3
65345,996.042,362.3966987,230.2297934,1.574065169,0.772267323,66369,288.4438213,0.710611597,0.98457111,0.827688504,0.79593391,0.005545898,0.001372966,0.633510789,0.997187267,BARBUNYA,3
160273,1550.026,599.0795386,343.5747122,1.743665984,0.819202526,163513,451.7365621,0.808871326,0.980185062,0.838286098,0.754051062,0.003737869,0.00074543,0.568593004,0.991436279,BOMBAY,1
59499,986.818,396.9401298,191.9924422,2.067477893,0.8752443,60449,275.2389501,0.609339956,0.984284273,0.767795222,0.693401673,0.006671375,0.000951338,0.48080588,0.994055528,HOROZ,2
152816,1455.529,537.150888,365.6273941,1.469121014,0.732581692,154914,441.1024533,0.811642235,0.986457002,0.906435626,0.821189098,0.003515017,0.000986007,0.674351535,0.990704011,BOMBAY,1
62215,998.572,354.267075,224.370612,1.578937062,0.773875735,63401,281.4508808,0.765139217,0.98129367,0.784054408,0.794459606,0.005694239,0.001399274,0.631166065,0.996571493,BARBUNYA,3
49609,855.35,335.0468732,190.9006953,1.755084615,0.821802054,50302,251.3247711,0.799629271,0.986223212,0.852084406,0.750118241,0.006753752,0.001318997,0.562677375,0.987546404,SIRA,2
173520,1589.015,589.0605955,377.2629071,1.561406077,0.768001215,175941,470.0346006,0.807009711,0.986239705,0.863581657,0.797939302,0.003394771,0.000848926,0.63670713,0.994158382,BOMBAY,1
196076,1692.04,641.3045356,393.1082329,1.631368875,0.790096756,199295,499.6515956,0.803965787,0.983848064,0.860623204,0.779117514,0.003270694,0.000743415,0.607024101,0.990280225,BOMBAY,1
65235,1017.685,329.6995393,253.3145195,1.301542209,0.640066756,66266,288.2009398,0.752786817,0.984441493,0.791523446,0.874132067,0.005054028,0.001820227,0.764106871,0.994517344,BARBUNYA,3
177711,1607.597,607.9823028,375.2245473,1.620315907,0.786834855,179829,475.6770677,0.747658715,0.988222144,0.864111531,0.782386371,0.003421186,0.000790754,0.612128434,0.991841439,BOMBAY,1
43077,830.696,349.041044,158.7692156,2.198417639,0.890556509,43755,234.1950893,0.772404519,0.984504628,0.784460492,0.670967192,0.008102724,0.001013015,0.450196973,0.989720967,HOROZ,2
184246,1642.028,646.5775398,365.2053645,1.770449185,0.825208377,186178,484.3441887,0.754945667,0.989622834,0.858710583,0.749089102,0.003509317,0.00068161,0.561134483,0.993460088,BOMBAY,1
171230,1557.612,573.9713915,381.810275,1.503289537,0.746658233,172843,466.9226994,0.784634489,0.990667832,0.886892846,0.813494725,0.003352049,0.000905543,0.661773668,0.994837431,BOMBAY,1
53775,888.483,356.1336787,193.1511112,1.843808594,0.840149007,54244,261.6647789,0.643819216,0.991353882,0.856036018,0.734737529,0.006622663,0.001190533,0.539839236,0.995360222,HOROZ,2
50486,982.666,325.5099201,198.5238286,1.639651634,0.79248943,51525,253.5365292,0.799942959,0.979835032,0.657005443,0.778890331,0.006447528,0.001463788,0.606670147,0.994727698,BARBUNYA,3
162493,1517.497,546.6827081,379.5352984,1.440400169,0.719732474,163687,454.854387,0.72670638,0.992705591,0.886724766,0.832026293,0.003364346,0.000994555,0.692267752,0.997142587,BOMBAY,1
39048,739.172,272.8580016,182.7970231,1.49268296,0.742420095,39452,222.974119,0.793142671,0.989759708,0.898085416,0.817180063,0.006987759,0.001922156,0.667783256,0.996788687,DERMASON,0
67796,1015.155,344.1761834,253.0661384,1.360024639,0.677762606,69240,293.8035878,0.738647259,0.979145003,0.826702439,0.853642994,0.005076644,0.001662883,0.728706362,0.991058606,BARBUNYA,3
173809,1558.175,567.890055,391.4866953,1.450598607,0.724408867,175580,470.4258624,0.818340615,0.98991343,0.899600443,0.828374891,0.003267322,0.000949029,0.68620496,0.99540796,BOMBAY,1
73056,1041.289,356.6933788,261.4526252,1.364275377,0.680239578,74191,304.9881771,0.742303237,0.984701648,0.846687587,0.855043001,0.004882465,0.001609796,0.731098534,0.997419728,BARBUNYA,3
76790,1092.1,367.7125576,268.2932239,1.370562224,0.683844714,78048,312.6852485,0.710255651,0.983881714,0.809076743,0.85035238,0.004788547,0.001544469,0.72309917,0.991052407,BARBUNYA,3
69580,1012.777,352.2390497,252.6260486,1.394310095,0.6968668,70646,297.6440954,0.817069447,0.984910681,0.852445512,0.845005957,0.005062361,0.001592106,0.714035068,0.995586303,BARBUNYA,3
172351,1588.837,601.4149897,367.8191115,1.63508358,0.791175231,173929,468.4486191,0.83275433,0.990927332,0.857955933,0.778910781,0.003489478,0.000792303,0.606702004,0.992008485,BOMBAY,1
72674,1020.748,358.201645,258.7451582,1.384380089,0.69153289,73608,304.189761,0.722118442,0.987311162,0.876499864,0.849213746,0.004928883,0.001581235,0.721163987,0.998365065,BARBUNYA,3
217182,1811.572,704.3042088,396.8257458,1.774845045,0.826164169,220372,525.8561693,0.675989791,0.985524477,0.831615343,0.746632155,0.003242922,0.000621646,0.557459575,0.989404365,BOMBAY,1
140313,1432.029,517.4259023,347.2543044,1.490048923,0.741349726,141966,422.6725213,0.721240439,0.988356367,0.85981328,0.816875459,0.003687655,0.001012869,0.667285515,0.994288063,BOMBAY,1
73094,1052.343,369.0461015,253.2377065,1.457311025,0.727417341,74275,305.0674864,0.775771856,0.98409963,0.829424691,0.826637878,0.005048925,0.001454253,0.683330182,0.995824608,BARBUNYA,3
69232,1021.513,339.7519042,260.2171529,1.305647612,0.642955611,70543,296.8988383,0.77967476,0.98141559,0.833736752,0.873869534,0.00490744,0.001765311,0.763647963,0.997055139,BARBUNYA,3
166862,1545.005,580.3276343,368.7448381,1.573791886,0.772176558,168545,460.928733,0.837849916,0.990014536,0.87843075,0.794256047,0.00347789,0.000853764,0.630842669,0.992815074,BOMBAY,1
36718,727.659,271.1585016,172.824467,1.568982138,0.770569578,37285,216.2193553,0.788786251,0.984792812,0.871431132,0.797391024,0.007384893,0.00184166,0.635832445,0.997609749,HOROZ,0
79044,1091.785,405.4557524,248.5061191,1.63157251,0.790156106,79952,317.2411489,0.791247072,0.988643186,0.833306035,0.782430998,0.005129494,0.001185874,0.612198266,0.998845862,BARBUNYA,3
64096,987.105,397.1214378,205.9690031,1.928064087,0.854983645,64721,285.6738733,0.721346898,0.990343165,0.826635568,0.7193615,0.006195729,0.001023437,0.517480968,0.99773647,HOROZ,2
88631,1174.734,424.3290592,267.7618562,1.584725566,0.77576324,90381,335.9292992,0.768512417,0.980637523,0.807079723,0.79167168,0.004787592,0.001160052,0.626744049,0.993217318,BARBUNYA,3
171566,1554.742,575.3363956,381.6426689,1.507526392,0.748319647,173000,467.3805898,0.828037221,0.991710983,0.891916973,0.812360548,0.003353441,0.000900877,0.65992966,0.99486138,BOMBAY,1
62502,952.384,369.8376368,216.7894717,1.705976004,0.810184672,63235,282.0993053,0.810598397,0.988408318,0.865923642,0.762765271,0.005917213,0.001235551,0.581810859,0.992555364,CALI,3
38581,709.625,234.0327802,210.328979,1.112698693,0.438531348,38948,221.6367634,0.779792222,0.99057718,0.962776607,0.947032989,0.006066011,0.00300984,0.896871483,0.997947727,SEKER,0
72263,1097.796,375.5949146,245.3807653,1.530661599,0.757088556,73699,303.3283851,0.719392733,0.980515339,0.753498797,0.807594494,0.00519761,0.001363819,0.652208867,0.998311068,BARBUNYA,3
25145,599.041,221.5129007,144.9409599,1.528297459,0.75621529,25561,178.9290596,0.759208937,0.983725206,0.88053862,0.807759092,0.008809421,0.00231342,0.652474751,0.997175504,DERMASON,0
60563,1005.91,408.4148618,189.8140139,2.151658107,0.885437823,61453,277.6890465,0.621981904,0.985517387,0.752140532,0.679919054,0.006743637,0.000889002,0.46228992,0.994689855,HOROZ,2
69589,1026.872,385.7660295,230.724245,1.671978728,0.801426157,70774,297.6633445,0.739097649,0.983256563,0.829311783,0.771616269,0.005543491,0.001212184,0.595391667,0.995482202,BARBUNYA,3
80724,1071.17,416.3012603,247.5448111,1.68172081,0.804000203,81330,320.5947426,0.799722607,0.992548875,0.884088489,0.770102743,0.005157094,0.00111887,0.593058236,0.997358376,BARBUNYA,3
35889,715.89,271.930781,168.974303,1.609302576,0.783503647,36306,213.7645762,0.788959968,0.988514295,0.879991809,0.786099225,0.007576995,0.001784786,0.617951991,0.994471731,SIRA,0
71260,1075.675,360.4960636,254.155122,1.418409594,0.709192421,72747,301.2159524,0.713484721,0.979559295,0.773915476,0.835559616,0.005058884,0.001521053,0.698159872,0.99027666,BARBUNYA,3
71898,1074.336,369.3024779,249.1299837,1.482368651,0.738187105,73105,302.5613604,0.750940007,0.983489501,0.782792068,0.819277905,0.005136478,0.00142748,0.671216285,0.99498998,BARBUNYA,3
38811,742.218,264.634744,187.3745512,1.412330235,0.706162603,39314,222.2964237,0.714909372,0.987205576,0.885322969,0.840012238,0.00681855,0.002094181,0.705620561,0.996569252,DERMASON,0
67413,1077.615,359.8362623,239.8736526,1.500107488,0.745398715,68823,292.9725199,0.736030134,0.979512663,0.729501623,0.814182868,0.005337787,0.001446868,0.662893742,0.994411866,BARBUNYA,3
53651,921.453,388.8616732,176.213146,2.206768802,0.891433655,54216,261.3629178,0.788197097,0.989578722,0.79403804,0.672123112,0.007247986,0.000912415,0.451749477,0.996906653,HOROZ,2
55699,948.396,317.4639035,223.7711015,1.418699293,0.709335508,56924,266.3046552,0.736759259,0.978480079,0.778176004,0.838850188,0.005699634,0.001740862,0.703669638,0.998295618,BARBUNYA,3
68774,1136.305,373.3326894,235.5836317,1.584714043,0.775759508,70416,295.9151508,0.686847099,0.976681436,0.669336199,0.792631235,0.005428399,0.00132171,0.628264275,0.995619219,BARBUNYA,3
60340,980.964,345.4561468,222.9906301,1.549195797,0.763763481,61109,277.1773334,0.787646199,0.987415929,0.787968816,0.802351719,0.00572516,0.001463614,0.643768281,0.997323116,BARBUNYA,3
78471,1131.829,380.0231477,264.8075786,1.435091661,0.717246431,80312,316.0891968,0.725293922,0.9770769,0.769763681,0.831763009,0.004842848,0.001429812,0.691829703,0.992839037,BARBUNYA,3
68804,1058.95,383.9446161,228.9820536,1.676745448,0.802692254,69932,295.9796845,0.764488889,0.983870045,0.771032424,0.770891613,0.005580266,0.001215648,0.594273879,0.996446022,BARBUNYA,3
47650,843.392,332.0364935,183.7246547,1.807250606,0.832964328,48256,246.3125338,0.759168977,0.987441976,0.841809485,0.741823681,0.006968237,0.001301684,0.550302373,0.994534298,HOROZ,2
90176,1181.556,418.3022938,275.5283718,1.518182287,0.752421062,91791,338.8445797,0.784493858,0.982405682,0.811693768,0.810047147,0.004638732,0.001232027,0.656176381,0.996195358,BARBUNYA,3
92476,1191.233,457.2075216,260.1276328,1.757627656,0.822373004,93866,343.1386019,0.688962563,0.985191656,0.818927525,0.75050953,0.004944067,0.000967585,0.563264554,0.990009358,CALI,2
161473,1556.283,605.285003,343.0184745,1.764584266,0.823920278,163971,453.4245351,0.800064412,0.984765599,0.837785098,0.749109152,0.003748521,0.000728149,0.561164521,0.990222084,BOMBAY,1
64566,1016.789,355.1781595,232.5007748,1.527642907,0.755972615,65592,286.7193479,0.799777035,0.984357849,0.784787483,0.807255008,0.005501009,0.001441004,0.651660648,0.995504766,BARBUNYA,3
40120,762.206,281.6828655,182.1285948,1.546615268,0.76285194,40818,226.0140937,0.717761557,0.982899701,0.867812821,0.802370756,0.007021009,0.001795063,0.64379883,0.9957091,SIRA,0
69575,1076.93,363.9028039,244.2310606,1.489993955,0.741327312,71278,297.6334009,0.73228363,0.976107635,0.753855536,0.817892574,0.005230367,0.001443767,0.668948262,0.996728867,BARBUNYA,3
80881,1130.612,433.4216946,239.0085096,1.813415327,0.83421082,82038,320.9063533,0.773610713,0.98589678,0.795113624,0.740402147,0.005358758,0.000993378,0.54819534,0.994105831,CALI,2
182361,1634.593,608.4481311,385.2641755,1.579301087,0.773995183,184578,481.8601837,0.827034014,0.987988818,0.857674622,0.791949484,0.003336504,0.000809583,0.627183986,0.99051235,BOMBAY,1
196411,1687.198,654.8413345,384.0744664,1.704985339,0.809938142,197945,500.0782461,0.766673433,0.992250373,0.867048851,0.763663226,0.003334036,0.000699451,0.583181523,0.994315947,BOMBAY,1
83982,1174.925,412.0556943,260.2859528,1.583088483,0.775231987,85570,327.0003111,0.741956003,0.981442094,0.764497003,0.793582799,0.004906476,0.001200379,0.629773658,0.996987425,BARBUNYA,3
22069,561.523,208.0328728,135.9878443,1.529790209,0.75676727,22426,167.6279318,0.683801202,0.984080977,0.879543694,0.805776172,0.009426475,0.002451245,0.649275239,0.993254903,DERMASON,0
43372,773.114,280.1265252,197.8736413,1.415683884,0.707840417,43819,234.9956288,0.753928522,0.989798946,0.91186855,0.838891028,0.006458695,0.001973089,0.703738157,0.996270768,SIRA,0
84390,1131.241,396.2597491,271.6921699,1.458487925,0.727939277,85574,327.7936625,0.773588538,0.986164022,0.828687097,0.827219174,0.004695577,0.001356285,0.684291563,0.998030981,BARBUNYA,3
82299,1145.17,421.062064,249.7111946,1.686196186,0.805165043,83888,323.7071845,0.770503314,0.981058077,0.788614027,0.768787341,0.005116248,0.001102443,0.591033975,0.996599235,BARBUNYA,3
92981,1209.112,442.6712769,268.7161202,1.64735661,0.794676543,94477,344.0742451,0.808460134,0.984165458,0.799228595,0.777268061,0.004760879,0.00107189,0.604145639,0.995243311,BARBUNYA,3
71678,1054.534,422.650982,218.7140631,1.932436241,0.855694396,73261,302.0981034,0.633086027,0.978392323,0.809980511,0.714769671,0.005896523,0.00094938,0.510895683,0.987273333,CALI,2
86769,1135.185,383.4507041,289.1968679,1.325915826,0.656649726,87906,332.3818919,0.808982164,0.987065729,0.84613794,0.86681779,0.004419213,0.001538991,0.751373081,0.996257459,BARBUNYA,3
183483,1669.563,634.1044843,374.9097183,1.691352487,0.806493607,187798,483.3402646,0.763253132,0.977023184,0.827180091,0.762240729,0.00345593,0.000719637,0.58101093,0.98269428,BOMBAY,1
199669,1690.464,625.7629325,411.065652,1.522294381,0.753974953,202954,504.2087531,0.764470531,0.983814066,0.878028583,0.805750432,0.003134001,0.000814857,0.649233758,0.988324903,BOMBAY,1
44049,812.823,322.7544975,176.2762927,1.830958051,0.837679472,44699,236.822568,0.817235622,0.985458288,0.837826223,0.73375451,0.00732717,0.001310144,0.53839568,0.985779906,HOROZ,2
38706,720.119,258.8464423,190.7525632,1.35697491,0.675965465,39128,221.9955176,0.745277751,0.989214884,0.937949847,0.85763403,0.006687502,0.002231782,0.73553613,0.998104074,DERMASON,0
64317,981.442,365.8679828,224.8790262,1.626954674,0.788803644,65275,286.1659445,0.821207865,0.985323631,0.839085786,0.782156291,0.005688511,0.001313266,0.611768464,0.995319562,BARBUNYA,3
185104,1607.624,588.7555844,402.5758805,1.462471084,0.729693661,187253,485.4706301,0.796639639,0.988523548,0.900029419,0.824570744,0.003180675,0.000907007,0.679916911,0.994358823,BOMBAY,1
59619,944.089,335.8367748,226.7063493,1.481373485,0.737772705,60673,275.5163669,0.737539432,0.982628187,0.840559917,0.820387723,0.005633049,0.001573983,0.673036016,0.997017708,BARBUNYA,3
78843,1090.744,420.5249115,243.2464944,1.728801529,0.815728197,80669,316.8375379,0.754557896,0.977364291,0.832774349,0.753433457,0.0053337,0.0010602,0.567661974,0.98137489,CALI,2
39600,736.956,276.151578,183.0653099,1.508486661,0.748693747,39961,224.5446191,0.757749713,0.990966192,0.91626676,0.813120898,0.006973525,0.00188041,0.661165595,0.99735948,SIRA,0
76502,1103.519,385.6338479,253.8097097,1.519381778,0.752875965,77696,312.0983365,0.800096218,0.984632414,0.78944708,0.809312611,0.005040834,0.001333974,0.654986903,0.995175165,BARBUNYA,3
61884,977.874,332.1090455,237.9380412,1.395779522,0.697643033,62975,280.7011863,0.724569127,0.982675665,0.81324695,0.845207892,0.005366638,0.001689415,0.714376381,0.997111924,BARBUNYA,3
184172,1632.704,632.6632699,373.8460925,1.692309436,0.806738598,186777,484.2469137,0.809931748,0.986052887,0.868197548,0.76541019,0.003435176,0.000727287,0.585852759,0.991444152,BOMBAY,1
35383,707.379,271.5264922,166.6109469,1.629703793,0.789610463,35744,212.2522905,0.835628085,0.989900403,0.888587482,0.781700116,0.007673925,0.001767494,0.611055072,0.995838768,DERMASON,0
33954,716.75,277.3684803,156.3563259,1.773951126,0.825970469,34420,207.9220419,0.799481987,0.98646136,0.830549278,0.7496239,0.008168949,0.001591181,0.561935991,0.996846984,HOROZ,2
41574,754.002,273.506578,193.8869062,1.410650071,0.705316011,41973,230.0731641,0.743375174,0.990493889,0.918938993,0.841197918,0.006578789,0.002031976,0.707613938,0.998195652,DERMASON,0
63780,1001.82,362.6544311,224.4814357,1.615520811,0.785394587,64748,284.9688021,0.793638943,0.985049731,0.798573664,0.785786075,0.005686021,0.001337228,0.617459756,0.997519086,BARBUNYA,3
75338,1132.638,394.0366999,248.1902526,1.587639707,0.776703957,77341,309.7149025,0.702884759,0.974101705,0.737975076,0.786005219,0.005230252,0.001231414,0.617804204,0.980850485,BARBUNYA,3
39657,798.425,331.2468658,152.89654,2.166477186,0.887099197,40152,224.7061651,0.789665472,0.987671847,0.781738439,0.678364653,0.008352797,0.0010911,0.460178602,0.996966443,HOROZ,2
74754,1036.381,352.3274101,271.1416181,1.299422098,0.638558995,75705,308.5121536,0.817949055,0.987438082,0.874591829,0.875640511,0.004713158,0.001709209,0.766746305,0.996327092,BARBUNYA,3
35283,681.373,223.9750122,200.8365205,1.115210578,0.442655743,35589,211.9521428,0.779080551,0.991401838,0.955004742,0.946320488,0.006347958,0.003140269,0.895522466,0.998696127,SEKER,0
47328,874.436,363.4143173,166.1896743,2.186744266,0.889312059,47999,245.4788813,0.793561368,0.986020542,0.777807199,0.67547939,0.007678632,0.00098608,0.456272406,0.997751068,HOROZ,2
77123,1075.07,392.0032146,252.4476478,1.552809931,0.765030692,78234,313.3624952,0.667165522,0.985799013,0.838533259,0.799387565,0.005082832,0.00128031,0.639020479,0.992277346,BARBUNYA,3
168532,1539.35,573.7944065,376.7821062,1.522881254,0.754195437,169925,463.2295402,0.788730549,0.991802266,0.893752947,0.807309264,0.003404661,0.0008921,0.651748248,0.99253519,BOMBAY,1
66910,996.008,355.7803779,239.9274682,1.482866387,0.738393969,67749,291.8774708,0.779037817,0.987616053,0.847569345,0.820386645,0.005317298,0.001485748,0.673034248,0.998019864,BARBUNYA,3
206303,1734.416,666.0177998,395.9859468,1.681922819,0.804053018,207854,512.5164756,0.817592042,0.992538032,0.861804713,0.769523691,0.003228348,0.00069831,0.592166711,0.995978704,BOMBAY,1
52334,856.496,310.322943,215.4484257,1.440358369,0.719713039,52812,258.1350777,0.708441629,0.990949027,0.896485183,0.831827242,0.005929662,0.001751226,0.69193656,0.996636615,SIRA,0
77815,1075.607,432.7701699,230.6963657,1.875929725,0.846071765,78443,314.7652064,0.850251311,0.991994187,0.845212567,0.727326485,0.005561526,0.000960045,0.529003816,0.992373982,CALI,2
67429,1124.602,393.2619082,219.2954315,1.793297314,0.830088268,68968,293.0072853,0.714668786,0.977685303,0.669975436,0.745069073,0.005832237,0.001108667,0.555127923,0.995509414,BARBUNYA,2
81568,1133.606,392.5502676,265.8710006,1.476468914,0.735714675,82755,322.2663544,0.796593617,0.985656456,0.797637211,0.820955636,0.004812552,0.001348447,0.673968156,0.995093031,BARBUNYA,3
60090,979.426,375.6817187,207.4573168,1.81088681,0.833701324,61492,276.6025384,0.814227642,0.977200286,0.787170501,0.736268295,0.006251984,0.001133293,0.542091002,0.981665445,HOROZ,2
42659,750.109,250.8943863,217.153824,1.155376321,0.500876329,43069,233.0560571,0.741895652,0.990480392,0.952734259,0.928901043,0.005881394,0.002701082,0.862857148,0.996924717,SEKER,0
77492,1134.539,428.9230129,231.9317687,1.849349984,0.84119587,78865,314.1112523,0.736280024,0.982590503,0.756532997,0.732325482,0.005535062,0.000982017,0.536300612,0.991807528,BARBUNYA,2
50879,843.716,314.0192157,207.0960918,1.51629716,0.751703392,51313,254.5214231,0.755778372,0.991542104,0.898164449,0.810528179,0.006171883,0.001643122,0.656955929,0.996140409,SIRA,0
55434,925.422,330.5917574,213.7725739,1.546464785,0.762798609,56460,265.670399,0.718876439,0.981827843,0.813404259,0.803620759,0.0059637,0.001534264,0.645806325,0.998716739,BARBUNYA,3
78661,1110.302,373.6630486,268.5560253,1.391378384,0.695308143,80166,316.4716351,0.767244743,0.981226455,0.801838829,0.846943888,0.004750296,0.001507714,0.717313949,0.998055123,BARBUNYA,3
73608,1062.467,391.5904484,240.2026181,1.630250542,0.789770341,74612,306.1382309,0.734698766,0.98654372,0.819415136,0.78178166,0.005319944,0.001225826,0.611182564,0.996380707,BARBUNYA,3
46584,803.589,290.4833904,204.823352,1.41821422,0.709095856,47062,243.5417643,0.735517486,0.989843186,0.906522681,0.838401686,0.00623569,0.001900522,0.702917387,0.996887434,SIRA,0
176119,1613.423,612.2088114,369.6122782,1.656354097,0.797184595,177629,473.54163,0.685048038,0.991499136,0.850197038,0.77349692,0.003476109,0.000767551,0.598297485,0.990992491,BOMBAY,1
67959,1012.437,340.589037,255.2594724,1.334285595,0.662044266,69034,294.1565675,0.807420873,0.984427963,0.833145451,0.8636701,0.005011684,0.001720105,0.745926041,0.995278371,BARBUNYA,3
37714,728.687,278.2250489,174.4161198,1.595179672,0.779108879,38440,219.1322801,0.752248928,0.981113424,0.892545608,0.787608021,0.007377235,0.001751112,0.620326395,0.989532055,SIRA,0
81515,1194.963,416.0416065,251.2564253,1.655844646,0.797043885,83485,322.1616388,0.730192144,0.976402947,0.717362186,0.774349569,0.005103866,0.00113195,0.599617255,0.992873022,BARBUNYA,3
179122,1642.56,619.1034092,369.8831772,1.673780932,0.801906351,180813,477.5617381,0.799352029,0.990647796,0.834288599,0.771376366,0.003456323,0.000754848,0.595021498,0.995935638,BOMBAY,1
200714,1688.8,612.1030514,420.6495529,1.455137768,0.726449214,203767,505.5264602,0.711860319,0.985017201,0.884364069,0.825884561,0.003049628,0.000875193,0.682085309,0.992528094,BOMBAY,1
77067,1129.233,398.9042899,247.7669124,1.609998228,0.783716508,78528,313.2487063,0.715219066,0.981395171,0.759471,0.785272844,0.005176071,0.001214122,0.61665344,0.992810945,BARBUNYA,3
39336,722.8,260.6452398,192.3676739,1.354932638,0.67475251,39664,223.7948854,0.775857988,0.991730537,0.94615823,0.858618732,0.006626125,0.002221472,0.737226128,0.998891742,SEKER,0
76097,1053.506,404.9215575,242.3833689,1.67058309,0.801053026,77694,311.2711192,0.753831218,0.979445002,0.861595403,0.768719554,0.005321124,0.001146185,0.590929753,0.987197253,CALI,3
152952,1477.762,522.9554346,375.9039206,1.391194414,0.695209889,155498,441.2986912,0.785735201,0.983626799,0.880148666,0.843855254,0.003419082,0.001069452,0.71209169,0.990657981,BOMBAY,1
72503,1048.874,409.7482505,229.4829452,1.785528115,0.828453137,74347,303.831675,0.697915965,0.975197385,0.82816944,0.741508169,0.005651466,0.001053913,0.549834365,0.981744717,CALI,2
75335,1045.764,408.4106538,237.0383312,1.722973039,0.814337135,76206,309.7087359,0.795470144,0.988570454,0.865643918,0.75832678,0.00542126,0.001105874,0.575059505,0.990812023,CALI,3
50683,905.491,314.9375832,205.4562108,1.532869617,0.757899604,51613,254.0307065,0.769883947,0.981981284,0.776790492,0.806606515,0.00621387,0.001622515,0.650614071,0.997306541,BARBUNYA,3
94151,1158.189,444.1690204,271.5418786,1.63572935,0.791361816,95228,346.2322579,0.79390684,0.988690301,0.882014915,0.779505643,0.004717624,0.001074435,0.607629047,0.993916667,CALI,3
78962,1104.024,428.4865065,235.1973086,1.821817218,0.835886392,79957,317.0765537,0.777200339,0.987555811,0.814087291,0.739991923,0.00542649,0.001003706,0.547588045,0.99760533,BARBUNYA,2
77128,1124.1,394.6981733,251.1657208,1.571465135,0.77140143,78456,313.3726529,0.821953429,0.983073315,0.767029449,0.793955164,0.005117443,0.001254344,0.630364803,0.990596309,BARBUNYA,3
87137,1243.283,393.2571731,283.9716384,1.384846654,0.691787007,89111,333.0859862,0.769163548,0.977847853,0.70839009,0.84699278,0.004513091,0.001432757,0.717396769,0.993484515,BARBUNYA,3
60946,967.849,366.2428097,212.2274488,1.725708959,0.814992157,61813,278.5657145,0.718380914,0.985973824,0.817598075,0.760603914,0.0060093,0.001240617,0.578518314,0.998354237,BARBUNYA,2
81338,1134.946,370.5396391,280.2769743,1.322048092,0.654106879,82905,321.8116811,0.761848563,0.981098848,0.793511009,0.868494615,0.004555554,0.001598783,0.754282896,0.997198263,BARBUNYA,3
28395,610.291,208.1781167,173.888747,1.197191424,0.549812187,28715,190.1410973,0.763922518,0.988855999,0.958027126,0.913357755,0.007331506,0.003147289,0.834222388,0.998723889,SEKER,0
155913,1510.721,574.9772165,347.1721053,1.65617343,0.797134712,157587,445.5497695,0.772772331,0.989377296,0.858467108,0.774899869,0.003687808,0.00082022,0.600469807,0.994482139,BOMBAY,1
78536,1162.368,383.6299082,261.3541204,1.467854831,0.732035693,80172,316.220083,0.791717491,0.979593873,0.730451443,0.824284229,0.004884765,0.001391014,0.67944449,0.997325876,BARBUNYA,3
65243,980.668,328.5051239,253.2426845,1.29719492,0.636963249,66224,288.2186108,0.757494485,0.985186639,0.852510582,0.877364126,0.005035101,0.00184038,0.769767809,0.998538891,BARBUNYA,3
76385,1057.34,384.8384545,254.3609427,1.512962055,0.750425442,77525,311.859588,0.823557951,0.985295066,0.858595529,0.810364932,0.005038142,0.00134021,0.656691323,0.993549053,BARBUNYA,3
44628,805.011,314.488383,181.3863708,1.733803822,0.81690904,45099,238.3739382,0.739265836,0.989556309,0.86539356,0.757973747,0.007046885,0.001434807,0.574524202,0.996112257,SIRA,2
55245,953.409,357.1979218,199.5524834,1.789994871,0.82939622,56521,265.2171161,0.713427863,0.97742432,0.763737908,0.742493447,0.006465706,0.001212177,0.551296518,0.98681794,HOROZ,2
190130,1653.353,632.0055466,385.2937073,1.640321486,0.792681037,191870,492.0173113,0.81492435,0.99093136,0.874036032,0.778501572,0.003324071,0.000753161,0.606064697,0.994140945,BOMBAY,1
44174,792.142,286.39521,196.9419627,1.45421121,0.726034744,44766,237.1583514,0.768577642,0.986775678,0.88464802,0.828080719,0.006483343,0.001880483,0.685717677,0.997178333,SIRA,0
175054,1619.861,607.6671569,370.082794,1.641976246,0.793153169,177343,472.1076946,0.768168155,0.987092809,0.838351999,0.776918234,0.003471313,0.000780144,0.603601943,0.991100052,BOMBAY,1
57744,947.678,342.4605385,215.3862585,1.589983228,0.777455903,58657,271.1493025,0.720880877,0.984434935,0.807969806,0.79176802,0.005930669,0.001437723,0.626896598,0.996755076,BARBUNYA,3
200419,1716.101,651.2283237,394.7898344,1.649556972,0.795294421,202151,505.1548241,0.786650967,0.991432147,0.855190891,0.775695414,0.003249334,0.00072567,0.601703375,0.992543997,BOMBAY,1
40708,752.843,275.1620322,188.6059943,1.45892517,0.728132771,41209,227.6643042,0.784535924,0.987842462,0.902569797,0.827382697,0.006759409,0.001953954,0.684562127,0.998724917,DERMASON,0
76586,1093.031,371.6179349,264.3643057,1.405703897,0.70280012,77881,312.2696331,0.780263667,0.983372068,0.805553321,0.840297531,0.004852296,0.001492311,0.70609994,0.992567438,BARBUNYA,3
169030,1570.87,586.9240816,368.221092,1.593944764,0.778717839,170989,463.9134405,0.782437624,0.988543123,0.860781975,0.790414732,0.003472307,0.000836023,0.624755448,0.995825675,BOMBAY,1
48638,874.041,301.9839706,205.4110154,1.470144968,0.733021909,49596,248.8530188,0.747747748,0.980683926,0.800058902,0.824060358,0.006208807,0.001766136,0.679075473,0.998339389,BARBUNYA,3
157613,1470.934,516.2064274,389.9328574,1.323834136,0.655285113,158756,447.9722138,0.770723716,0.992800272,0.915409734,0.867816033,0.003275151,0.001145834,0.753104666,0.996985665,BOMBAY,1
39278,732.939,275.3540732,182.1240629,1.511903858,0.750017734,39654,223.6298344,0.717799708,0.990517981,0.91880546,0.812153718,0.007010389,0.001881373,0.659593662,0.997242202,DERMASON,0
162310,1574.43,595.5099512,352.5959203,1.688930351,0.805871311,165976,454.5981858,0.796883362,0.977912469,0.822826801,0.763376304,0.003668966,0.000768561,0.582743382,0.984212985,BOMBAY,1
64011,963.416,356.2869043,228.9041736,1.556489332,0.766309599,64811,285.4843892,0.76008122,0.987656416,0.866636082,0.801276684,0.005566026,0.001415321,0.642044324,0.999335142,BARBUNYA,3
58294,917.877,342.5758264,218.1332902,1.570488512,0.771074821,59011,272.4375635,0.703269393,0.987849723,0.869490308,0.795262078,0.005876691,0.001449952,0.632441773,0.993242539,BARBUNYA,3
36958,709.414,254.3816575,185.5235122,1.371155896,0.684181616,37398,216.924842,0.79047782,0.988234665,0.922823861,0.852753474,0.006882993,0.00224518,0.727188487,0.997088781,SIRA,0
23913,579.246,215.5886664,141.4866385,1.523738698,0.754516998,24269,174.4906222,0.737236404,0.985331081,0.895607746,0.809368253,0.009015542,0.002386472,0.655076969,0.998166127,DERMASON,0
39319,743.387,264.1196166,189.9788051,1.390258332,0.694709129,39830,223.746521,0.752516746,0.987170475,0.894092401,0.847140867,0.006717353,0.00213403,0.717647648,0.997715623,SIRA,0
91019,1196.401,482.8816207,243.5299364,1.982842963,0.863513121,92588,340.4247202,0.779605996,0.983053959,0.799076556,0.704985871,0.005305284,0.00080837,0.497005079,0.985483024,CALI,2
175965,1569.123,587.8046796,382.0314188,1.538629156,0.759994769,177068,473.3345503,0.807641997,0.993770755,0.898094799,0.80525822,0.003340464,0.000866417,0.648440802,0.997709923,BOMBAY,1
65473,1081.908,390.1514389,215.3619977,1.811607633,0.833846819,67449,288.7261899,0.748587958,0.970703791,0.702896597,0.740036204,0.005958967,0.001102459,0.547653583,0.992133412,BARBUNYA,2
71896,1080.446,360.632979,254.7127983,1.415841612,0.707918936,73431,302.5571521,0.718241758,0.979096022,0.773942081,0.838961409,0.005016037,0.001532881,0.703856246,0.996548961,BARBUNYA,3
76246,1103.271,384.0908865,254.2119629,1.510907992,0.749633056,77508,311.5757088,0.770792264,0.98371781,0.787159105,0.811203077,0.005037522,0.001345597,0.658050431,0.994253656,BARBUNYA,3
190600,1660.623,619.8668961,394.902905,1.569669122,0.770800216,192978,492.6250676,0.780316057,0.987677352,0.868541677,0.794727176,0.003252187,0.000800253,0.631591284,0.991389336,BOMBAY,1
56235,1023.117,321.7252343,223.7695959,1.437752224,0.718496924,57765,267.5829326,0.746971468,0.973513373,0.675096664,0.831712604,0.005721085,0.001688695,0.691745856,0.994559144,BARBUNYA,3
70518,1045.719,371.0999685,243.2863133,1.525363114,0.755124333,71865,299.643632,0.807211538,0.981256523,0.810363465,0.807447204,0.005262486,0.001379835,0.651970988,0.994492496,BARBUNYA,3
62434,947.305,361.6383842,220.6904303,1.638668173,0.792207606,63123,281.9458064,0.786877395,0.989084803,0.874281653,0.779634626,0.005792331,0.001320072,0.60783015,0.996031921,BARBUNYA,3
41637,752.604,283.1175686,187.7286654,1.508121138,0.748551454,42017,230.2474211,0.761898662,0.990956042,0.923753826,0.813257271,0.006799663,0.001834759,0.661387388,0.997452301,DERMASON,0
44016,779.662,288.2484126,194.9148299,1.478842902,0.73671411,44429,236.7338417,0.768972746,0.99070427,0.909929409,0.821284112,0.006548719,0.001837849,0.674507593,0.997490767,SIRA,0
58078,935.784,352.7123243,211.0881507,1.670924318,0.801144357,58934,271.9323561,0.722120681,0.985475277,0.833432219,0.77097492,0.00607308,0.001323579,0.594402327,0.993201304,BARBUNYA,3
159120,1527.535,582.1964656,351.6062649,1.655819375,0.797036901,161525,450.1087384,0.732232592,0.985110664,0.856943708,0.773121729,0.003658852,0.000806336,0.597717208,0.989711734,BOMBAY,1
60813,944.042,359.5404964,215.8900137,1.665387343,0.79965411,61634,278.2615971,0.702520678,0.98667943,0.85747933,0.773936733,0.005912231,0.001308438,0.598978067,0.997530491,BARBUNYA,3
82011,1094.249,427.8073315,247.0302714,1.731801245,0.816437744,83221,323.140292,0.811861487,0.985460401,0.860695743,0.755340706,0.005216463,0.001047436,0.570539583,0.98806116,CALI,3
65612,1000.896,390.2698094,215.4482614,1.811431695,0.833811325,66471,289.032512,0.762788318,0.987077071,0.82302918,0.740596646,0.005948147,0.001103795,0.548483393,0.993540202,CALI,2
61557,954.856,342.8196422,229.139657,1.49611659,0.743804617,62493,279.9585802,0.722076246,0.985022323,0.848421269,0.81663518,0.005569141,0.001527849,0.666893017,0.997749707,BARBUNYA,3
170292,1550.861,584.6314868,372.5058108,1.569456019,0.770728712,171705,465.6420391,0.806039665,0.99177077,0.889730259,0.796471024,0.003433112,0.000852212,0.634366093,0.995609682,BOMBAY,1
61152,982.982,334.0246392,233.8137192,1.428592986,0.714153197,62351,279.0360992,0.743941606,0.980770156,0.7952971,0.835375797,0.005462203,0.001640874,0.697852722,0.996947504,BARBUNYA,3
68056,1054.621,359.7313547,242.2025444,1.485250106,0.739380986,69299,294.3664221,0.716801483,0.982063233,0.768924066,0.818295148,0.005285814,0.001461947,0.669606949,0.994533792,BARBUNYA,3
82632,1104.57,384.8359963,275.5373077,1.396674735,0.698114313,83677,324.3614189,0.764113518,0.987511503,0.851082462,0.842856235,0.004657227,0.001449844,0.710406633,0.992206995,BARBUNYA,3
58167,968.803,395.9403402,189.7185607,2.086987898,0.877727867,59322,272.1406339,0.652520697,0.980529989,0.778781416,0.687327373,0.006806958,0.000937103,0.472418918,0.985932563,HOROZ,2
76098,1073.575,385.8250106,251.6534766,1.533159867,0.758005894,77155,311.2731644,0.714052472,0.986300305,0.829694722,0.806772904,0.005070107,0.001324958,0.650882519,0.997906956,BARBUNYA,3
70056,1097.408,374.0286818,239.7954299,1.559782361,0.767444753,71547,298.6604586,0.708280255,0.979160552,0.73100266,0.79849614,0.005338996,0.001338846,0.637596085,0.994511127,BARBUNYA,3
55912,901.128,348.3959104,204.7541728,1.701532651,0.809074973,56502,266.8133607,0.771157453,0.989557892,0.865250627,0.765833791,0.006231147,0.001322166,0.586501395,0.997951273,BARBUNYA,3
162787,1570.975,603.2660979,347.0391861,1.738322708,0.81796557,165512,455.265687,0.814061179,0.983535937,0.828878808,0.754668112,0.003705862,0.000741469,0.569523959,0.990016431,BOMBAY,1
70978,1053.128,370.8645116,245.3433683,1.511614168,0.749905933,72273,300.6193547,0.802446525,0.982081829,0.804213395,0.810590782,0.005225063,0.001391483,0.657057417,0.9932173,BARBUNYA,3
38024,765.052,257.1366649,189.0519994,1.360137241,0.677828638,38711,220.0310443,0.729575195,0.982253106,0.816367592,0.855696889,0.006762483,0.002236484,0.732217167,0.995915837,DERMASON,0
76074,1094.85,390.4287458,250.4580578,1.558858794,0.767127281,77592,311.2240754,0.820470233,0.980436127,0.797511347,0.797134122,0.005132223,0.001278236,0.635422808,0.990534432,BARBUNYA,3
68513,1015.202,359.0803258,243.5444419,1.474393433,0.734835829,69406,295.3531123,0.816710177,0.987133677,0.835368162,0.82252658,0.005241054,0.001479783,0.676549975,0.99750084,BARBUNYA,3
80479,1088.685,416.9597558,246.6457571,1.690520691,0.806280257,81340,320.1078651,0.789071692,0.989414802,0.853272909,0.767718852,0.005180976,0.001110197,0.589392236,0.99637977,BARBUNYA,3
65902,1011.416,348.5030164,241.2555957,1.444538583,0.721645707,66877,289.6705585,0.747035752,0.985420997,0.809559586,0.831185226,0.005288201,0.001556965,0.69086888,0.997986753,BARBUNYA,3
68138,1047.464,344.7302088,253.3359902,1.360762869,0.678195102,69362,294.5437083,0.782296211,0.98235345,0.780406781,0.854418037,0.005059295,0.001663226,0.730030182,0.993397965,BARBUNYA,3
60131,966.054,337.6456175,227.5811621,1.483627267,0.738709684,61175,276.6968866,0.743606549,0.982934205,0.80966522,0.819489051,0.005615167,0.001562122,0.671562305,0.996348146,BARBUNYA,3
62838,982.208,350.0976801,229.6165007,1.524706104,0.754878983,63926,282.8565476,0.707635135,0.982980321,0.818512439,0.807936081,0.005571433,0.001464383,0.652760711,0.99526824,BARBUNYA,3
61774,977.266,402.3149117,195.8970224,2.053706109,0.873444014,62439,280.4515995,0.645746004,0.989349605,0.812811817,0.697094717,0.00651269,0.000948653,0.485941044,0.997980091,HOROZ,2
84334,1123.665,370.9664234,290.3691275,1.277568406,0.622352684,85612,327.6848849,0.778276117,0.985072186,0.839341809,0.883327612,0.004398777,0.001651958,0.78026767,0.996845323,BARBUNYA,3
151014,1456.767,532.7407511,362.5523583,1.469417421,0.732709244,152434,438.4940098,0.810269618,0.990684493,0.894225161,0.823090798,0.003527757,0.000998779,0.677478461,0.995498653,BOMBAY,1
56506,911.91,311.9078336,231.3239233,1.348359604,0.670795996,57392,268.2269071,0.749476086,0.984562308,0.85388714,0.859955661,0.005519906,0.001862155,0.739523739,0.997143935,BARBUNYA,0
74876,1076.913,425.8292807,225.9667245,1.884477821,0.847590431,75676,308.7637999,0.810767498,0.989428617,0.811318278,0.725088231,0.005687126,0.000969697,0.525752943,0.99076976,CALI,2
48269,877.25,356.6748722,173.2257123,2.059018072,0.87414313,48781,247.9072399,0.599056779,0.98950411,0.788190892,0.695051037,0.007389316,0.001063777,0.483095944,0.99470328,HOROZ,2
48868,885.296,313.6299142,198.9725576,1.576247086,0.772989921,49648,249.4407145,0.695877536,0.984289397,0.78353324,0.795334575,0.0064179,0.001584062,0.632557086,0.997066264,BARBUNYA,3
70573,1049.016,394.6763972,228.3701261,1.728231288,0.815592825,71745,299.7604617,0.672636294,0.983664367,0.805905684,0.759509471,0.005592456,0.001147929,0.576854637,0.996938232,BARBUNYA,2
78823,1085.724,413.4667496,243.7606856,1.696199486,0.807729478,79895,316.7973495,0.751124452,0.986582389,0.840279848,0.766197886,0.005245509,0.001115145,0.5870592,0.995769514,BARBUNYA,3
203179,1732.071,676.9838845,388.0407184,1.744620738,0.819422158,206073,508.6212122,0.815272695,0.985956433,0.851054362,0.751304756,0.003331958,0.000654853,0.564458836,0.984766592,BOMBAY,1
66062,1010.706,357.6602761,236.0325897,1.515300393,0.751322561,67275,290.0219833,0.708629659,0.981969528,0.812665633,0.810886762,0.005414009,0.001443908,0.657537341,0.996366592,BARBUNYA,3
53202,897.65,301.8954431,224.7506292,1.343246264,0.667661348,54102,260.2669596,0.751865461,0.983364755,0.829705086,0.8621096,0.005674513,0.001933563,0.743232962,0.9983449,BARBUNYA,0
218077,1795.577,710.8683797,394.6904946,1.801078033,0.831701502,220398,526.9385735,0.805374903,0.989469051,0.849985781,0.741260392,0.003259713,0.000607075,0.549466968,0.989632886,BOMBAY,1
73063,1054.212,405.833063,231.64152,1.751987567,0.821102821,74577,305.0027883,0.763642255,0.979698835,0.826135821,0.751547412,0.005554563,0.001093088,0.564823513,0.989563772,CALI,2
181460,1662.937,645.9213641,360.1997962,1.793230787,0.83007437,184707,480.6683345,0.817188612,0.982420807,0.824592115,0.744159214,0.00355958,0.000673352,0.553772936,0.993042677,BOMBAY,1
41587,756.439,277.5832736,191.1150985,1.452440314,0.725239711,41994,230.1091327,0.808959695,0.990308139,0.913312986,0.828973337,0.006674761,0.001944365,0.687196794,0.998112327,SIRA,0
62363,950.295,360.5063424,220.6343769,1.633953636,0.790848113,63010,281.7854463,0.69052839,0.989731789,0.867800657,0.781637972,0.005780773,0.001331031,0.610957919,0.998276913,BARBUNYA,3
159638,1502.314,561.587376,363.6267891,1.544405948,0.762067019,161375,450.8407861,0.762905615,0.989236251,0.888842298,0.802797223,0.00351788,0.000901331,0.644483382,0.995343968,BOMBAY,1
86145,1130.325,429.0970509,256.1645593,1.675083595,0.8022523,87086,331.1845718,0.788065354,0.989194589,0.847292326,0.771817404,0.004981102,0.001090344,0.595702105,0.997850823,BARBUNYA,3
27088,630.518,245.9364893,141.243409,1.741224536,0.818638981,27524,185.7135234,0.783796296,0.984159279,0.856232732,0.755127976,0.009079168,0.001820992,0.570218261,0.992878026,DERMASON,0
138976,1404.377,509.4100768,351.6482864,1.448635175,0.72351856,140912,420.6539421,0.738393531,0.986260929,0.885487134,0.825766826,0.003665454,0.001051326,0.68189085,0.987811071,BOMBAY,1
74407,1041.935,380.5872802,249.8268201,1.523404413,0.754391714,75370,307.7952807,0.737615861,0.987223033,0.861276118,0.808737697,0.005114939,0.001349743,0.654056663,0.996392807,BARBUNYA,3
144404,1444.937,526.193572,350.8538321,1.499751531,0.745257189,145991,428.7900223,0.763525232,0.989129467,0.869143053,0.814890271,0.003643899,0.000991157,0.664046153,0.995904235,BOMBAY,1
69522,1025.929,363.1792578,244.6659062,1.484388501,0.739024925,70630,297.5200155,0.786216724,0.984312615,0.830037109,0.819209823,0.005223947,0.001451307,0.671104734,0.99618015,BARBUNYA,3
66466,1010.092,356.1705845,239.3348154,1.488168714,0.740581253,67508,290.9074416,0.780392157,0.984564792,0.818629789,0.816764366,0.005358688,0.001471043,0.667104029,0.992763346,BARBUNYA,3
89597,1132.549,436.6656108,262.2302404,1.665199293,0.799603187,90416,337.7550051,0.808878095,0.990941869,0.877787375,0.773486615,0.004873663,0.001076085,0.598281543,0.996258003,CALI,3
69473,1091.187,380.6194913,234.2548318,1.624809565,0.788170667,71276,297.4151491,0.740918883,0.974703968,0.7332086,0.781397579,0.005478668,0.00125992,0.610582177,0.992079761,BARBUNYA,3
65503,1028.839,333.4839255,253.4124746,1.315972807,0.650046863,67100,288.7923301,0.76809334,0.976199702,0.777635749,0.865985758,0.005091124,0.001766186,0.749931333,0.986889242,BARBUNYA,3
57343,1021.149,341.5122062,215.6461334,1.583669509,0.775420767,58908,270.2061717,0.675290876,0.97343315,0.691054089,0.791205019,0.005955604,0.001439666,0.626005383,0.991385637,BARBUNYA,3
35408,684.211,241.922654,186.6907132,1.295847286,0.635991732,35765,212.3272611,0.735093838,0.990018174,0.950454118,0.877665888,0.006832429,0.002500759,0.770297412,0.998187811,SEKER,0
145886,1438.541,539.4266472,345.674977,1.560502446,0.767691797,147342,430.9847146,0.757656493,0.990118228,0.885888353,0.798968158,0.00369759,0.000929429,0.638350117,0.99614692,BOMBAY,1
39631,740.396,268.2960268,188.6837678,1.421934859,0.710925728,40053,224.6324919,0.761183136,0.98946396,0.908482921,0.837256125,0.006769853,0.002052071,0.70099782,0.996773236,SIRA,0
70262,1021.176,405.5603048,222.7263649,1.820890423,0.835702865,71533,299.0992425,0.81017942,0.982231977,0.846699246,0.737496345,0.005772114,0.001053305,0.543900859,0.990383865,CALI,2
131249,1374.898,521.1492464,323.7902564,1.609527267,0.783572436,132831,408.7926333,0.81498845,0.98809013,0.872498937,0.784406072,0.003970691,0.000927277,0.615292886,0.990330677,BOMBAY,1
70027,1018.064,372.3035743,240.1702667,1.550165137,0.764104434,70967,298.5986363,0.779880167,0.986754407,0.849034278,0.802030002,0.005316572,0.001356981,0.643252123,0.997147016,BARBUNYA,3
56476,974.851,385.3473998,187.3475372,2.056858636,0.873859644,57232,268.1556946,0.779022291,0.986790607,0.746787965,0.695880379,0.006823206,0.000986976,0.484249502,0.996032769,HOROZ,2
190919,1627.569,596.8968719,408.8116613,1.4600779,0.728641811,192563,493.0371392,0.777129669,0.991462534,0.905691301,0.826000541,0.00312644,0.000897741,0.682276894,0.996177415,BOMBAY,1
57812,941.036,343.0901208,215.4655387,1.592320159,0.778201712,58931,271.3089098,0.783211857,0.981011692,0.8203806,0.790780303,0.005934583,0.001431507,0.625333488,0.995731119,BARBUNYA,3
36599,721.525,277.5310375,168.7667712,1.644464935,0.793860028,37097,215.8686964,0.757413961,0.986575734,0.883438489,0.777818216,0.007583022,0.001712121,0.605001177,0.994903221,DERMASON,0
60321,941.694,357.5161265,215.1371786,1.661805407,0.798680607,61010,277.1336908,0.691675267,0.988706769,0.854788735,0.775164168,0.005926893,0.001320023,0.600879488,0.998544781,BARBUNYA,3
68888,1079.833,364.5529324,241.5708805,1.509093031,0.748929512,70428,296.1603042,0.742503611,0.978133697,0.742403908,0.812393147,0.005291966,0.001421876,0.659982626,0.995975182,BARBUNYA,3
79035,1077.848,392.8222637,257.4770603,1.52565927,0.755234797,80061,317.2230878,0.798817465,0.987184772,0.854897961,0.807548648,0.004970232,0.001303861,0.652134818,0.99493553,BARBUNYA,3
192812,1678.819,654.8477552,378.2192824,1.731397064,0.81634239,194740,495.475391,0.814955704,0.99009962,0.859678711,0.756626845,0.003396302,0.000686615,0.572484183,0.991197433,BOMBAY,1
175717,1585.869,593.6952925,380.3224308,1.561031494,0.767873032,178427,473.0008806,0.802206883,0.984811716,0.877988898,0.79670647,0.003378702,0.000839698,0.634741199,0.990851002,BOMBAY,1
68605,1034.797,369.5409241,236.6784967,1.561362478,0.767986301,69789,295.5513474,0.709337552,0.983034576,0.805110167,0.799779749,0.005386501,0.001359465,0.639647646,0.998721834,BARBUNYA,3
71342,1075.003,391.5659601,232.5245225,1.683977053,0.804588824,72680,301.3892095,0.723872722,0.981590534,0.775775021,0.769702273,0.005488576,0.001188312,0.592441589,0.997658041,BARBUNYA,3
64576,1039.574,359.0187517,230.277935,1.559067097,0.767198945,65886,286.7415506,0.701531776,0.980117172,0.750879393,0.798681265,0.005559631,0.001395468,0.637891762,0.994516059,BARBUNYA,3
79616,1073.247,413.9522808,247.4068815,1.673163973,0.80174217,80746,318.3869338,0.740972377,0.986005499,0.868582054,0.769139219,0.00519936,0.001122405,0.591575137,0.989802207,CALI,3
70264,1101.506,398.9485458,226.3556467,1.762485503,0.823455711,71973,299.1034994,0.639787296,0.976254985,0.727727857,0.749729514,0.005677851,0.001106578,0.562094345,0.990683133,BARBUNYA,2
76559,1125.301,399.4427584,245.4880306,1.62713741,0.788857426,78821,312.2145837,0.697157063,0.971302064,0.759746497,0.781625345,0.00521745,0.001201248,0.61093818,0.994080367,BARBUNYA,3
191756,1699.14,659.992234,373.0010084,1.769411393,0.824981528,193517,494.116709,0.66201287,0.990900024,0.834642506,0.74867049,0.003441834,0.00066701,0.560507502,0.99176836,BOMBAY,1
183825,1594.423,582.2252398,402.7620548,1.445581163,0.72212432,185116,483.7905118,0.797851563,0.993025995,0.908672401,0.830933595,0.00316728,0.00093139,0.69045064,0.998102439,BOMBAY,1
115967,1359.763,449.4549693,331.3052699,1.356618835,0.675754534,118497,384.2574271,0.742711669,0.978649249,0.788166274,0.85494088,0.003875714,0.00127725,0.730923909,0.991585142,BARBUNYA,3
152869,1475.473,537.207402,365.4009172,1.470186244,0.733039629,154271,441.1789387,0.761098913,0.990912096,0.882402552,0.821245085,0.003514168,0.000986038,0.67444349,0.991557542,BOMBAY,1
96319,1252.315,434.9804617,283.4827237,1.534416123,0.758465069,98108,350.1958876,0.748730984,0.981764994,0.771782033,0.805084178,0.00451604,0.001170315,0.648160534,0.994547974,BARBUNYA,3
74193,1077.858,420.9260079,228.1902874,1.844627187,0.84030433,76427,307.352341,0.763538129,0.970769492,0.802508604,0.730181398,0.005673392,0.000994823,0.533164874,0.983490422,CALI,2
37957,713.931,255.1594978,189.9623637,1.343210796,0.667639428,38297,219.8371065,0.786429089,0.99112202,0.935813409,0.861567406,0.00672233,0.002284845,0.742298394,0.997063217,SEKER,0
187129,1600.835,576.3698506,416.2622526,1.384631556,0.691669896,189047,488.1188818,0.773110181,0.989854375,0.917609326,0.846884828,0.003080067,0.000977321,0.717213912,0.993077015,BOMBAY,1
171799,1542.958,560.1733753,392.0910174,1.428681991,0.714195937,173474,467.6978518,0.802139362,0.990344374,0.906822498,0.834916246,0.003260632,0.000977357,0.697085138,0.995912983,BOMBAY,1
51270,919.228,372.716707,177.5728541,2.098950929,0.87921323,52106,255.4975371,0.591158565,0.983955782,0.762476902,0.685500629,0.007269684,0.000990209,0.469911112,0.986320366,HOROZ,2
62713,1018.346,393.4393746,203.9844917,1.928771012,0.855098933,63714,282.5750724,0.720143769,0.984289167,0.759935472,0.718217572,0.006273649,0.001029732,0.515836481,0.994930452,BARBUNYA,2
45726,811.461,269.9139515,216.7664062,1.245183496,0.595851698,46322,241.2885232,0.78090684,0.987133543,0.872645337,0.893946096,0.005902855,0.002325344,0.799139623,0.995075469,SEKER,0
36584,731.806,293.1392521,159.4393493,1.838562773,0.839148028,37023,215.8244553,0.704975527,0.988142506,0.858438369,0.736252323,0.008012772,0.001452343,0.542067483,0.996625094,HOROZ,2
128118,1360.135,504.0249642,325.6784474,1.54761535,0.763205878,129274,403.8872417,0.782247133,0.991057753,0.870273946,0.801323883,0.003934068,0.001000585,0.642119966,0.993754716,BOMBAY,1
61076,982.932,417.4746289,187.2771103,2.229181283,0.893735059,61597,278.8626516,0.824070701,0.991541796,0.794389513,0.667975087,0.00683533,0.000839422,0.446190717,0.994639994,HOROZ,2
70314,1019.184,376.3267496,238.2937823,1.57925543,0.773980207,71331,299.2099018,0.708082415,0.985742524,0.850641319,0.795080079,0.005352088,0.001319309,0.632152332,0.998330003,BARBUNYA,3
81910,1132.599,411.3963032,253.9366179,1.620074752,0.786762789,83172,322.9412502,0.71960712,0.984826624,0.802406508,0.784988216,0.005022541,0.001176402,0.6162065,0.998300592,BARBUNYA,3
55773,968.988,347.9202426,204.4911912,1.701394767,0.809040374,57047,266.4814987,0.765376698,0.977667537,0.746443726,0.765926974,0.006238148,0.001324296,0.58664413,0.998113252,BARBUNYA,3
225405,1796.132,663.2439941,435.8378565,1.52176775,0.753776829,228671,535.7187318,0.785208177,0.985717472,0.878004838,0.807724965,0.002942455,0.00077258,0.652419619,0.992831135,BOMBAY,1
38688,760.889,294.4626318,168.896273,1.743452514,0.819153362,39324,221.9438927,0.715728716,0.983826671,0.839737469,0.753725155,0.007611214,0.001515255,0.568101609,0.990458178,SIRA,2
87987,1147.724,446.7212127,253.8840322,1.759548282,0.822802311,89765,334.7066295,0.752282832,0.980192725,0.839370009,0.749251703,0.005077127,0.000986981,0.561378115,0.987771898,CALI,2
65987,1008.537,362.3717091,232.4004593,1.559255563,0.767263754,67136,289.857306,0.77998818,0.982885486,0.815238304,0.799889447,0.005491562,0.001386742,0.639823127,0.997647771,BARBUNYA,3
80219,1123.513,394.2657354,261.41406,1.508204017,0.748583729,81677,319.5903676,0.795712897,0.982149197,0.798602939,0.810596354,0.004914867,0.001308911,0.657066449,0.990990258,BARBUNYA,3
54631,893.756,303.9114567,229.3542891,1.325074224,0.656099146,55557,263.7391696,0.756243079,0.983332433,0.859431116,0.867815819,0.005562985,0.001946247,0.753104295,0.99791909,BARBUNYA,0
51008,896.113,370.0013414,178.2814518,2.075377655,0.876259208,52037,254.8438791,0.789389789,0.980225609,0.798219998,0.688764744,0.00725379,0.001006998,0.474396872,0.984552668,HOROZ,2
68269,1055.883,344.2534021,254.0770123,1.354917546,0.674743518,69922,294.8267126,0.748826343,0.976359372,0.769487927,0.856423526,0.005042602,0.001673358,0.733461257,0.993779526,BARBUNYA,3
210910,1748.332,675.7077433,400.4043103,1.68756361,0.805518772,212898,518.2074415,0.809840497,0.990662195,0.867080107,0.766910616,0.003203773,0.000683629,0.588151893,0.992543731,BOMBAY,1
37020,717.948,264.5187106,178.7152161,1.480112977,0.737246277,37394,217.1067202,0.821461856,0.989998395,0.902527198,0.820761298,0.007145292,0.002000171,0.673649108,0.997076787,SIRA,0
45571,812.978,314.6733569,186.3534685,1.688583312,0.805781891,46160,240.8792214,0.693411442,0.987240035,0.866444673,0.765489725,0.006905123,0.001462543,0.585974519,0.989466793,SIRA,2
51531,894.44,349.8420573,189.1468941,1.849578652,0.84123884,52439,256.1470417,0.647114225,0.982684643,0.809423872,0.732179097,0.006788963,0.001203518,0.536086231,0.991533648,HOROZ,2
58191,959.247,341.437891,217.4412004,1.570253891,0.770996245,59272,272.1967714,0.715650826,0.981762046,0.794702877,0.797207277,0.005867538,0.00146191,0.635539442,0.997958282,BARBUNYA,3
70718,1060.02,362.1831185,249.0396819,1.454318909,0.726082973,72065,300.0682491,0.73175224,0.981308541,0.790882043,0.828498717,0.005121512,0.001488488,0.686410125,0.998259224,BARBUNYA,3
31579,736.514,250.3311924,161.2805206,1.55214772,0.764799322,32458,200.5184071,0.689121658,0.972918849,0.731553722,0.801012471,0.007927141,0.002013045,0.641620979,0.99589054,DERMASON,0
35442,698.883,236.8674902,191.003258,1.240122774,0.591408965,36046,212.4291787,0.729589526,0.983243633,0.911841034,0.896827076,0.006683243,0.00266687,0.804298804,0.997429265,SEKER,0
62599,989.399,363.7363749,221.0639332,1.645389954,0.794121783,63931,282.3181224,0.780614026,0.979165037,0.803589633,0.776161368,0.005810578,0.00130079,0.60242647,0.991226461,BARBUNYA,3
165330,1540.253,574.5353992,368.8620488,1.557588809,0.766689592,167922,458.8079053,0.776744186,0.984564262,0.875744469,0.798572039,0.003475083,0.000871769,0.637717302,0.993301332,BOMBAY,1
59244,934.803,340.330062,222.213422,1.53154593,0.757413913,60023,274.6485092,0.704455463,0.987021642,0.851949873,0.807006315,0.005744549,0.001502946,0.651259192,0.997433365,BARBUNYA,3
44529,782.548,284.9916315,199.4825854,1.42865419,0.714182588,45062,238.1093944,0.764997938,0.988171852,0.913757247,0.835496092,0.006400135,0.001923741,0.69805372,0.997277372,SIRA,0
70657,1076.783,397.1658639,227.278961,1.747481871,0.820077829,72048,299.9388046,0.717038766,0.980693427,0.765788213,0.755197845,0.005621041,0.001127819,0.570323785,0.996630475,BARBUNYA,2
138777,1403.006,502.613464,353.8114117,1.420568832,0.710256111,140144,420.3526666,0.823700142,0.990245747,0.885948143,0.836333876,0.003621735,0.001092987,0.699454352,0.993623053,BOMBAY,1
75542,1136.864,406.8328176,236.9368628,1.717051593,0.812906882,77278,310.1339415,0.699657312,0.977535651,0.734482266,0.76231299,0.005385518,0.001121865,0.581121094,0.9978149,BARBUNYA,3
63406,951.177,358.4486263,225.9868437,1.586148204,0.776223274,64085,284.1320583,0.781169919,0.989404697,0.880678796,0.792671634,0.005653229,0.001376733,0.62832832,0.996621836,BARBUNYA,3
139523,1410.901,501.721529,354.9685707,1.413425217,0.706712168,140892,421.4809616,0.732219703,0.990283338,0.880770149,0.840069515,0.003595977,0.001104734,0.70571679,0.997477907,BOMBAY,1
55327,885.816,325.3403835,217.2530013,1.497518476,0.744366419,55918,265.4138736,0.793013989,0.989430952,0.8860535,0.815803654,0.005880319,0.001606657,0.665535602,0.99665186,BARBUNYA,0
32639,745.201,267.0422096,157.3759619,1.696842429,0.807892477,33708,203.8559921,0.708311632,0.96828646,0.738583924,0.763384906,0.008181691,0.001713946,0.582756515,0.98884598,DERMASON,2
170146,1599.868,611.0735401,357.5056244,1.709269724,0.811000707,173278,465.442387,0.811022346,0.981924999,0.83534005,0.761679825,0.003591466,0.000745661,0.580156156,0.991643352,BOMBAY,1
75754,1051.198,381.6775635,254.8511075,1.497649225,0.744418714,76767,310.5688144,0.723623755,0.986804226,0.861482345,0.813694186,0.005038382,0.001362435,0.662098228,0.991590899,BARBUNYA,3
44565,833.876,272.2965416,209.5186986,1.299628832,0.638706499,45809,238.2056261,0.699212376,0.972843764,0.805379973,0.874802246,0.006110099,0.002207331,0.765278969,0.994578613,SEKER,0
221203,1792.381,689.2430553,412.2568809,1.671877626,0.801399164,224322,530.7018061,0.739191312,0.98609588,0.865247222,0.769977734,0.003115885,0.000675575,0.592865711,0.991198918,BOMBAY,1
77685,1089.383,386.3624877,259.7327489,1.487538593,0.74032288,79154,314.5021686,0.7656712,0.981441241,0.822594586,0.814008033,0.00497345,0.001346953,0.662609077,0.985656575,BARBUNYA,3
39367,733.025,260.7615274,192.522146,1.354449515,0.674464449,39822,223.8830524,0.798908191,0.988574155,0.920671312,0.858573942,0.006623861,0.002220249,0.737149213,0.998431395,SIRA,0
68648,1004.91,347.2563823,252.6546066,1.374431232,0.686029539,69720,295.6439552,0.728863407,0.984624211,0.854246911,0.851370832,0.005058507,0.001639371,0.724832294,0.996232143,BARBUNYA,3
183153,1627.014,608.6434692,385.1108888,1.580436926,0.774367242,185326,482.9054176,0.768578395,0.988274716,0.869443412,0.793412633,0.003323142,0.000812316,0.629503607,0.994890745,BOMBAY,1
154029,1525.752,567.6990173,350.4823129,1.619765096,0.786670196,157183,442.8496515,0.784461421,0.979934217,0.831465941,0.780078242,0.003685663,0.000841876,0.608522064,0.985662799,BOMBAY,1
95737,1284.958,431.6200414,283.3158307,1.523458962,0.754412165,97477,349.1362689,0.765283773,0.982149635,0.728637994,0.80889726,0.004508393,0.001190625,0.654314778,0.996821712,BARBUNYA,3
37776,727.307,283.0718569,170.4841003,1.660400333,0.798296687,38194,219.3123276,0.748054417,0.989055873,0.897408748,0.774758501,0.007493431,0.001665428,0.600250735,0.996656521,HOROZ,0
61988,969.081,359.1672822,220.6176598,1.628007851,0.789113314,62965,280.9369554,0.701864831,0.984483443,0.829463597,0.782189719,0.005794142,0.00133788,0.611820756,0.996048994,BARBUNYA,3
62955,1025.614,349.4229476,230.0695046,1.518771244,0.752644591,64331,283.1197548,0.734348937,0.978610623,0.752094151,0.81024946,0.005550361,0.001475625,0.656504188,0.997079682,BARBUNYA,3
25276,600.507,224.4821311,145.969269,1.537872544,0.759721205,25798,179.3945449,0.727995392,0.979765873,0.880809646,0.79914844,0.008881236,0.002234411,0.638638229,0.982144198,DERMASON,0
85244,1102.784,421.0173428,258.9638094,1.625776759,0.788456439,85958,329.4480714,0.81978785,0.991693618,0.880831367,0.782504752,0.004938967,0.001142257,0.612313687,0.995485362,CALI,3
55972,897.386,342.4919163,208.7955762,1.640321709,0.7926811,56563,266.956483,0.80088141,0.989551474,0.873417943,0.779453383,0.006118987,0.00139322,0.607547577,0.99657348,CALI,3
58360,1017.74,343.4058788,217.0433676,1.582199367,0.774942614,59984,272.5917457,0.737716315,0.972926114,0.708029674,0.793788815,0.005884268,0.001441093,0.630100684,0.996944903,BARBUNYA,3
67538,1010.848,371.6322535,231.7486906,1.60360023,0.781746128,68500,293.2440151,0.698392017,0.985956204,0.830589329,0.789070411,0.005502565,0.001315855,0.622632114,0.998453001,BARBUNYA,3
59658,936.462,320.2428705,237.980706,1.345667369,0.669151851,60741,275.6064672,0.774678613,0.982170198,0.854866376,0.860617027,0.005367979,0.001816479,0.740661668,0.996684237,BARBUNYA,0
201946,1713.493,665.4332105,388.2992918,1.71371214,0.812092608,203438,507.0755694,0.818307434,0.99266607,0.864331718,0.762023237,0.003295105,0.000685365,0.580679414,0.995117362,BOMBAY,1
36553,719.347,265.8793197,175.6988246,1.513267492,0.750542922,37043,215.7329949,0.769569245,0.98677213,0.887679145,0.811394414,0.007273803,0.001944775,0.658360896,0.996276141,SIRA,0
75661,1176.964,408.0759212,237.125046,1.720931332,0.813845937,77347,310.3781197,0.689130356,0.978202128,0.686365716,0.760589154,0.005393478,0.001113395,0.578495861,0.995551653,BARBUNYA,2
79038,1121.923,414.3293352,244.2396526,1.696404866,0.80778157,80260,317.2291083,0.704890839,0.984774483,0.789077579,0.765644818,0.005242154,0.001111217,0.586211987,0.994452867,BARBUNYA,3
61608,1002.53,357.7891598,219.6483307,1.628918184,0.789380401,62728,280.0745291,0.800103896,0.982145135,0.770286381,0.782792104,0.005807511,0.001345103,0.612763478,0.998141571,BARBUNYA,3
40042,741.078,279.0221731,183.343687,1.52185318,0.753808986,40391,225.7942821,0.736445229,0.991359461,0.916215815,0.80923419,0.006968238,0.001843315,0.654859974,0.996600734,SIRA,0
73927,1082.44,397.7227442,237.1305104,1.677231427,0.802820618,74724,306.8008798,0.803886388,0.989334083,0.792876017,0.771393852,0.005379939,0.001175065,0.595048475,0.998034003,BARBUNYA,3
62218,969.459,346.4144781,229.7546879,1.507758041,0.748409975,63385,281.4576664,0.794427845,0.981588704,0.831892133,0.812488173,0.005567753,0.001496677,0.660137031,0.995326917,BARBUNYA,3
193700,1638.311,578.1835433,429.9621282,1.344731327,0.668576945,195583,496.6150419,0.810477207,0.990372374,0.906873665,0.858922824,0.002984943,0.001002149,0.737748418,0.992073409,BOMBAY,1
74864,1038.26,365.5093153,261.7217922,1.396556673,0.698052229,75820,308.7390569,0.787039665,0.98739119,0.872711395,0.844681774,0.004882311,0.001533125,0.7134873,0.996425449,BARBUNYA,3
47883,873.536,327.9986493,186.5201272,1.758516115,0.822571799,48753,246.9140116,0.758446454,0.982154944,0.788550662,0.752789721,0.006850002,0.001356954,0.566692364,0.996537653,BARBUNYA,2
55501,898.191,345.523159,207.0296994,1.668954551,0.800616222,56394,265.8309011,0.784799208,0.984164982,0.864516475,0.769357695,0.00622553,0.001345455,0.591911262,0.987872995,CALI,3
91870,1286.118,439.6443118,266.5793117,1.649206418,0.79519618,93731,342.0124515,0.700228659,0.980145309,0.697946201,0.777929891,0.004785505,0.001081109,0.605174915,0.998058354,BARBUNYA,3
44397,809.442,305.1900408,187.7900406,1.625166276,0.788276134,45604,237.7562114,0.789813563,0.973533023,0.851514443,0.779043152,0.006874114,0.001561862,0.606908233,0.986326793,SIRA,3
164596,1550.902,583.9204222,360.6172305,1.619224964,0.786508532,166206,457.7883093,0.816059813,0.990313226,0.85992471,0.78399092,0.003547598,0.00082672,0.614641763,0.995243287,BOMBAY,1
90264,1178.124,408.9285283,281.858841,1.450827396,0.724512304,91447,339.0098734,0.789020979,0.987063545,0.817226484,0.829019865,0.004530361,0.001319995,0.687273937,0.997115856,BARBUNYA,3
76759,1076.634,380.9286894,256.7573133,1.483613785,0.738704095,77956,312.6221269,0.733202789,0.984645184,0.832152631,0.820684122,0.004962658,0.001388667,0.673522428,0.999247158,BARBUNYA,3
35798,743.142,295.1079192,156.380855,1.887110281,0.848053424,36549,213.4933939,0.728608646,0.979452242,0.814563628,0.723441765,0.008243699,0.001392888,0.523367987,0.987653109,HOROZ,2
184398,1623.758,613.8688831,385.6430029,1.591806096,0.778037997,187032,484.5439356,0.812054114,0.985916848,0.878867617,0.789328062,0.003329043,0.00079713,0.623038789,0.991756943,BOMBAY,1
72511,1130.101,412.4255676,225.2915918,1.830630093,0.837615669,74018,303.8484369,0.658532377,0.979640088,0.713475789,0.736735209,0.005687766,0.001033635,0.542778769,0.993627148,BARBUNYA,2
68852,981.885,354.7442044,248.5069938,1.427501895,0.713628387,69563,296.0829092,0.77400063,0.989779049,0.897439484,0.834637763,0.005152272,0.001542306,0.696620196,0.994426649,BARBUNYA,3
24702,580.296,215.3230921,146.2245614,1.472550781,0.73405157,25013,177.3458859,0.718499127,0.987566465,0.921812998,0.823626877,0.008716828,0.002474345,0.678361232,0.998921362,DERMASON,0
83127,1093.874,410.1196953,259.0515289,1.583158752,0.775254831,83960,325.3314981,0.695140614,0.990078609,0.873006288,0.793259875,0.004933652,0.001205064,0.629261229,0.996220422,BARBUNYA,3
191042,1677.604,629.0483912,389.4610204,1.615176765,0.785290653,193440,493.1959338,0.775250988,0.987603391,0.853021179,0.784034966,0.003292723,0.000767497,0.614710827,0.992866646,BOMBAY,1
42515,803.074,312.7763644,174.0957739,1.796576432,0.83077109,43105,232.6623718,0.716609358,0.986312493,0.828401576,0.743861744,0.007356847,0.001389442,0.553330294,0.994100165,SIRA,2
141850,1432.847,524.9234707,346.9109201,1.513136198,0.750492433,143680,424.9812107,0.804617261,0.987263363,0.868239554,0.809606037,0.003700553,0.000980712,0.655461935,0.99180318,BOMBAY,1
69570,1025.985,341.4539825,260.8840029,1.308834496,0.645170603,70767,297.622706,0.783225443,0.983085336,0.830519521,0.87163343,0.004908064,0.001747533,0.759744837,0.994380251,BARBUNYA,3
168315,1604.519,633.0053489,345.1358936,1.83407568,0.838284042,171729,462.9312195,0.786459891,0.98011984,0.821566944,0.731322761,0.003760837,0.000663591,0.534832981,0.980924163,BOMBAY,1
101496,1239.9,480.4816111,270.0436282,1.779274017,0.8271189,102579,359.4839646,0.668326024,0.989442284,0.829631954,0.748174241,0.004733996,0.000914995,0.559764695,0.995974777,CALI,2
38998,747.763,281.3657909,177.618235,1.584104193,0.775561834,39652,222.8313168,0.768009768,0.983506507,0.876444167,0.791963075,0.007214877,0.001750767,0.627205511,0.993558881,SIRA,0
83112,1139.537,393.3455569,269.348653,1.460358359,0.728765425,84375,325.3021442,0.747309266,0.985031111,0.804297531,0.827013649,0.004732717,0.001365655,0.683951575,0.9988144,BARBUNYA,3
195106,1648.761,619.8388104,404.0092287,1.534219435,0.75839327,197343,498.4141597,0.791049375,0.988664407,0.901913894,0.804102859,0.003176934,0.000819284,0.646581408,0.991997763,BOMBAY,1
137748,1389.634,499.3705441,353.3013142,1.413440947,0.706720051,138869,418.7913571,0.809463366,0.991927644,0.896384428,0.838638486,0.003625247,0.001106156,0.70331451,0.994093528,BOMBAY,1
38089,732.053,266.60833,183.8956229,1.449780728,0.724038577,38826,220.2190296,0.705796242,0.981017875,0.893149964,0.826002059,0.006999615,0.002009918,0.682279402,0.989155528,SIRA,0
66989,1044.596,435.2872634,196.8079638,2.211736024,0.891950266,67906,292.0497284,0.767078896,0.986496039,0.771465736,0.670935616,0.006497892,0.000812224,0.450154601,0.995623149,HOROZ,2
35490,708.286,259.7806083,175.7151325,1.478419101,0.736536145,36077,212.5729791,0.70846808,0.983729246,0.888993423,0.818278856,0.007319826,0.002024351,0.669580287,0.989920286,DERMASON,0
40968,751.828,269.6172146,194.496095,1.38623459,0.692540888,41527,228.3901873,0.705408337,0.986538878,0.910788703,0.847090523,0.006581166,0.002090268,0.717562354,0.994709756,SIRA,0
138059,1459.686,540.6778226,334.1664759,1.61798942,0.786137994,143275,419.2638528,0.767369603,0.963594486,0.814246128,0.775441188,0.003916281,0.000873472,0.601309035,0.972911657,BOMBAY,1
71973,1022.505,379.7684961,242.1072507,1.568596128,0.770439822,72745,302.7191268,0.803046025,0.989387587,0.865064697,0.7971149,0.005276541,0.001314053,0.635392164,0.996673688,BARBUNYA,3
74557,1115.534,417.5080508,228.5486525,1.826779752,0.836863666,76068,308.1053728,0.735276134,0.980136194,0.752891971,0.73796271,0.00559985,0.001024457,0.544588962,0.994844089,BARBUNYA,2
197598,1687.798,641.6806396,395.1927607,1.623715572,0.787846689,199491,501.5870688,0.840263308,0.99051085,0.871668742,0.781677111,0.003247405,0.000747869,0.611019106,0.992121238,BOMBAY,1
34960,681.462,237.5611221,187.9510512,1.26395208,0.611597287,35342,210.979749,0.80349345,0.98919133,0.946014953,0.888107225,0.006795227,0.002607626,0.788734443,0.99692254,SEKER,0
42309,760.08,274.9859954,196.8993123,1.396581797,0.698065443,42731,232.0980222,0.734850195,0.990124266,0.920288541,0.844035791,0.006499468,0.002034703,0.712396417,0.994919868,SIRA,0
78096,1273.205,397.7600751,251.9766019,1.578559565,0.773751758,79835,315.3330231,0.735263381,0.978217574,0.605399396,0.792771932,0.00509322,0.001240981,0.628487336,0.992104696,BARBUNYA,3
62353,974.133,336.414515,236.4006216,1.423069503,0.71147998,63337,281.762853,0.767421538,0.984464057,0.825716011,0.837546659,0.005395322,0.001637696,0.701484406,0.998261064,BARBUNYA,3
241322,1895.94,726.3734932,427.3701205,1.699635652,0.80859809,244319,554.3110259,0.820823129,0.98773325,0.843640852,0.763121219,0.003009976,0.000629676,0.582353996,0.989789613,BOMBAY,1
62333,973.114,390.8946167,203.6246677,1.919682036,0.853605746,63101,281.717661,0.67767993,0.987829036,0.827180813,0.720699772,0.00627107,0.001043612,0.519408161,0.997098516,HOROZ,2
179387,1617.553,621.6396129,370.241889,1.679009403,0.80328912,181149,477.9148692,0.822261337,0.990273201,0.861556557,0.768797321,0.003465355,0.000746749,0.591049321,0.992377368,BOMBAY,1
74557,1057.513,366.1088932,260.4763757,1.405535885,0.702714034,75694,308.1053728,0.786665401,0.984978994,0.837773963,0.841567573,0.004910456,0.001519349,0.70823598,0.995451085,BARBUNYA,3
61302,957.18,335.8778011,232.8607657,1.442397564,0.720658581,62348,279.378114,0.740809668,0.983223199,0.840808855,0.831784992,0.005479068,0.001617822,0.691866272,0.997946226,BARBUNYA,3
71081,1078.031,397.4464963,228.9861356,1.735679303,0.817348701,72466,300.8373981,0.697693365,0.980887589,0.768600909,0.756925526,0.005591459,0.001132185,0.572936251,0.994433593,BARBUNYA,2
83008,1139.263,414.1048469,255.784557,1.618959533,0.786429016,84045,325.0985514,0.80023137,0.987661372,0.803677534,0.785063382,0.004988734,0.001168931,0.616324513,0.997804446,BARBUNYA,3
141385,1429.427,525.900924,344.3551184,1.52720519,0.755810115,143530,424.2840712,0.719165192,0.985055389,0.869539345,0.806775672,0.003719637,0.000972057,0.650886984,0.99403798,BOMBAY,1
60045,974.654,343.550841,223.5238431,1.536976262,0.75939649,61177,276.4989484,0.728171235,0.981496314,0.794302216,0.804826871,0.005721556,0.001480825,0.647746292,0.995570676,BARBUNYA,3
64382,990.697,362.7910489,226.5021242,1.601711464,0.78115897,65321,286.3105104,0.78629702,0.985624837,0.824313917,0.789188463,0.005634976,0.001348326,0.622818431,0.99757542,BARBUNYA,3
66884,1049.722,441.5267425,194.0042447,2.275861249,0.898294399,67651,291.8207561,0.77707036,0.9886624,0.762752261,0.660935631,0.006601381,0.000777054,0.436835908,0.994177915,HOROZ,2
86593,1178.19,425.8092081,260.6693811,1.633522151,0.790722983,88300,332.0446234,0.770949074,0.980668177,0.783902384,0.779796719,0.004917363,0.001121599,0.608082923,0.993316924,BARBUNYA,3
65521,1015.78,403.4499947,207.3342861,1.945891354,0.857848117,66400,288.8320069,0.795679207,0.986762048,0.797978271,0.715905343,0.006157568,0.000997726,0.51252046,0.997309132,HOROZ,2
174621,1591.312,590.5548666,379.9937603,1.554117273,0.765486391,177034,471.5234486,0.766365599,0.98636985,0.866554056,0.79844139,0.003381924,0.000847844,0.637508653,0.99076321,BOMBAY,1
68888,1043.465,435.5849525,202.5271854,2.150748067,0.885334575,69678,296.1603042,0.626146393,0.988662132,0.795055905,0.679913993,0.006323089,0.000833537,0.462283037,0.994254349,HOROZ,2
191369,1683.208,650.4560824,381.3812679,1.705527085,0.81007302,194562,493.6178466,0.824894824,0.983588779,0.848800992,0.758879592,0.003398963,0.000695373,0.575898236,0.982210039,BOMBAY,1
56376,921.455,350.6922928,205.3987297,1.707373231,0.810531519,57032,267.9181826,0.682650392,0.988497686,0.834364582,0.763969406,0.006220596,0.00130712,0.583649253,0.996507111,CALI,2
45518,859.94,322.2866864,189.2917773,1.702592109,0.809340493,47963,240.7391069,0.66447695,0.949023205,0.773493617,0.746971926,0.007080423,0.001359741,0.557967059,0.949990311,HOROZ,2
40786,783.499,295.3492484,177.0629936,1.668046171,0.800371918,41318,227.8823119,0.72746406,0.987124256,0.834918503,0.771568958,0.007241437,0.001583082,0.595318657,0.993019007,DERMASON,2
155088,1485.027,526.9150884,375.6879369,1.402533956,0.701168898,156676,444.3694122,0.719168649,0.989864434,0.883729515,0.843341597,0.003397523,0.001060123,0.71122505,0.997517282,BOMBAY,1
90393,1165.547,458.4495326,253.3797702,1.80933755,0.833387939,91924,339.2520334,0.755693218,0.983344937,0.83615171,0.739998646,0.005071737,0.000938124,0.547597996,0.990789617,CALI,2
65901,989.689,320.0917194,262.7408681,1.218279142,0.571172656,67032,289.6683608,0.767120258,0.983127462,0.845482031,0.904954247,0.00485716,0.002009411,0.818942189,0.997700187,BARBUNYA,0
198997,1716.787,653.6835728,392.2606567,1.666452043,0.799942038,201507,503.359563,0.759298687,0.987543857,0.848444739,0.770035509,0.003284892,0.000712433,0.592954686,0.988130548,BOMBAY,1
32129,764.142,261.6140223,158.0687804,1.65506447,0.796828102,33221,202.2570477,0.678113128,0.967129225,0.691447055,0.773112412,0.008142613,0.001794379,0.597702801,0.98923667,DERMASON,2
185149,1647.795,645.0968411,368.5878257,1.750184884,0.820693835,186539,485.5296371,0.83314134,0.992548475,0.856889603,0.752646124,0.003484204,0.000689678,0.566476188,0.991438062,BOMBAY,1
73100,1079.089,380.3600147,245.4184045,1.549843075,0.763991241,74217,305.0800071,0.79466887,0.98494954,0.788883205,0.802082226,0.005203283,0.001328412,0.643335897,0.997069684,BARBUNYA,3
85728,1116.254,423.1451873,258.8708294,1.634580413,0.791029665,86756,330.3820208,0.736039563,0.988150675,0.864582617,0.780776979,0.004935904,0.0011315,0.60961269,0.996460963,BARBUNYA,3
148827,1503.932,532.8745985,364.5403018,1.461771431,0.729386841,153846,435.3072728,0.749169418,0.967376467,0.826866108,0.816903778,0.003580497,0.000983573,0.667331783,0.975486535,BOMBAY,1
50771,903.481,375.0473913,172.7873569,2.170571957,0.887551734,51292,254.2511454,0.786026133,0.989842471,0.781605369,0.677917381,0.00738704,0.000962404,0.459571976,0.997534043,HOROZ,2
61543,991.2,354.6838492,221.9501539,1.598033806,0.780008443,62634,279.9267427,0.828259582,0.982581346,0.787165298,0.789228896,0.005763188,0.001379286,0.62288225,0.995386893,BARBUNYA,3
156910,1480.479,541.9193789,370.567044,1.462405758,0.729665038,158236,446.9720539,0.765541602,0.991620112,0.89961354,0.824794372,0.003453696,0.000985931,0.680285756,0.994853807,BOMBAY,1
37833,730.074,274.3412064,176.0699071,1.558137963,0.766879015,38257,219.4777248,0.777049786,0.988917061,0.891963083,0.80001735,0.007251373,0.001832305,0.64002776,0.99725155,DERMASON,0
82998,1186.993,392.1350204,272.2095469,1.44056307,0.719808193,84544,325.0789685,0.787726358,0.981713664,0.740254704,0.828997543,0.004724632,0.001376451,0.687236926,0.990008136,BARBUNYA,3
57583,926.308,332.5452734,220.7230731,1.50661763,0.747964782,58564,270.7710337,0.718082055,0.983249095,0.84332179,0.814238106,0.00577506,0.00156582,0.662983694,0.998862922,BARBUNYA,3
202363,1709.543,628.335887,413.0076401,1.521366256,0.75362561,204085,507.5988317,0.687692004,0.991562339,0.870123534,0.807846316,0.003104994,0.000815747,0.652615671,0.992867459,BOMBAY,1
36343,697.705,243.4098446,190.9631883,1.274642756,0.620086378,36737,215.1124003,0.786270607,0.989275118,0.938181722,0.883745687,0.006697572,0.002520034,0.781006439,0.9955042,SEKER,0
185950,1641.868,622.9177351,383.0486918,1.626210319,0.788584341,188551,486.5787638,0.813920915,0.986205324,0.86682129,0.781128448,0.003349921,0.000769315,0.610161652,0.992251175,BOMBAY,1
167321,1578.125,588.2992731,368.170441,1.597899254,0.779966167,170889,461.5622535,0.777333333,0.97912095,0.844262532,0.784570498,0.003515992,0.00082178,0.615550866,0.983588269,BOMBAY,1
56724,929.168,347.0655985,209.2032796,1.65898737,0.79790944,57657,268.7438184,0.733237678,0.983818097,0.825635244,0.77433148,0.006118497,0.001356851,0.59958924,0.994710977,BARBUNYA,3
38369,731.627,274.2813142,178.9082412,1.533083733,0.757978021,38846,221.026985,0.811939225,0.987720743,0.900763741,0.805840477,0.007148513,0.001859481,0.649378874,0.995552188,SIRA,0
85119,1140.71,449.4686011,243.859741,1.843143929,0.840022718,86686,329.2064349,0.762100457,0.981923263,0.822026615,0.732434778,0.005280473,0.000937408,0.536460704,0.988774289,CALI,2
89356,1293.204,453.6454077,251.800371,1.801607384,0.831810385,91496,337.3004488,0.664109996,0.976610999,0.671428088,0.74353326,0.005076832,0.000957137,0.552841709,0.996003704,BARBUNYA,2
84154,1169.542,416.68229,258.0397874,1.61479861,0.785176322,85493,327.3349976,0.7574822,0.984337899,0.773130813,0.785574538,0.004951426,0.001163214,0.617127355,0.996536395,BARBUNYA,3
68764,1045.125,354.6890078,247.5008261,1.433082117,0.716295845,69957,295.8936364,0.725060365,0.982946667,0.791105717,0.834234019,0.005158062,0.001541054,0.695946398,0.997348337,BARBUNYA,3
54652,875.653,329.681452,213.0386235,1.547519631,0.763172039,55418,263.789855,0.786133487,0.986177776,0.89567787,0.800135565,0.006032377,0.001525185,0.640216923,0.990748257,SIRA,3
84629,1124.297,448.1926562,243.1812137,1.843039803,0.840002919,86214,328.2575048,0.75759122,0.981615515,0.841331151,0.732402685,0.00529597,0.000939994,0.536413693,0.988631787,CALI,2
90508,1206.111,414.4114539,278.942451,1.485652156,0.739546864,92011,339.4677668,0.710423862,0.983664997,0.781847903,0.819156333,0.004578727,0.001271721,0.671017098,0.996897998,BARBUNYA,3
169361,1602.094,587.0730698,369.3906891,1.589301212,0.777237489,171156,464.3674434,0.799472246,0.989512492,0.829177073,0.790987472,0.003466401,0.000837022,0.625661181,0.994364073,BOMBAY,1
41492,761.691,279.9995221,189.1468891,1.480328455,0.73733639,42008,229.8461555,0.742081448,0.987716625,0.898703815,0.820880528,0.006748277,0.001890134,0.673844841,0.997511692,SIRA,0
64244,963.98,342.9316574,239.1408081,1.434015633,0.716738085,65055,286.0034988,0.751268798,0.987533625,0.86877315,0.833995616,0.005337956,0.001592978,0.695548687,0.997427691,BARBUNYA,3
59841,936.317,354.6469346,217.6413436,1.629501678,0.789551313,61068,276.0288528,0.692965086,0.979907644,0.857754271,0.778320143,0.005926487,0.00134156,0.605782245,0.987123185,CALI,3
41378,752.604,281.6600887,187.3121056,1.503693997,0.746817602,41804,229.5301851,0.742979243,0.989809588,0.918007681,0.814919097,0.006807001,0.001851798,0.664093135,0.99859286,SIRA,0
170723,1599.105,621.0104081,353.1574058,1.758452175,0.822557504,172911,466.2309243,0.796297506,0.987346091,0.838972905,0.750761852,0.003637532,0.000712845,0.563643359,0.99113989,BOMBAY,1
74049,1156.093,396.9097089,239.482934,1.657361142,0.797462283,76062,307.0539286,0.71026128,0.973534748,0.696215229,0.773611533,0.005360095,0.001184252,0.598474805,0.991888886,BARBUNYA,3
58851,931.858,324.4800674,231.7515902,1.400120133,0.699916758,59915,273.7360416,0.725829726,0.982241509,0.851656048,0.843614351,0.005513586,0.001722621,0.711685174,0.99644474,BARBUNYA,3
169410,1566.793,573.4514258,380.042361,1.508914491,0.748860131,172175,464.4346146,0.746181222,0.983940758,0.867212764,0.809893556,0.003384992,0.000898357,0.655927573,0.989738619,BOMBAY,1
191093,1686.806,635.7172404,386.4785077,1.644896748,0.793982285,194125,493.2617604,0.767047462,0.984381198,0.843964868,0.77591377,0.003326743,0.000743794,0.602042178,0.990297221,BOMBAY,1
66795,1067.697,363.0668917,234.7617091,1.546533687,0.762823031,68388,291.6265341,0.781904806,0.97670644,0.73630504,0.803230867,0.00543554,0.001395674,0.645179825,0.997792334,BARBUNYA,3
58857,953.918,319.2300624,235.8839231,1.353335396,0.673798509,59856,273.7499952,0.771945701,0.983309944,0.812804124,0.857532004,0.005423825,0.001809201,0.735361138,0.995190257,BARBUNYA,3
173366,1577.459,586.7185949,378.779386,1.54897182,0.763684588,175139,469.8259751,0.776228598,0.989876612,0.875502988,0.800768851,0.003384277,0.00085837,0.641230753,0.993248366,BOMBAY,1
144058,1463.258,536.8875196,343.9628391,1.56088815,0.767823949,145734,428.2760119,0.748800582,0.988499595,0.845484073,0.79770156,0.003726884,0.000930867,0.636327779,0.993236489,BOMBAY,1
43085,770.316,280.4798916,196.0695195,1.430512465,0.715072613,43520,234.216835,0.778663341,0.990004596,0.912426992,0.835057492,0.00650992,0.001952634,0.697321016,0.997526405,SIRA,0
38780,742.106,279.8394551,177.8766254,1.573222195,0.771987163,39473,222.2076271,0.79804091,0.982443696,0.88488286,0.794053959,0.007216077,0.001769624,0.630521689,0.991950716,SIRA,0
40464,763.363,239.6600281,216.0699803,1.109177813,0.432635963,41122,226.9809792,0.748557052,0.983998833,0.872602522,0.947095688,0.005922796,0.002939558,0.896990242,0.994921675,SEKER,0
44429,752.449,248.3909893,228.1029765,1.088942341,0.395833567,44704,237.8418797,0.779169078,0.993848425,0.986102963,0.957530224,0.00559074,0.002899072,0.91686413,0.998412173,SEKER,0
75443,1070.292,380.7410438,253.5632975,1.501562125,0.745975747,76715,309.9306551,0.736101083,0.983419149,0.827607191,0.814019555,0.005046738,0.001366878,0.662627836,0.994976862,BARBUNYA,3
164154,1532.775,589.430266,356.9019467,1.651518776,0.795842826,165847,457.1732322,0.748809415,0.989791796,0.87802022,0.775618862,0.003590715,0.000801593,0.601584619,0.993528294,BOMBAY,1
42428,774.635,284.8893188,190.1533835,1.498207991,0.744642007,42844,232.4241971,0.724484743,0.990290356,0.888522015,0.815840334,0.006714654,0.001834949,0.665595451,0.997200424,SIRA,0
59936,922.98,295.4328604,259.7326001,1.137450056,0.476527657,60869,276.2478694,0.834159105,0.984672001,0.884123713,0.935061418,0.004929139,0.002324403,0.874339855,0.994517917,BARBUNYA,0
73909,1094.529,404.1282392,233.6211914,1.729844099,0.815975293,75016,306.763527,0.770366896,0.985243148,0.775269403,0.759074713,0.005467916,0.001119798,0.576194419,0.996726516,BARBUNYA,3
62835,997.065,347.042907,231.0540487,1.501998813,0.74614856,63990,282.8497955,0.783947999,0.981950305,0.794263382,0.815028314,0.005523083,0.001503322,0.664271153,0.997734484,BARBUNYA,3
41506,766.971,292.9027195,180.9660248,1.618550884,0.786306503,41963,229.8849289,0.69884833,0.989109454,0.886671725,0.784850784,0.007056877,0.001651736,0.615990753,0.997012378,DERMASON,0
77424,1109.772,397.401991,248.7116453,1.597842315,0.779948272,78571,313.9734041,0.715735759,0.985401739,0.789983358,0.790065,0.005132801,0.001233632,0.624202705,0.997377494,BARBUNYA,3
156974,1473.74,550.8549182,366.741733,1.502024091,0.746158558,158564,447.0631994,0.689189782,0.989972503,0.908230007,0.811580662,0.003509211,0.000939109,0.658663172,0.989327952,BOMBAY,1
69509,1046.853,373.8295469,238.1459001,1.569750085,0.770827373,70544,297.4921974,0.731365741,0.985328306,0.797038868,0.795796373,0.005378146,0.001330516,0.633291867,0.994109962,BARBUNYA,3
73051,1093.992,374.693801,249.2941786,1.503018655,0.746551407,74371,304.9777401,0.734505711,0.982251146,0.767021852,0.81393858,0.005129208,0.001388662,0.662496011,0.995743864,BARBUNYA,3
67959,1017.31,359.5833377,241.1931776,1.490852027,0.741676841,69095,294.1565675,0.769472028,0.983558868,0.825182894,0.818048382,0.005291181,0.001461667,0.669203155,0.99768288,BARBUNYA,3
42963,789.231,311.4863791,175.8779258,1.77103737,0.825336743,43364,233.8849943,0.759224571,0.990752698,0.866754675,0.750867486,0.007250108,0.0014216,0.563801981,0.998514378,SIRA,2
78989,1077.94,382.0983336,263.828305,1.448284078,0.72335886,80060,317.1307592,0.784399206,0.986622533,0.854254556,0.829971584,0.004837361,0.001415928,0.68885283,0.997654586,BARBUNYA,3
56385,908.18,319.6881974,224.8440507,1.421821909,0.710870458,57282,267.9395673,0.735789226,0.984340631,0.859072034,0.838127805,0.005669738,0.001725773,0.702458218,0.998770485,BARBUNYA,3
225335,1802.309,676.7098296,428.7621503,1.578287237,0.773662254,228491,535.635541,0.786108999,0.98618764,0.871726031,0.791529128,0.003003128,0.000727145,0.62651836,0.988825931,BOMBAY,1
61013,943.385,336.5838735,231.2578523,1.45544841,0.726587942,61950,278.7187908,0.784874447,0.984874899,0.861498073,0.828081238,0.005516593,0.001600083,0.685718538,0.998027955,BARBUNYA,3
38087,718.44,266.1000287,183.3735169,1.451136638,0.724652013,38535,220.2132479,0.765567839,0.988374205,0.927268745,0.827558151,0.006986637,0.002021352,0.684852494,0.993814545,SIRA,0
70236,1079.405,362.8565825,248.4165449,1.460678002,0.728906196,71461,299.0438976,0.721553318,0.982857783,0.757531651,0.824137998,0.005166248,0.001470127,0.67920344,0.992097524,BARBUNYA,3
76522,1051.538,380.161688,257.7002423,1.475208888,0.735181695,77430,312.1391299,0.730827269,0.988273279,0.869653468,0.821069402,0.004968005,0.001392776,0.674154963,0.994519394,BARBUNYA,3
129409,1348.888,484.364424,341.1726593,1.419704689,0.709831188,130688,405.9170559,0.79933414,0.990213333,0.893763394,0.838040607,0.003742896,0.001138801,0.702312059,0.997075723,BOMBAY,1
93120,1153.583,445.3375478,269.9330958,1.649807136,0.795364482,94679,344.3313323,0.768798917,0.983533835,0.879336573,0.773191782,0.004782405,0.001054326,0.597825532,0.986296829,CALI,3
43126,816.933,337.6078693,163.3881396,2.066293613,0.875091045,43547,234.3282497,0.816656567,0.990332285,0.812037645,0.694084087,0.007828407,0.001120731,0.48175272,0.995442568,HOROZ,2
147288,1469.066,560.8730875,336.8898228,1.664856133,0.799510208,149204,433.0506969,0.774213896,0.987158521,0.857619434,0.772101045,0.003808003,0.000834783,0.596140023,0.992487374,BOMBAY,1
75586,1118.794,385.0406231,250.5891056,1.536541751,0.759238816,77261,310.2242483,0.774954888,0.978320239,0.758841318,0.805692256,0.005094073,0.001324103,0.649140011,0.99743073,BARBUNYA,3
68500,1007.14,339.4168594,257.4166226,1.318550667,0.651779553,69506,295.3250901,0.766433566,0.985526429,0.848634622,0.870095524,0.004954991,0.001751823,0.75706622,0.99823017,BARBUNYA,3
57030,962.609,409.4783498,178.9563204,2.2881469,0.89944456,57740,269.4677184,0.646855328,0.987703498,0.773416441,0.658075619,0.007180052,0.000830636,0.43306352,0.99091295,HOROZ,2
59151,931.54,305.938941,247.6315232,1.235460401,0.587237256,60079,274.4328557,0.79769932,0.984553671,0.85658199,0.897018388,0.005172169,0.002065655,0.804641989,0.994103314,BARBUNYA,0
71467,1046.223,397.8668367,232.0161155,1.714824144,0.812364372,73216,301.6531295,0.771223845,0.976111779,0.820477903,0.758176107,0.005567141,0.001134729,0.57483101,0.985734095,CALI,3
74991,1138.087,381.7460435,251.8354203,1.515855248,0.751534669,76411,309.0008199,0.767878353,0.981416288,0.727558776,0.809440792,0.005090558,0.001347986,0.655194396,0.993179864,BARBUNYA,3
44562,850.137,343.5160881,168.0175837,2.044524629,0.872221408,45393,238.1976083,0.611880046,0.981693213,0.774812649,0.693410343,0.007708722,0.001099318,0.480817903,0.983044045,HOROZ,2
68282,1027.342,374.6665939,232.8190821,1.609260678,0.783490816,69244,294.8547822,0.79592027,0.9861071,0.81299151,0.786979109,0.005487048,0.001298289,0.619336118,0.996673261,BARBUNYA,3
40693,770.418,290.2484929,179.2307203,1.619412634,0.786564725,41174,227.6223557,0.689887259,0.988317871,0.861542548,0.784232688,0.007132639,0.001664216,0.615020908,0.995972629,SIRA,0
42892,776.661,277.8206482,198.3588253,1.400596357,0.700164483,43478,233.691657,0.714616551,0.986521919,0.893558861,0.841160146,0.006477214,0.002000243,0.707550391,0.990992501,SIRA,0
67546,985.555,356.6686962,241.4833998,1.476990536,0.735934804,68376,293.2613822,0.801713906,0.987861238,0.873871888,0.822223496,0.005280382,0.001488691,0.676051477,0.998521633,BARBUNYA,3
36458,731.111,283.698962,164.9206882,1.720214517,0.813672998,36979,215.4524711,0.679223489,0.985910922,0.857109025,0.759440463,0.007781528,0.001596686,0.576749817,0.992133409,HOROZ,2
158438,1527.5,569.1528979,357.2628761,1.59309275,0.778447399,160009,449.143103,0.722231086,0.990181802,0.853309887,0.789143137,0.003592275,0.000859355,0.62274689,0.992093556,BOMBAY,1
63206,1035.302,416.5802059,194.2902383,2.144112898,0.884577437,64172,283.683589,0.692638131,0.984946706,0.741027056,0.680981921,0.006590833,0.000874304,0.463736377,0.994303148,HOROZ,2
75852,1071.325,416.2127295,235.4639688,1.767628107,0.824590642,77441,310.7696349,0.745510836,0.979481153,0.830490027,0.746660572,0.005487169,0.001052013,0.55750201,0.985456223,CALI,2
153075,1456.617,522.3663458,374.7944989,1.393740696,0.696565119,154335,441.476096,0.801406224,0.991835941,0.906616009,0.845146514,0.003412486,0.001073937,0.714272629,0.995510832,BOMBAY,1
188557,1648.893,620.4363873,390.1882187,1.590095132,0.777491708,190364,489.977784,0.73357065,0.990507659,0.871500369,0.789730896,0.003290445,0.000789498,0.623674888,0.991702404,BOMBAY,1
62504,989.061,347.1941704,230.9493251,1.503334856,0.746676098,63945,282.1038187,0.76536135,0.977465009,0.802918603,0.812524641,0.005554751,0.001493449,0.660196292,0.992496098,BARBUNYA,3
37240,731.308,276.0085871,172.8292023,1.597002031,0.779683925,37848,217.7508683,0.709941855,0.983935743,0.87502183,0.788927876,0.007411616,0.001771095,0.622407193,0.993985551,SIRA,0
75881,1164.144,372.0207639,261.7787545,1.421126648,0.710529858,77787,310.8290364,0.798411195,0.975497191,0.703605947,0.83551529,0.004902687,0.001473776,0.6980858,0.992068333,BARBUNYA,3
52104,906.358,316.9151109,209.6040912,1.511970063,0.750043274,53108,257.5672208,0.774113033,0.981095127,0.797042325,0.812732533,0.006082357,0.001636976,0.66053417,0.998707891,BARBUNYA,3
63653,1016.303,355.1371706,228.6444147,1.553229153,0.765176974,64755,284.6849429,0.716667793,0.982982009,0.774430281,0.801619674,0.005579268,0.001421119,0.642594102,0.998095893,BARBUNYA,3
66041,995.358,361.8370919,233.0117717,1.552870438,0.765051814,67102,289.9758831,0.720719836,0.984188251,0.837654415,0.801398999,0.005478977,0.001394037,0.642240355,0.997316061,BARBUNYA,3
126503,1326.959,475.7724586,339.3818868,1.401879349,0.700830189,128220,401.3335547,0.771312725,0.986608953,0.902808585,0.843540956,0.003760958,0.001174635,0.711561345,0.997523155,BOMBAY,1
65526,992.787,361.2041353,231.6235658,1.55944467,0.767328754,66422,288.8430273,0.697560041,0.986510494,0.835432485,0.799667,0.005512379,0.00139045,0.639467311,0.99721389,BARBUNYA,3
53249,919.923,325.3866286,208.9174205,1.557489212,0.766655211,54195,260.3818974,0.696684635,0.982544515,0.790712066,0.800223102,0.006110662,0.001545654,0.640357014,0.997349141,BARBUNYA,3
168736,1555.86,577.480835,372.935021,1.548475746,0.7635097,169852,463.5098142,0.746916914,0.993429574,0.875944485,0.802641033,0.003422393,0.000876183,0.644232628,0.9975786,BOMBAY,1
73519,1073.069,362.1862059,259.1482727,1.397602238,0.698601302,75073,305.9530979,0.769872768,0.979300148,0.802332081,0.844739785,0.00492643,0.001547405,0.713585305,0.99730842,BARBUNYA,3
75606,1066.561,412.4698493,234.249191,1.760816537,0.823084906,76371,310.2652881,0.800707447,0.989983109,0.835208158,0.752213255,0.005455517,0.001077407,0.565824782,0.996313632,CALI,3
62391,965.276,342.4226954,232.1408416,1.475064418,0.735120473,63399,281.8486978,0.738932184,0.984100696,0.841450928,0.823101685,0.005488335,0.00155394,0.677496385,0.99935081,BARBUNYA,3
75956,1140.196,396.8617552,244.9,1.62050533,0.786891435,77495,310.9826086,0.763162125,0.980140654,0.734197538,0.783604377,0.00522489,0.00121519,0.61403582,0.995048319,BARBUNYA,3
66106,1047.596,432.0923916,195.3759266,2.211594842,0.891935635,67053,290.1185505,0.789287676,0.985876844,0.756942831,0.671427121,0.006536357,0.000819428,0.450814379,0.997018755,HOROZ,2
66301,1010.746,366.5115647,230.5989031,1.589389888,0.777265906,67227,290.5461324,0.699090037,0.986225772,0.815541152,0.792733874,0.005527995,0.001346657,0.628426994,0.99881551,BARBUNYA,3
51550,913.589,380.7034098,173.6775831,2.192012366,0.889876347,52297,256.1942594,0.778230676,0.985716198,0.776134181,0.672949737,0.007385129,0.000934261,0.452861348,0.992677675,HOROZ,2
173392,1608.021,620.2462774,358.0876099,1.732107619,0.816509971,175368,469.8612041,0.839040914,0.988732266,0.842666032,0.757539741,0.003577133,0.000726669,0.573866459,0.993998465,BOMBAY,1
170659,1555.849,572.062147,381.5330734,1.499377608,0.745108382,172297,466.1435267,0.797062258,0.99049316,0.885939714,0.814847703,0.003352077,0.00091159,0.66397678,0.995551916,BOMBAY,1
52545,911.562,315.9159221,212.1152663,1.489359666,0.741068445,53754,258.6549282,0.748248462,0.977508651,0.794637096,0.818746097,0.006012293,0.001666544,0.670345171,0.99838506,BARBUNYA,3
70925,1050.316,382.7790775,236.6469135,1.617511388,0.785994358,72151,300.5070959,0.772275395,0.983007859,0.807921649,0.78506667,0.005396956,0.001264605,0.616329677,0.996920272,BARBUNYA,3
67630,1041.652,353.036461,245.4218902,1.438488069,0.718841173,68870,293.443675,0.713667637,0.981995063,0.783256391,0.831199345,0.005220116,0.001537024,0.690892351,0.993840404,BARBUNYA,3
42836,755.253,272.4929436,200.8134071,1.35694597,0.67594833,43192,233.5390527,0.722970464,0.991757733,0.943699784,0.85704624,0.006361307,0.002117109,0.734528257,0.996715159,SEKER,0
66163,1012.844,359.8474233,234.4064639,1.53514292,0.75873008,67353,290.2436011,0.720855487,0.982331893,0.810475579,0.806574071,0.005438801,0.001419907,0.650561732,0.998705236,BARBUNYA,3
76075,1119.386,405.8348056,239.8552746,1.69199867,0.806659092,77227,311.226121,0.678151186,0.985082937,0.762942983,0.76687883,0.005334667,0.001138136,0.58810314,0.995069731,BARBUNYA,3
68859,1084.476,413.5414071,217.1072221,1.904779597,0.851105235,70948,296.0979598,0.710179455,0.9705559,0.735750701,0.716005592,0.006005626,0.000973652,0.512664007,0.976511941,BARBUNYA,2
80434,1189.016,418.6575903,245.5096372,1.705259293,0.810006367,82457,320.0183581,0.715477673,0.975466,0.714947469,0.764391631,0.005204983,0.001096132,0.584294565,0.996373737,BARBUNYA,3
61559,972.702,363.4118102,216.014883,1.682346166,0.80416363,62400,279.9631282,0.774560874,0.986522436,0.817601732,0.770374326,0.005903472,0.001282609,0.593476601,0.998433085,BARBUNYA,3
63391,989.467,376.5126196,215.158764,1.749929273,0.820635725,64276,284.0984477,0.697931232,0.986231253,0.813644771,0.754552259,0.005939528,0.001187651,0.569349112,0.996320678,CALI,2
36474,713.319,259.3227454,179.5186179,1.444545131,0.721648717,36885,215.4997428,0.811290538,0.988857259,0.900794392,0.8310098,0.007109797,0.002091518,0.690577288,0.997570059,SIRA,0
211734,1776.585,679.8398711,400.169975,1.698877761,0.808407039,213916,519.2187417,0.801840491,0.989799734,0.843001766,0.763736821,0.003210821,0.000673862,0.583293931,0.990945088,BOMBAY,1
38619,721.624,268.42155,183.534885,1.462509702,0.72971058,39087,221.745886,0.784779516,0.98802671,0.931942142,0.826110594,0.006950505,0.001996866,0.682458713,0.998102489,SIRA,0
171708,1535.096,552.1854312,397.3292133,1.389742845,0.694432781,172804,467.5739682,0.735067103,0.993657554,0.915649608,0.846769838,0.00321584,0.001019849,0.717019159,0.996472245,BOMBAY,1
177893,1612.656,610.8765588,376.4234083,1.622844237,0.787588085,181791,475.9205841,0.717889427,0.978557794,0.859577917,0.779078158,0.003433955,0.000780366,0.606962776,0.985006043,BOMBAY,1
38769,741.738,275.503958,179.8417254,1.531924571,0.757553006,39293,222.1761101,0.70822601,0.986664291,0.885509868,0.806435275,0.007106295,0.001853963,0.650337853,0.996268536,SIRA,0
67236,1008.387,344.0350656,249.566195,1.378532319,0.688317892,68429,292.5876519,0.755036496,0.982565871,0.830916257,0.850458808,0.005116828,0.001651177,0.723280184,0.99706511,BARBUNYA,3
63253,1006.449,352.1086291,230.0762332,1.530399834,0.756992114,64388,283.789043,0.783920781,0.982372492,0.784706856,0.805970145,0.005566671,0.001448942,0.649587875,0.994129177,BARBUNYA,3
80035,1129.156,385.280099,265.5568751,1.450838352,0.724517255,81623,319.2236316,0.800830498,0.980544699,0.788827278,0.828549495,0.004813895,0.001399427,0.686494266,0.99599221,BARBUNYA,3
86088,1215.805,417.9552837,263.640593,1.585322196,0.775956354,88243,331.0749854,0.7363802,0.975578799,0.731854306,0.792130159,0.004854977,0.001179107,0.627470189,0.994742417,BARBUNYA,3
49755,868.813,332.0911112,191.9920823,1.729712534,0.81594414,50783,251.6943256,0.734282763,0.979757005,0.828312039,0.757907445,0.006674527,0.001358517,0.574423695,0.993587866,BARBUNYA,2
52452,878.032,342.1508562,198.7842347,1.721217262,0.813914849,53647,258.4259287,0.675362132,0.977724756,0.854970693,0.755298208,0.006523123,0.001309511,0.570475384,0.981912078,HOROZ,2
198796,1739.161,689.3857988,372.7612894,1.849402871,0.84120581,202308,503.1052857,0.825324864,0.982640331,0.825919899,0.729787713,0.003467805,0.000606765,0.532590107,0.984973672,BOMBAY,1
41028,762.898,298.3388971,175.455882,1.700364181,0.808781456,41415,228.5573714,0.81217832,0.99065556,0.885844021,0.766099807,0.007271592,0.001545079,0.586908914,0.997958895,SIRA,0
36325,690.58,246.1701717,188.3103217,1.307257984,0.644077851,36623,215.0591232,0.738868661,0.991863037,0.957166508,0.873619747,0.00677688,0.002435002,0.763211463,0.997714279,SEKER,0
46276,796.204,289.0980178,204.2614007,1.415333572,0.7076659,46788,242.735315,0.748112582,0.989057023,0.917311771,0.839629814,0.006247256,0.001915228,0.704978225,0.99777935,SIRA,0
79102,1091.847,414.2250757,243.9172737,1.698219521,0.808240865,80113,317.3575184,0.683871079,0.987380325,0.833822784,0.766147529,0.005236594,0.001112957,0.586982037,0.996824354,BARBUNYA,3
20464,528.408,191.249312,136.3684624,1.402445321,0.701123073,20772,161.4173908,0.747406866,0.985172347,0.921004226,0.844015537,0.009345647,0.002925438,0.712362227,0.999049071,DERMASON,0
214563,1765.021,659.112828,417.5290886,1.578603374,0.773766151,217833,522.6759,0.737771038,0.9849885,0.865495757,0.792999131,0.003071885,0.000749334,0.628847622,0.992700978,BOMBAY,1
164201,1560.469,570.6124442,368.330017,1.549188005,0.763760738,166229,457.2386756,0.806868661,0.987799963,0.847374461,0.801312134,0.003475085,0.000883796,0.642101137,0.994735379,BOMBAY,1
59605,1001.665,399.3457097,196.1110647,2.036324214,0.871113951,62307,275.484016,0.778326217,0.956634086,0.746530504,0.689838426,0.006699869,0.000935913,0.475877055,0.969039969,HOROZ,2
66040,1020.017,369.2521146,229.0483291,1.612114422,0.784361993,67289,289.9736877,0.722617354,0.981438274,0.797631155,0.785300006,0.00559134,0.001311711,0.616696099,0.994184674,BARBUNYA,3
147030,1444.299,532.8676944,352.3069045,1.512509939,0.75025138,148198,432.6712496,0.824320915,0.992118652,0.885730501,0.8119675,0.003624211,0.000971735,0.659291221,0.997184524,BOMBAY,1
97770,1231.866,497.1008834,253.6601961,1.959711815,0.860008855,99373,352.823795,0.796789047,0.983868858,0.809633635,0.709762961,0.005084391,0.000795925,0.503763461,0.987231206,CALI,2
59921,997.748,392.7859811,195.3597571,2.010577751,0.867538821,60874,276.2132994,0.650664553,0.984344712,0.756392449,0.703215778,0.006555064,0.000988806,0.494512431,0.994255691,HOROZ,2
182940,1636.335,624.297759,376.421904,1.658505396,0.797777077,185434,482.6245355,0.792689268,0.986550471,0.858566817,0.773067865,0.003412582,0.000751854,0.597633924,0.991179087,BOMBAY,1
80095,1086.756,418.75391,246.002039,1.702237557,0.809251701,81279,319.3432657,0.804554404,0.985432892,0.852218929,0.762603663,0.005228215,0.001090759,0.581564347,0.989960673,CALI,3
70648,1017.479,367.6119462,245.7675337,1.495770986,0.743665809,71492,299.9197015,0.770997032,0.988194483,0.857548767,0.815859508,0.00520343,0.001422103,0.665626736,0.99562516,BARBUNYA,3
39728,760.568,282.0889342,179.8807136,1.568199995,0.77030654,40293,224.9072267,0.695944644,0.985977713,0.863039093,0.797291916,0.007100507,0.001769859,0.635674399,0.996864589,SIRA,0
87851,1137.14,447.1330622,251.9938988,1.774380508,0.826063552,88453,334.4478543,0.765619417,0.993194126,0.853746036,0.747982832,0.005089675,0.000982735,0.559478317,0.992727421,CALI,3
64762,1000.168,385.8340559,214.5390567,1.798432704,0.831155726,65876,287.1542084,0.709642779,0.983089441,0.813549918,0.744242775,0.005957723,0.001127505,0.553897308,0.996147033,BARBUNYA,2
74709,1110.564,409.2814053,233.7182809,1.751174122,0.820918451,76051,308.4192814,0.790270373,0.982353947,0.761194435,0.753562897,0.005478341,0.0010897,0.567857039,0.994416552,BARBUNYA,3
223165,1827.554,669.0993605,428.401186,1.56185226,0.768153752,226058,533.0501881,0.751944175,0.987202399,0.839644622,0.796668207,0.002998227,0.000744997,0.634680233,0.991276756,BOMBAY,1
61876,954.989,376.5905518,209.7023092,1.795834071,0.830616882,62369,280.683042,0.801388403,0.992095432,0.852580424,0.74532683,0.006086214,0.001158548,0.555512083,0.997607526,CALI,2
50713,866.1,343.0013052,189.6905852,1.808214703,0.833160231,51159,254.1058776,0.774587222,0.991282081,0.849558109,0.740830643,0.006763577,0.001256701,0.548830042,0.992402552,SIRA,2
43548,846.546,347.4447577,163.9564003,2.11912897,0.881656364,45022,235.4719425,0.656031093,0.96726045,0.763619402,0.677724839,0.007978432,0.001038271,0.459310957,0.973339156,HOROZ,2
75389,1081.439,423.1204844,231.3571651,1.828862678,0.837271152,77225,309.8197154,0.76144352,0.976225316,0.810053666,0.732225753,0.005612496,0.000995213,0.536154554,0.980553052,CALI,2
181748,1602.238,587.5345751,395.9814683,1.483742604,0.738757487,183366,481.049624,0.820354957,0.991176118,0.889662836,0.818759686,0.003232688,0.000896127,0.670367423,0.994652706,BOMBAY,1
155333,1491.933,564.3184252,352.0819275,1.602804294,0.781499004,156942,444.7202696,0.74197755,0.989747805,0.876950245,0.788066187,0.003632959,0.000864353,0.621048315,0.995418906,BOMBAY,1
171116,1598.192,613.7203747,361.9939189,1.695388631,0.807523598,174786,466.7672417,0.673960992,0.979002895,0.841865241,0.760553602,0.003586575,0.000740251,0.578441782,0.980683621,BOMBAY,1
33194,664.658,232.3085443,182.0856017,1.275820505,0.621001572,33520,205.5818899,0.773698809,0.990274463,0.944219534,0.88495191,0.00699851,0.002647671,0.783139883,0.99914592,SEKER,0
79613,1131.686,407.1782582,249.7181315,1.630551437,0.789858244,80930,318.3809352,0.779320066,0.983726677,0.781163544,0.781920274,0.005114469,0.001179316,0.611399315,0.996918031,BARBUNYA,3
51515,896.279,375.9801827,174.9073548,2.149596185,0.885203683,52000,256.1072727,0.804293521,0.990673077,0.805855411,0.681172265,0.00729846,0.000969257,0.463995655,0.99740329,HOROZ,2
69303,1068.546,353.100625,250.5911174,1.409070795,0.704516559,70842,297.0510397,0.714059039,0.978275599,0.762738122,0.841264554,0.005095027,0.001574188,0.707726049,0.997236107,BARBUNYA,3
71483,1048.599,388.3736617,234.9152463,1.653250131,0.796324879,72503,301.6868946,0.760684034,0.985931617,0.816946763,0.776795453,0.005433091,0.001220263,0.603411176,0.997589606,BARBUNYA,3
72252,1060.96,376.0016113,246.3715409,1.526156835,0.755420206,73538,303.3052977,0.758002077,0.982512443,0.806606498,0.806659569,0.00520403,0.001359192,0.65069966,0.993069734,BARBUNYA,3
76281,1082.67,426.2175577,231.7805298,1.838884215,0.839209645,78073,311.6472135,0.817614714,0.977047123,0.817775388,0.73119281,0.005587467,0.000985195,0.534642925,0.983146436,CALI,2
88536,1149.007,439.7482888,261.3718939,1.682462036,0.804193887,90877,335.7492164,0.734909357,0.974239907,0.842722156,0.763503179,0.004966887,0.001041136,0.582937104,0.980769548,CALI,3
82095,1114.935,434.2286666,241.7090409,1.796493275,0.830753827,82787,323.3057383,0.68049569,0.9916412,0.829903265,0.744551807,0.005289344,0.001002677,0.554357393,0.995899329,CALI,2
82036,1144.187,415.2153227,253.1120842,1.640440535,0.792715061,83728,323.1895408,0.701888278,0.979791706,0.787445168,0.778366123,0.005061379,0.001145999,0.605853821,0.993867166,BARBUNYA,3
88625,1140.249,447.4827971,253.7914261,1.763191152,0.823612123,89422,335.9179284,0.796614892,0.991087204,0.856577598,0.750683447,0.005049171,0.00098907,0.563525637,0.993603417,CALI,3
74923,1101.567,385.5329639,248.4430483,1.551796142,0.764676336,76197,308.8606909,0.774253886,0.983280182,0.77589542,0.801126544,0.005145722,0.001307467,0.64180374,0.995948567,BARBUNYA,3
75312,1054.801,405.325841,239.7280027,1.690773863,0.806345233,77102,309.6614548,0.774416452,0.976784,0.850614887,0.763981527,0.005381956,0.001130971,0.583667773,0.986850215,CALI,3
162012,1528.138,588.9439114,353.5895882,1.665614404,0.799715569,163383,454.1806745,0.852268603,0.991608674,0.871830175,0.771178147,0.003635187,0.000793095,0.594715735,0.990567095,BOMBAY,1
39069,746.275,275.1892717,181.200761,1.518698212,0.752616891,39487,223.0340686,0.779167165,0.989414238,0.88154477,0.810475159,0.007043673,0.001874726,0.656869983,0.997587268,SIRA,0
87031,1181.88,443.3101179,252.3160751,1.756963434,0.822224154,88107,332.8833291,0.767333804,0.987787576,0.782955485,0.750903974,0.005093704,0.000998967,0.563856778,0.990675741,CALI,3
45984,790.582,293.5218655,199.762426,1.46935473,0.732682275,46363,241.9682773,0.750269212,0.991825378,0.924533743,0.824362018,0.00638313,0.001818383,0.679572736,0.998533414,SEKER,0
161579,1502.815,558.6041208,368.7910253,1.514690116,0.751088928,162975,453.5733374,0.801960492,0.991434269,0.899049777,0.811976354,0.003457158,0.000926985,0.6593056,0.998643675,BOMBAY,1
37680,733.624,274.2649468,175.4307589,1.563380039,0.768674837,38141,219.0334816,0.74389955,0.987913269,0.879779214,0.798620036,0.007278794,0.001826417,0.637793961,0.997114348,DERMASON,0
60918,939.729,347.6327034,223.8423141,1.553024971,0.765105746,61747,278.5017174,0.821661721,0.986574247,0.866862552,0.801137852,0.005706568,0.001450053,0.641821858,0.996765373,BARBUNYA,3
43114,823.478,336.2022065,165.314818,2.033708839,0.870757627,43778,234.295646,0.600481901,0.984832564,0.798958422,0.696889079,0.007797982,0.001134532,0.485654388,0.987679622,HOROZ,2
81614,1097.739,428.14004,243.8713866,1.755597678,0.821917476,82452,322.3572121,0.787901606,0.989836511,0.85109167,0.752924702,0.005245914,0.001039937,0.566895607,0.995240611,CALI,3
81010,1102.058,399.3088648,259.7565191,1.5372429,0.759493165,82215,321.1621639,0.751846902,0.985343307,0.838184438,0.804295101,0.004929131,0.001272365,0.64689061,0.994427998,BARBUNYA,3
180012,1635.838,628.6451234,365.2951232,1.720923942,0.813844155,181815,478.7466939,0.801132191,0.990083326,0.84533867,0.761553182,0.00349224,0.000724577,0.579963249,0.99807264,BOMBAY,1
92041,1193.866,440.9058834,266.8912996,1.652005457,0.795978513,93687,342.3306018,0.684065403,0.98243086,0.811484118,0.77642557,0.00479032,0.00107385,0.602836666,0.995889461,BARBUNYA,3
26443,618.475,240.3803512,140.9441706,1.705500485,0.8100664,26783,183.4891639,0.774977287,0.98730538,0.86871294,0.763328463,0.00909051,0.001903767,0.582670342,0.993744551,DERMASON,0
61883,988.708,349.854532,227.0737283,1.540708979,0.76074418,63151,280.6989183,0.680736145,0.979921141,0.795509054,0.802330376,0.005653484,0.001445136,0.643734033,0.991806804,BARBUNYA,3
71674,1019.105,372.5711325,246.1656028,1.513497939,0.7506315,72554,302.089674,0.674572475,0.987871103,0.867228699,0.810824156,0.005198135,0.001385907,0.657435812,0.995027746,BARBUNYA,3
63317,979.067,371.6758083,217.4355445,1.709360855,0.811023206,64040,283.932577,0.719184462,0.988710181,0.83005213,0.763925363,0.005870079,0.001233183,0.583581961,0.99755216,BARBUNYA,2
78417,1114.515,403.688173,248.8101911,1.62247443,0.787478179,79804,315.9804193,0.687446305,0.982619919,0.793319723,0.782733903,0.005147968,0.001191989,0.612672363,0.994045243,BARBUNYA,3
73944,1067.612,369.354891,255.9715571,1.442952862,0.720915156,75339,306.8361532,0.718796174,0.981483694,0.815240808,0.830735319,0.004995062,0.001467477,0.69012117,0.995812318,BARBUNYA,3
65911,988.981,380.1439519,221.1101103,1.719251786,0.813440331,66678,289.6903375,0.746190422,0.988496956,0.846821486,0.762054311,0.005767534,0.001199813,0.580726773,0.998415542,BARBUNYA,3
184936,1622.171,621.6169728,380.3633655,1.634271408,0.790940189,186576,485.250274,0.749362821,0.991210016,0.883157289,0.780625844,0.003361255,0.000769933,0.609376708,0.995886931,BOMBAY,1
75279,1124.613,383.1388142,251.694014,1.52224047,0.753954683,76654,309.5936041,0.789253512,0.982062254,0.747958508,0.808045524,0.005089584,0.00133846,0.65293757,0.993927993,BARBUNYA,3
170067,1545.389,549.5836288,396.7035678,1.385376068,0.692074931,171795,465.3343203,0.785383763,0.9899415,0.894858322,0.846703388,0.003231571,0.001024516,0.716906627,0.993185283,BOMBAY,1
61387,946.924,324.6244961,241.2196469,1.345763085,0.669210543,62475,279.5717366,0.767260774,0.982585034,0.86031209,0.861215774,0.005288164,0.001794455,0.741692609,0.998142534,BARBUNYA,3
75731,1094.38,415.7942564,232.7511871,1.786432377,0.828644715,76819,310.5216642,0.772072017,0.985836837,0.794597621,0.746815665,0.00549041,0.001053509,0.557733638,0.996353428,BARBUNYA,2
47122,888.678,356.2785067,169.2101943,2.105538075,0.88001927,47831,244.9440626,0.761235501,0.985176977,0.749798765,0.687507268,0.007560768,0.001041969,0.472666243,0.995216771,HOROZ,2
49753,812.08,273.5577319,231.9879368,1.179189468,0.529931999,50186,251.6892669,0.82397072,0.991372096,0.948050578,0.92005905,0.005498316,0.002430369,0.846508655,0.998194091,SEKER,0
40253,769.301,290.2107803,177.4861125,1.635118242,0.791185252,40881,226.3884083,0.730597503,0.984638341,0.854703581,0.780082697,0.007209668,0.001646864,0.608529014,0.995016892,SIRA,0
57109,967.159,396.9760311,184.1530406,2.155685455,0.885893033,58004,269.6542919,0.646022104,0.98457003,0.76721779,0.679270966,0.006951199,0.000912876,0.461409045,0.994652766,HOROZ,2
37240,742.398,280.7374947,169.3158837,1.658069454,0.797657237,37762,217.7508683,0.709738898,0.98617658,0.849074797,0.77563871,0.007538601,0.001683094,0.601615409,0.997520132,SIRA,0
254616,1985.37,738.8601535,447.4183287,1.651385529,0.795805652,263261,569.3743583,0.783747345,0.967161866,0.811731958,0.770611807,0.002901861,0.000631246,0.593842558,0.980663006,BOMBAY,1
82455,1101.381,420.8123707,252.3648052,1.667476455,0.800218454,84427,324.0138371,0.710041592,0.976642543,0.854184526,0.769972224,0.00510354,0.0011065,0.592857226,0.988575466,CALI,3
60867,964.835,380.5760323,205.4154651,1.852713631,0.841826116,61668,278.3851134,0.68117418,0.987011092,0.821647734,0.731483567,0.006252584,0.001104225,0.535068208,0.991328163,HOROZ,2
71742,1057.855,360.1150078,254.1661686,1.416848709,0.708419462,73033,302.2329423,0.730094439,0.982323059,0.805621518,0.839267833,0.005019584,0.001536207,0.704370496,0.997986428,BARBUNYA,3
81239,1076.372,415.9077566,250.409949,1.660907477,0.798435392,82256,321.615776,0.797704264,0.98763616,0.881149602,0.773286314,0.005119558,0.001129207,0.597971723,0.993175706,CALI,3
71154,1028.27,354.5973513,256.0550703,1.384847998,0.691787738,72195,300.991838,0.749739213,0.985580719,0.845658177,0.848827091,0.00498352,0.001595853,0.72050743,0.997793271,BARBUNYA,3
199788,1749.634,685.9410473,375.6152944,1.826179758,0.836745993,202653,504.3589814,0.792627094,0.985862533,0.820134052,0.735280362,0.003433345,0.000619026,0.540637211,0.98730073,BOMBAY,1
54455,942.256,391.5054793,177.9140199,2.200531917,0.890779604,55186,263.3139939,0.581715824,0.986753887,0.77074338,0.672567838,0.007189523,0.000907453,0.452347497,0.995405105,HOROZ,2
72840,1060.226,351.3973376,264.6197971,1.327932912,0.657963191,74400,304.5369738,0.757944684,0.979032258,0.814297123,0.866645649,0.004824236,0.001678706,0.751074681,0.997376789,BARBUNYA,3
71175,1023.921,376.9315917,240.6509865,1.566299798,0.769665476,72235,301.0362513,0.715686275,0.985325673,0.853108835,0.798649564,0.005295843,0.001329046,0.637841126,0.999050427,BARBUNYA,3
213307,1785.693,664.7511897,414.6074684,1.603326617,0.781661226,219982,521.1438454,0.799933247,0.969656608,0.840623215,0.783968278,0.003116406,0.000726152,0.614606261,0.985414577,BOMBAY,1
79328,1104.444,391.2536309,260.3970615,1.502527059,0.746357352,80574,317.8105514,0.812245943,0.984535955,0.817238784,0.812287801,0.0049321,0.001324498,0.659811471,0.99138459,BARBUNYA,3
63776,1014.158,362.7734171,224.6972554,1.614498657,0.785085565,64824,284.959866,0.68985062,0.983833148,0.779212479,0.785503712,0.005688243,0.001335829,0.617016082,0.996171636,BARBUNYA,3
142592,1408.745,519.7756355,351.2923849,1.479609743,0.73703563,144325,426.0912733,0.804164293,0.987992378,0.90290124,0.819759997,0.003645195,0.001015424,0.672006452,0.994307294,BOMBAY,1
141953,1402.05,524.2311633,346.3974998,1.513380332,0.750586301,143704,425.1354762,0.714710799,0.987815231,0.907459885,0.810969484,0.003692991,0.000985317,0.657671504,0.99530712,BOMBAY,1
38278,743.116,282.0458625,173.5821831,1.62485491,0.788184078,38714,220.7647238,0.732958027,0.988737924,0.871055601,0.782726334,0.007368354,0.001706043,0.612660513,0.995484443,SIRA,0
80886,1136.801,391.6544904,263.8011276,1.484658136,0.739136438,82299,320.9162723,0.71949191,0.982830897,0.786528256,0.819386169,0.004842055,0.001346369,0.671393693,0.996790109,BARBUNYA,3
45653,841.132,303.4694909,191.9320765,1.581129618,0.774593661,46601,241.0958418,0.772431179,0.979657089,0.810869331,0.794464844,0.006647307,0.001633519,0.631174389,0.99796852,BARBUNYA,3
39520,731.357,272.9724152,184.912273,1.476226595,0.735612312,39910,224.3176917,0.798093623,0.990228013,0.928470169,0.82175956,0.006907197,0.001942946,0.675288774,0.996879247,DERMASON,0
80933,1117.231,428.6117334,243.6083048,1.759429892,0.822775895,83214,321.0094953,0.767130169,0.972588747,0.814797237,0.748951721,0.005295883,0.001027859,0.56092868,0.986914687,CALI,2
171914,1595.676,598.5416463,368.3583724,1.624889486,0.788194304,174673,467.854361,0.815980331,0.984204771,0.848460607,0.781657156,0.003481634,0.00080173,0.610987909,0.99278783,BOMBAY,1
38782,725.419,269.6616825,183.6013624,1.468734649,0.732415277,39152,222.213357,0.774880617,0.990549653,0.926109232,0.824044984,0.006953269,0.001977755,0.679050136,0.997344464,DERMASON,0
59162,930.748,355.3124322,212.5713344,1.671497397,0.801297596,59888,274.458372,0.806549242,0.987877371,0.858199956,0.772442355,0.006005754,0.001318899,0.596667192,0.997327659,BARBUNYA,3
63716,979.012,373.0874676,218.6783262,1.706101716,0.810215919,64479,284.8257903,0.752255018,0.98816669,0.835376661,0.763428995,0.005855475,0.001226921,0.58282383,0.994356737,CALI,3
42823,798.461,299.2297178,183.1935584,1.633407421,0.790689691,43256,233.5036124,0.76546189,0.989989828,0.844072082,0.780349005,0.006987594,0.001598317,0.608944569,0.994654578,SIRA,0
68924,1031.296,366.9452634,239.930232,1.529383189,0.756616965,69919,296.2376789,0.7713416,0.985769247,0.81435482,0.807307543,0.005323911,0.001394976,0.651745468,0.996768563,BARBUNYA,3
204413,1780.349,712.9073514,371.3047474,1.920006023,0.853659382,208732,510.16342,0.813279808,0.979308395,0.810416148,0.715609706,0.003487583,0.000564169,0.512097251,0.983229806,BOMBAY,1
59205,970.174,386.6354197,200.2093475,1.931155686,0.855486786,60974,274.5580945,0.706385568,0.970987634,0.79044014,0.710121423,0.006530452,0.001024362,0.504272436,0.973828581,HOROZ,2
55100,948.328,300.645957,235.3802983,1.277277492,0.622128398,56772,264.8688334,0.78745784,0.970548862,0.769917721,0.880999153,0.005456369,0.002027615,0.776159507,0.991371068,BARBUNYA,3
208477,1726.086,642.6828882,416.1311172,1.544424009,0.762073452,210800,515.2098219,0.794270714,0.988980076,0.879312309,0.8016548,0.003082752,0.000785358,0.642650418,0.992524734,BOMBAY,1
178848,1643.858,650.513994,351.6060806,1.85012157,0.841340788,180604,477.1963391,0.803211986,0.99027707,0.831697417,0.733568138,0.003637245,0.000649702,0.538122213,0.995591513,BOMBAY,1
40225,758.276,269.2926818,190.5246578,1.413426928,0.706713026,40719,226.3096566,0.720335948,0.987868071,0.879126347,0.840385469,0.00669466,0.002059787,0.706247736,0.998229568,SIRA,0
68971,1088.647,370.5714742,237.6788411,1.559126898,0.767219512,70444,296.3386654,0.727427095,0.979089773,0.731311203,0.799680186,0.005372859,0.001355347,0.6394884,0.997043565,BARBUNYA,3
129807,1356.314,493.241864,336.4648369,1.465953674,0.731212456,131148,406.5407797,0.806314756,0.989774911,0.886722008,0.824221968,0.003799809,0.001081729,0.679341852,0.995883684,BOMBAY,1
62738,1066.476,358.6333165,223.2364287,1.60651789,0.782648211,64416,282.6313899,0.698509191,0.973950571,0.693167769,0.788079012,0.005716365,0.001360125,0.62106853,0.997757705,BARBUNYA,3
71717,1062.753,415.6042125,220.5620776,1.884295873,0.847558349,72675,302.180278,0.679138258,0.986818025,0.797934603,0.727086658,0.005795059,0.000999039,0.528655009,0.996142451,BARBUNYA,2
61204,953.807,376.0897293,208.6121823,1.802817674,0.832058917,61712,279.1547118,0.767150073,0.991768214,0.84541249,0.742255611,0.006144855,0.00115055,0.550943392,0.993250484,CALI,2
76545,1104.39,393.1787016,248.4580121,1.582475438,0.775032528,78024,312.1860358,0.710711036,0.981044294,0.788645374,0.79400546,0.005136569,0.001259351,0.630444671,0.997663206,BARBUNYA,3
70483,1068.725,371.4852201,242.9151071,1.529280021,0.756578843,71947,299.5692622,0.791010605,0.979651688,0.77546519,0.806409639,0.005270565,0.001374864,0.650296505,0.994485454,BARBUNYA,3
66371,1046.92,371.4274243,228.2710128,1.627133554,0.788856291,68131,290.6994699,0.715166209,0.974167413,0.760958955,0.782654836,0.005596231,0.001295259,0.612548593,0.996698369,BARBUNYA,3
41995,765.763,284.0731778,188.5919566,1.506284695,0.747834569,42477,231.2351502,0.732513518,0.988652683,0.899950646,0.813998534,0.006764452,0.001831922,0.662593613,0.998054618,DERMASON,0
66985,1009.144,340.0882559,251.1517016,1.354114879,0.674264669,68137,292.0410089,0.729763591,0.983092886,0.826572859,0.85872124,0.005077081,0.001702953,0.737402169,0.998527248,BARBUNYA,3
78894,1120.043,378.9424118,266.2015611,1.423516865,0.711698026,80427,316.9399953,0.733843063,0.980939237,0.790286289,0.836380372,0.004803184,0.001449854,0.699532127,0.99579578,BARBUNYA,3
62761,1026.847,356.449425,225.8237984,1.578440482,0.773712627,64077,282.683192,0.711575964,0.97946221,0.747976996,0.793052737,0.005679473,0.001385786,0.628932643,0.992732744,BARBUNYA,3
55805,934.264,333.9240433,213.1978428,1.566263706,0.769653272,56596,266.5579352,0.70937357,0.986023747,0.803422051,0.798259186,0.005983766,0.001498753,0.637217729,0.998051001,BARBUNYA,3
74862,1074.036,389.2828127,245.7182688,1.584264835,0.775613931,76237,308.7349329,0.755030206,0.981964138,0.815518115,0.793086473,0.005200006,0.001269012,0.628986154,0.996480645,BARBUNYA,3
58822,942.558,368.175038,206.6187731,1.781905064,0.827682177,60179,273.6685888,0.782321882,0.977450606,0.832019458,0.74331109,0.006259138,0.001178628,0.552511377,0.98452282,CALI,2
81061,1141.82,417.8295512,248.4662742,1.681634872,0.803977728,82201,321.2632421,0.749135907,0.986131556,0.781315661,0.76888588,0.005154508,0.001111257,0.591185496,0.994158146,BARBUNYA,3
61843,954.292,347.1065222,227.5669307,1.525294212,0.755098621,62526,280.6081844,0.775908361,0.989076544,0.853370935,0.80842095,0.005612705,0.001478775,0.653544432,0.99684754,BARBUNYA,3
39433,744.37,279.8295103,179.9840248,1.554746376,0.76570517,39861,224.0706473,0.693485984,0.989262688,0.894317974,0.800739876,0.007096328,0.001799614,0.641184348,0.996879042,DERMASON,0
47791,873.56,368.740375,165.7711303,2.224394407,0.893249854,48367,246.6766934,0.806122965,0.988091054,0.786992335,0.668971206,0.007715687,0.0009532,0.447522475,0.99546649,HOROZ,2
38376,720.955,240.808642,203.7592797,1.181829079,0.532951098,38872,221.047146,0.725663717,0.987240173,0.927797618,0.917936932,0.00627498,0.002748169,0.842608211,0.995818887,SEKER,0
60024,959.984,356.1646862,215.3835281,1.653630105,0.796430432,60955,276.4505931,0.717501225,0.984726438,0.818477618,0.776187544,0.005933705,0.001328533,0.602467104,0.99625774,BARBUNYA,3
64913,1040.559,343.6703558,241.0963088,1.425448434,0.712636359,66203,287.4887799,0.715326295,0.980514478,0.753369658,0.836524812,0.005294322,0.00159921,0.699773762,0.997491413,BARBUNYA,3
40358,746.391,268.0759661,192.389098,1.393405182,0.69638712,40848,226.6834832,0.799754275,0.988004309,0.910346469,0.845594204,0.006642449,0.002094865,0.715029558,0.996325891,DERMASON,0
207034,1753.619,665.63523,399.9981325,1.664095844,0.799303966,209699,513.4236807,0.826879144,0.987291308,0.846020823,0.771328886,0.003215101,0.000701993,0.594948251,0.990050912,BOMBAY,1
171896,1565.283,563.3965749,391.7292611,1.438229489,0.71872028,173913,467.8298673,0.818614752,0.988402247,0.881637182,0.830374,0.003277543,0.000961221,0.68952098,0.991689406,BOMBAY,1
73720,1050.731,397.3946579,237.5145773,1.673137971,0.801735246,74893,306.3710483,0.777071541,0.984337655,0.839096867,0.770949086,0.005390595,0.001174679,0.594362493,0.994450456,CALI,3
76697,1131.072,391.9086699,250.243969,1.566106354,0.769600053,78290,312.4958454,0.799126865,0.979652574,0.753368987,0.797369054,0.005109831,0.001274159,0.635797408,0.995726361,BARBUNYA,3
172005,1556.172,599.3133524,367.2030392,1.632103464,0.790310728,173578,467.9781703,0.737807232,0.990937792,0.892556551,0.78085724,0.003484279,0.00079906,0.609738029,0.99515555,BOMBAY,1
55721,916.614,342.8912926,207.1948899,1.654921571,0.796788539,56533,266.3572426,0.79728995,0.985636708,0.833404409,0.776797919,0.006153717,0.001382132,0.603415007,0.998604511,BARBUNYA,3
48429,858.493,324.6308613,191.9225005,1.691468486,0.80652333,49606,248.3177761,0.774727648,0.976273031,0.825737197,0.764923504,0.006703233,0.001415585,0.585107967,0.989691688,SIRA,2
63223,1029.742,345.5929335,234.523667,1.47359513,0.734496524,64555,283.7217365,0.73378598,0.979366432,0.749252344,0.820970885,0.005466253,0.001531724,0.673993194,0.993193088,BARBUNYA,3
70816,1050.302,412.3818911,219.8395331,1.875831363,0.846054153,72041,300.2760923,0.789581661,0.982995794,0.806701513,0.728150529,0.005823287,0.001009794,0.530203193,0.994571779,HOROZ,2
64517,989.617,358.2773488,230.0473935,1.557406686,0.766626717,65672,286.6105297,0.713715209,0.982412596,0.827846343,0.799968322,0.005553224,0.001402866,0.639949317,0.996661345,BARBUNYA,3
85886,1149.584,419.7902253,262.0142339,1.602165726,0.781300416,87013,330.6863341,0.784741194,0.987047912,0.81667793,0.787741863,0.004887761,0.001160982,0.620537242,0.994203501,BARBUNYA,3
82710,1143.233,409.4419119,258.2962419,1.585164031,0.775905186,83999,324.5144723,0.701383942,0.984654579,0.7952403,0.792577562,0.004950331,0.001204984,0.628179192,0.99576706,BARBUNYA,3
40009,742.191,265.1094339,192.6296891,1.376264662,0.68705604,40475,225.7012205,0.777628766,0.98848672,0.912717113,0.851351147,0.006626245,0.002147248,0.724798775,0.997514941,SEKER,0
51576,861.13,310.8525301,211.4262215,1.470264795,0.733073347,52274,256.2588589,0.783948928,0.986647282,0.874017407,0.824374371,0.006027077,0.001717056,0.679593103,0.999181814,BARBUNYA,0
175822,1591.722,606.095091,374.2659261,1.619423647,0.786568021,178759,473.1421808,0.732494001,0.983570058,0.872064569,0.78064018,0.003447208,0.00078968,0.60939909,0.986875297,BOMBAY,1
24761,576.546,210.827701,150.2609306,1.403077301,0.701449553,25024,177.5575523,0.804660081,0.98949009,0.936073859,0.842192707,0.008514507,0.002642318,0.709288556,0.995186673,DERMASON,0
201491,1671.7,610.8914983,421.5739849,1.449073046,0.723717519,203393,506.504007,0.796800791,0.990648646,0.906043046,0.829122698,0.003031855,0.000883819,0.687444448,0.99615722,BOMBAY,1
52157,869.105,335.1964284,199.415131,1.680897666,0.803784759,52763,257.6981857,0.730551587,0.988514679,0.867716729,0.768797529,0.006426682,0.001384887,0.59104964,0.993493961,SIRA,2
39814,740.266,278.4356845,182.3816646,1.526664893,0.755609291,40185,225.1505257,0.737296296,0.990767699,0.912998513,0.808626689,0.006993411,0.001844426,0.653877123,0.998251248,DERMASON,0
162019,1575.185,596.6920015,350.2521852,1.703606792,0.809594246,164165,454.1904862,0.715631625,0.986927786,0.82056441,0.761180785,0.003682852,0.000762632,0.579396188,0.987063281,BOMBAY,1
39539,740.844,277.776349,181.8119061,1.527822655,0.756039295,39964,224.3716077,0.734161468,0.989365429,0.90527809,0.807741942,0.007025376,0.00184476,0.652447046,0.996823377,DERMASON,0
156138,1492.597,544.8096146,365.6894891,1.489814804,0.74125424,157649,445.8711429,0.769956802,0.990415417,0.880710851,0.81839808,0.003489283,0.000965549,0.669775418,0.997841334,BOMBAY,1
54916,883.443,336.0471587,208.7669714,1.609675881,0.783617915,55402,264.4262144,0.766533598,0.991227754,0.884202406,0.786872341,0.006119294,0.001447099,0.619168081,0.996659926,SIRA,3
200662,1706.597,635.674095,403.7872339,1.574279823,0.772338574,202914,505.4609713,0.775011104,0.988901702,0.865790956,0.795157417,0.003167885,0.000781199,0.632275318,0.995378275,BOMBAY,1
76904,1129.184,398.3228726,246.6602823,1.614864253,0.785196175,78367,312.9172637,0.707013689,0.981331428,0.757930461,0.785586983,0.005179482,0.001216867,0.617146908,0.996608481,BARBUNYA,3
40454,763.262,284.4584292,182.0710321,1.562348639,0.76832326,40915,226.9529302,0.772937445,0.988732739,0.872617769,0.797842169,0.007031651,0.001757539,0.636552127,0.994516349,SIRA,0
74945,1082.572,388.6936409,246.4553637,1.577136058,0.773283275,76519,308.9060337,0.732571551,0.979429946,0.803598186,0.794728808,0.005186385,0.001276205,0.631593878,0.996109479,BARBUNYA,3
44567,782.358,280.7871163,202.7030257,1.385214233,0.691986964,45005,238.2109712,0.753635687,0.990267748,0.914981281,0.848368595,0.006300337,0.002013177,0.719729272,0.996979232,SIRA,0
176478,1581.113,595.8924511,379.2914862,1.5710673,0.771268473,177909,474.0240167,0.819531903,0.991956562,0.887104165,0.795485856,0.003376582,0.00083404,0.632797747,0.994167848,BOMBAY,1
100725,1223.39,484.269337,266.4382995,1.817566535,0.835042011,101676,358.1159772,0.74803939,0.99064676,0.845701864,0.739497527,0.004807837,0.000886903,0.546856593,0.993948243,CALI,2
55676,934.071,333.10278,215.6228608,1.544839813,0.762221491,57508,266.2496665,0.799356793,0.968143563,0.801896121,0.799301845,0.005982879,0.001506376,0.638883439,0.986972572,BARBUNYA,3
76932,1078.688,429.2529263,230.1362423,1.865212197,0.844134141,78422,312.9742236,0.747144744,0.98100023,0.830854913,0.72911378,0.005579641,0.000972674,0.531606904,0.991559682,CALI,2
70066,1042.494,374.2831944,239.1490372,1.565062518,0.769246514,71094,298.6817737,0.723523337,0.985540271,0.810158626,0.798010112,0.005341866,0.001336307,0.636820138,0.996663329,BARBUNYA,3
53624,933.414,383.6631398,179.5360209,2.136970274,0.883753762,54374,261.2971438,0.58677288,0.986206643,0.773428995,0.681058764,0.007154691,0.000949531,0.46384104,0.991214514,HOROZ,2
40718,779.506,293.9528633,178.49862,1.646807484,0.794521883,41399,227.6922655,0.680265972,0.983550327,0.842087804,0.774587677,0.007219236,0.001603073,0.599986069,0.98806155,SIRA,2
33794,665.826,218.999894,196.5777218,1.114062631,0.440779117,34127,207.4315723,0.77773175,0.99024233,0.957917183,0.947176588,0.006480437,0.003217421,0.897143488,0.999474035,SEKER,0
153287,1484.785,534.7542054,368.3810922,1.45163315,0.724876084,155347,441.7816996,0.789707685,0.986739364,0.873751724,0.826139739,0.003488582,0.001002404,0.682506868,0.990749595,BOMBAY,1
71051,1069.422,376.0805924,241.6869288,1.556065089,0.766162709,72335,300.7739066,0.802292231,0.982249257,0.780695778,0.799759181,0.005293108,0.001335757,0.639614748,0.99528218,BARBUNYA,3
45182,827.02,328.3212445,175.833589,1.867227111,0.844501307,45690,239.8489298,0.684264728,0.988881593,0.830124613,0.730531252,0.007266638,0.00127664,0.53367591,0.996494128,SIRA,2
81511,1102.379,426.7298799,244.238197,1.747187316,0.8200105,82369,322.1537343,0.773202428,0.98958346,0.842877037,0.754935967,0.005235243,0.001048955,0.569928314,0.99577152,CALI,3
68478,1070.054,361.963668,243.2780493,1.487859957,0.740454703,69587,295.2776618,0.686806078,0.984063115,0.751535573,0.815766023,0.005285839,0.001443963,0.665474204,0.99013242,BARBUNYA,3
159694,1511.595,569.373515,358.7925062,1.58691585,0.776470878,160650,450.9198552,0.813312962,0.994049175,0.878269032,0.791957904,0.003565403,0.000865161,0.627197321,0.99530937,BOMBAY,1
37159,705.76,257.0342734,184.7328693,1.391383539,0.695310895,37515,217.5139265,0.791223064,0.990510462,0.937475229,0.846244836,0.006917147,0.00218822,0.716130323,0.996411943,DERMASON,0
79180,1108.719,380.7458768,267.2953435,1.424438869,0.712146555,80955,317.513948,0.704479737,0.978074239,0.809435749,0.833926163,0.004808612,0.001434531,0.695432845,0.990601575,BARBUNYA,3
75067,1062.917,390.4637189,245.0921566,1.59313021,0.7784593,76108,309.1573595,0.700016785,0.986322069,0.834949517,0.791769746,0.005201536,0.001260977,0.62689933,0.998732262,BARBUNYA,3
193584,1693.359,637.0427226,390.5938548,1.630959409,0.789977336,197382,496.4663171,0.800595533,0.980758124,0.848362069,0.779329705,0.003290782,0.000748796,0.607354789,0.990571008,BOMBAY,1
58233,967.138,404.4339013,183.9239923,2.198918675,0.890609441,58693,272.2949842,0.59683916,0.992162609,0.782351885,0.67327438,0.006945098,0.000880291,0.453298391,0.996766297,HOROZ,2
179496,1606.14,594.6168788,386.020211,1.540377581,0.760625022,181511,478.0600436,0.781402638,0.988898744,0.874375223,0.803979942,0.003312703,0.000853774,0.646383747,0.995675032,BOMBAY,1
65897,983.841,351.7480768,239.8023731,1.466824837,0.731590198,66806,289.6595696,0.8185556,0.986393438,0.855511148,0.823485866,0.005337847,0.001514155,0.678128972,0.994696418,BARBUNYA,3
41974,754.72,285.4805882,187.5134589,1.522453854,0.754034897,42324,231.1773273,0.803084223,0.99173046,0.926016029,0.809783,0.006801367,0.001804058,0.655748508,0.998346843,SEKER,0
56521,936.644,346.8323709,208.2229249,1.665678124,0.799732811,57353,268.2625063,0.81489331,0.985493348,0.809600169,0.773464442,0.006136345,0.001354724,0.598247243,0.996487346,BARBUNYA,3
37876,716.116,255.1052519,189.4550716,1.346521103,0.669674731,38246,219.6024157,0.748300933,0.990325786,0.928126595,0.860830634,0.006735274,0.002281423,0.741029381,0.997811699,DERMASON,0
79639,1109.573,386.1251508,263.5681659,1.464991607,0.730794286,81007,318.4329193,0.760872473,0.983112571,0.812875252,0.824688365,0.004848443,0.00138338,0.680110899,0.996356759,BARBUNYA,3
163401,1564.022,572.7285071,367.5948999,1.558042582,0.766846133,166883,456.1234645,0.687674127,0.979135083,0.839419123,0.796404333,0.003505049,0.000869778,0.634259861,0.988203872,BOMBAY,1
66943,1039.622,339.8258945,251.6617416,1.350327993,0.671989344,68327,291.9494388,0.798518501,0.979744464,0.778330613,0.859114751,0.005076347,0.00170583,0.738078156,0.996647595,BARBUNYA,3
61247,967.954,348.5079955,224.2208282,1.554306968,0.765552394,62253,279.2527572,0.793560508,0.983840136,0.82145778,0.801280776,0.005690205,0.001446927,0.642050882,0.99794416,BARBUNYA,3
66073,1020.543,363.3158432,231.993382,1.566061239,0.769584791,67291,290.0461281,0.755992631,0.981899511,0.797207313,0.798330526,0.005498704,0.001377752,0.637331628,0.99810036,BARBUNYA,3
56270,920.481,374.09942,194.0923458,1.927430052,0.854880123,57445,267.6661898,0.766621253,0.979545652,0.834559148,0.7154948,0.006648293,0.001074771,0.511932809,0.986714681,CALI,2
65219,1011.11,353.6505457,235.3089993,1.502919764,0.746512389,66672,288.1655945,0.71943565,0.978206743,0.801654414,0.814831471,0.005422508,0.001474522,0.663950327,0.997864068,BARBUNYA,3
41330,743.053,270.3900622,194.862182,1.3875964,0.693277588,41643,229.3970148,0.736654487,0.992483731,0.940666517,0.848392921,0.006542223,0.002090707,0.719770549,0.998751022,SEKER,0
75854,1095.858,402.9619969,240.9242054,1.672567504,0.801583238,77204,310.7737319,0.812489289,0.982513859,0.793742777,0.771223426,0.005312337,0.001159274,0.594785573,0.994819022,BARBUNYA,3
77921,1121.69,403.2322686,246.4501018,1.636161907,0.791486648,79249,314.9795209,0.696127217,0.983242691,0.778249204,0.781136693,0.005174886,0.001188471,0.610174534,0.998344328,BARBUNYA,3
76480,1065.587,374.26012,263.1436235,1.422265586,0.711087464,77821,312.0534576,0.747035496,0.982768147,0.846408305,0.833787628,0.004893569,0.001458906,0.695201808,0.988761607,BARBUNYA,3
57949,929.665,317.0188129,233.2385837,1.359203987,0.677280671,58918,271.6301868,0.774646758,0.983553413,0.842563901,0.856826711,0.005470652,0.001818825,0.734152013,0.997862343,BARBUNYA,0
94073,1192.258,470.1302565,256.5516767,1.832497307,0.837978404,95211,346.088809,0.761428756,0.9880476,0.831638081,0.736155149,0.004997505,0.000905337,0.541924403,0.993075009,CALI,2
55544,924.19,357.6967019,198.2257211,1.804491868,0.832401765,56205,265.9338588,0.769137033,0.98823948,0.817192715,0.74346187,0.00643988,0.001213647,0.552735552,0.997406809,CALI,2
180089,1610.86,609.1865542,377.714964,1.61282081,0.784576773,181809,478.8490747,0.715274689,0.990539522,0.872130461,0.78604669,0.003382697,0.000796593,0.6178694,0.996512625,BOMBAY,1
53639,905.941,364.9454311,190.4602938,1.916123429,0.853014601,54561,261.333687,0.68543863,0.983101483,0.821278979,0.716089762,0.006803733,0.001103562,0.512784547,0.982558485,HOROZ,2
56305,928.99,367.6544209,197.9815949,1.857013128,0.84262605,57406,267.7494212,0.731670868,0.98082082,0.819850656,0.728263842,0.006529694,0.001132994,0.530368224,0.984900755,HOROZ,2
93156,1183.213,482.0496439,249.1389615,1.93486254,0.856086493,94313,344.3978848,0.800914781,0.987732338,0.83617048,0.714444848,0.005174649,0.00083164,0.510431442,0.987614675,CALI,2
186439,1663.337,627.8109193,382.6947468,1.640500489,0.792732192,188370,487.2181313,0.848622642,0.989748898,0.846810301,0.776058709,0.00336738,0.000753443,0.602267119,0.988019504,BOMBAY,1
62766,996.026,346.5206833,231.427946,1.497315641,0.744285257,63965,282.6944521,0.702080537,0.981255374,0.795047298,0.815808307,0.005520834,0.001508471,0.665543194,0.996528235,BARBUNYA,3
168165,1588.556,614.8503149,350.5733646,1.753842069,0.821522035,170374,462.7248946,0.813523163,0.987034407,0.837414386,0.752581374,0.003656232,0.000723481,0.566378724,0.993338833,BOMBAY,1
43917,758.75,253.6714269,220.7663022,1.14904958,0.492549438,44382,236.4674631,0.763521619,0.98952278,0.958616989,0.932180127,0.005776156,0.002690407,0.86895979,0.998477882,SEKER,0
190062,1654.448,631.5148944,384.6502895,1.641789728,0.793100038,191654,491.9293185,0.763718336,0.991693364,0.872567264,0.778967088,0.003322678,0.000754648,0.606789725,0.996221137,BOMBAY,1
43122,838.186,296.4045889,185.6575998,1.596512016,0.779529536,44074,234.3173823,0.731985538,0.978399964,0.77130821,0.790532235,0.006873628,0.001655938,0.624941215,0.997726159,BARBUNYA,3
73191,1073.038,385.0103595,242.2625761,1.589227547,0.777213877,74320,305.2698405,0.693096591,0.984808934,0.798798684,0.792887342,0.005260351,0.00128245,0.628670337,0.999100217,BARBUNYA,3
169095,1529.214,547.6732621,394.2119678,1.389286239,0.69418765,171300,464.0026302,0.78006643,0.987127846,0.908665626,0.847225275,0.00323885,0.001029357,0.717790667,0.997216696,BOMBAY,1
160250,1511.116,552.8430862,369.9830545,1.494238937,0.743049005,161847,451.7041477,0.819035353,0.990132656,0.881885687,0.8170567,0.003449879,0.000948402,0.667581651,0.997526497,BOMBAY,1
48915,894.486,310.0875693,201.7558508,1.53694462,0.759385013,50027,249.5606386,0.708656284,0.977772003,0.768253994,0.804806975,0.006339315,0.001640548,0.647714267,0.995500957,BARBUNYA,3
156182,1527.693,552.8045062,360.9709715,1.531437567,0.757374083,157988,445.9339621,0.793829576,0.988568752,0.840947079,0.8066757,0.003539489,0.00092452,0.650725685,0.99654576,BOMBAY,1
50643,908.066,385.0921329,168.1999762,2.289489818,0.899569072,51253,253.9304438,0.703814884,0.988098258,0.771781668,0.659401795,0.007604055,0.0008868,0.434810728,0.995494733,HOROZ,2
55538,943.742,392.6406394,181.8489754,2.159157831,0.886283285,56182,265.919495,0.810099625,0.988537254,0.783598388,0.677259225,0.007069766,0.000917497,0.458680058,0.990362638,HOROZ,2
153261,1457.451,542.0882389,362.1338272,1.496927926,0.744130002,154519,441.7442313,0.836477061,0.991858606,0.906679077,0.81489359,0.003537027,0.000962103,0.664051564,0.99403733,BOMBAY,1
79031,1088.647,439.2246402,232.9526203,1.885467696,0.847764786,80928,317.2150603,0.708721931,0.976559411,0.837979088,0.722215994,0.005557625,0.00093269,0.521595943,0.9834523,CALI,2
37131,712.145,264.3183472,179.6517455,1.471281821,0.733509279,37483,217.4319607,0.800685729,0.990609076,0.920046232,0.822613954,0.007118536,0.002010734,0.676693717,0.995607164,DERMASON,0
63048,967.121,358.5487664,224.3681398,1.59803779,0.780009695,63896,283.3287963,0.751752754,0.986728434,0.847070488,0.790209932,0.005686917,0.001367813,0.624431737,0.997865512,BARBUNYA,3
81584,1103.915,381.6111683,274.4421379,1.390497725,0.694837323,82696,322.29796,0.763837915,0.986553159,0.84128586,0.844571613,0.004677525,0.001468053,0.71330121,0.991843709,BARBUNYA,3
65330,974.886,344.9799398,242.1259681,1.424795294,0.712319636,66249,288.4107131,0.76049124,0.986128092,0.863803292,0.836021692,0.005280575,0.001591223,0.69893227,0.995835409,BARBUNYA,3
163117,1524.028,560.180104,371.8570345,1.506439443,0.747895106,165192,455.7269082,0.731154889,0.987438859,0.882517238,0.813536405,0.003434223,0.000927932,0.661841483,0.997024115,BOMBAY,1
43417,807.149,316.3177359,175.9285942,1.797989334,0.83106398,43992,235.1175053,0.795255976,0.986929442,0.837456484,0.74329536,0.007285573,0.001371795,0.552487992,0.993367516,SIRA,2
62701,951.734,354.8882989,226.0346213,1.570061688,0.770931844,63308,282.5480361,0.705361562,0.990411954,0.869867615,0.796160473,0.00566001,0.001402812,0.633871499,0.995217356,BARBUNYA,3
171620,1583.298,566.1217778,389.903898,1.451952085,0.725019858,174696,467.4541375,0.790263759,0.98239227,0.860304977,0.825713046,0.003298693,0.000945885,0.681802034,0.989943885,BOMBAY,1
66370,1004.139,339.2870724,249.8830846,1.357783273,0.676443462,67637,290.69728,0.720535869,0.981267649,0.827168546,0.856788553,0.005112055,0.001699299,0.734086625,0.996730541,BARBUNYA,3
73064,1093.025,382.3034483,243.989139,1.566887157,0.769863938,74538,305.0048755,0.723334323,0.980224852,0.768516361,0.79780833,0.005232446,0.001307612,0.636498131,0.997320747,BARBUNYA,3
137358,1364.645,507.9858904,345.2228517,1.471472378,0.733590829,138093,418.1980839,0.798073348,0.9946775,0.926881995,0.82324744,0.003698262,0.00104785,0.677736348,0.997270315,BOMBAY,1
81718,1091.632,413.18233,254.2352558,1.625196823,0.788285161,82978,322.5625352,0.724778047,0.984815252,0.861737668,0.780678436,0.005056197,0.001158491,0.609458821,0.990490539,CALI,3
91565,1153.995,453.3610781,259.4846038,1.747159837,0.820004217,92497,341.4442545,0.785291595,0.989923998,0.864035347,0.753139762,0.004951249,0.000982645,0.567219501,0.991023131,CALI,3
51735,915.72,377.8562181,175.4282945,2.153906923,0.88569235,52307,256.6535561,0.621068427,0.989064561,0.775298455,0.679236026,0.007303686,0.000958969,0.461361579,0.9937299,HOROZ,2
74172,1096.388,400.5306373,236.3164665,1.694890936,0.807397059,75432,307.3088406,0.78430792,0.983296214,0.775391983,0.767254267,0.005400025,0.001154337,0.588679111,0.997746889,BARBUNYA,3
73021,1081.342,378.7105394,246.2334718,1.538014051,0.759772407,74208,304.9151108,0.709348073,0.98400442,0.784750312,0.805140283,0.005186324,0.001344391,0.648250875,0.997018954,BARBUNYA,3
44353,758.998,256.4685192,220.3236834,1.164053338,0.51186288,44767,237.6383671,0.774454339,0.990752117,0.967501399,0.92657909,0.005782439,0.002629183,0.85854881,0.999396608,SEKER,0
184259,1644.594,628.1734098,377.5461788,1.663831989,0.799232312,186648,484.3612756,0.815168246,0.987200506,0.856093443,0.771063003,0.003409187,0.000743344,0.594538154,0.9892116,BOMBAY,1
97060,1246.469,407.9240222,303.8983052,1.342304367,0.667078404,98830,351.5403678,0.759943627,0.982090458,0.785031687,0.861779029,0.004202803,0.001429889,0.742663095,0.996879916,BARBUNYA,3
114004,1279.356,451.3612558,323.7479961,1.394174671,0.696795094,115298,380.9913399,0.748986604,0.988776909,0.875280258,0.844094027,0.00395917,0.001239788,0.712494726,0.9933421,BOMBAY,3
59829,976.903,359.8403737,213.0306154,1.689148637,0.805927523,60870,276.0011752,0.674479167,0.982897979,0.787804979,0.767010028,0.006014481,0.00128405,0.588304383,0.993733548,BARBUNYA,2
85561,1167.001,410.0627937,266.3503482,1.539561696,0.760331253,86847,330.0600683,0.734051132,0.98519235,0.789483867,0.804901282,0.004792637,0.001240866,0.647866074,0.997429791,BARBUNYA,3
42012,809.77,266.7003964,202.3810876,1.317812843,0.651285139,43087,231.2819486,0.770975556,0.975050479,0.80511859,0.867197618,0.006348196,0.002214636,0.752031709,0.991037045,BARBUNYA,0
163558,1524.86,574.7716573,363.9564508,1.579231955,0.773972506,164798,456.3425396,0.799528763,0.992475637,0.88393781,0.793954493,0.003514176,0.000861362,0.630363737,0.995490556,BOMBAY,1
88858,1162.919,453.4168019,252.5221424,1.79555265,0.830558366,90020,336.359212,0.714510863,0.987091757,0.825671826,0.741832262,0.005102712,0.000953243,0.550315106,0.988119746,CALI,2
82032,1144.548,420.1297867,249.0704568,1.686790927,0.805319017,83528,323.1816615,0.755776672,0.982089838,0.786910142,0.769242438,0.005121535,0.001106198,0.591733929,0.998131422,BARBUNYA,3
92169,1153.456,398.911407,295.7132143,1.34898066,0.671173309,93378,342.5685561,0.78178888,0.987052625,0.870547905,0.858758486,0.004328043,0.001451963,0.737466138,0.994827557,BARBUNYA,3
90605,1257.955,448.3872967,261.2696053,1.716186221,0.812696409,93234,339.6496267,0.736769776,0.971802132,0.719501688,0.757491636,0.004948814,0.001005061,0.573793578,0.984736632,BARBUNYA,3
41613,780.132,302.5515537,175.5535113,1.723414995,0.814443193,42029,230.181053,0.809890816,0.990102072,0.859216692,0.760799441,0.007270602,0.001502557,0.57881579,0.997539811,SIRA,0
152884,1469.576,523.1943401,374.4005792,1.397418618,0.698504995,154335,441.2005831,0.776127889,0.990598374,0.889585713,0.843282408,0.003422165,0.001067512,0.71112522,0.993739623,BOMBAY,1
74077,1088.087,383.2534395,246.6858243,1.553609498,0.765309565,75268,307.1119759,0.749706501,0.984176542,0.786259683,0.801328688,0.005173717,0.001315907,0.642127667,0.997615641,BARBUNYA,3
66291,1048.41,371.479241,227.6488927,1.63180781,0.790224651,67835,290.5242204,0.766547179,0.977238888,0.757882929,0.782073904,0.005603766,0.001293156,0.611639592,0.998078263,BARBUNYA,3
181020,1593.456,594.8962104,388.8031964,1.530070267,0.756870603,182766,480.0852241,0.784145549,0.990446801,0.895893267,0.807006694,0.003286356,0.000859811,0.651259804,0.996473263,BOMBAY,1
183422,1639.468,621.549178,380.415314,1.633870023,0.790823874,186364,483.2599133,0.789931094,0.984213689,0.857542001,0.777508732,0.003388629,0.00076388,0.604519828,0.987706826,BOMBAY,1
65088,1011.127,369.3171616,225.3597593,1.638789297,0.792242349,66543,287.8760419,0.698069498,0.978134439,0.800017295,0.779481898,0.005674121,0.001292119,0.607592029,0.995715314,BARBUNYA,3
62417,971.942,325.2218476,245.4771635,1.324855815,0.655956014,63584,281.9074186,0.737528063,0.981646326,0.830294299,0.866815746,0.005210469,0.001814528,0.751369538,0.995456302,BARBUNYA,3
87614,1129.358,427.2790652,263.0184459,1.624521291,0.788085373,88630,333.9964213,0.71870719,0.988536613,0.863217244,0.781682157,0.004876835,0.001123152,0.611026995,0.992626362,CALI,3
35351,697.598,246.2981369,183.073923,1.345348004,0.668955891,35802,212.1562894,0.772598129,0.987402938,0.912853561,0.861380001,0.006967218,0.00236602,0.741975507,0.998215267,DERMASON,0
44704,770.546,283.7721789,200.7846995,1.413315754,0.706657306,45040,238.5768233,0.731138479,0.992539964,0.94614807,0.840733662,0.006347803,0.001956307,0.706833091,0.998978343,SEKER,0
44356,813.005,321.6274764,176.3942958,1.823343974,0.836188029,44858,237.6464038,0.650934813,0.988809131,0.843287778,0.738887133,0.007251048,0.001333193,0.545954195,0.995462291,SIRA,2
84791,1111.688,440.9227214,246.9561704,1.785429053,0.828432129,85718,328.571536,0.685745018,0.989185469,0.862171744,0.745190756,0.005200112,0.00098915,0.555309262,0.99146529,CALI,2
76848,1094.611,368.2968728,266.4882629,1.382037876,0.690251878,78146,312.8033129,0.790048319,0.983390065,0.805977313,0.849323836,0.004792537,0.001538291,0.721350979,0.996934374,BARBUNYA,3
36190,699.611,249.2849209,185.1673625,1.346268141,0.669519948,36545,214.6591231,0.755847953,0.990285949,0.929148625,0.861099509,0.006888227,0.002336149,0.741492365,0.998247548,DERMASON,0
171217,1599.366,602.4211213,362.6898829,1.660981322,0.798455576,173525,466.9049744,0.786445271,0.986699323,0.841125944,0.775047484,0.003518466,0.000783152,0.600698603,0.997749159,BOMBAY,1
150738,1465.681,532.787063,361.850791,1.472394358,0.73398482,152131,438.0931208,0.729789397,0.990843418,0.881766706,0.822266814,0.003534524,0.000996694,0.676122713,0.995519268,BOMBAY,1
96220,1184.057,467.1455145,264.2926467,1.767531259,0.824569374,97317,350.0158696,0.788081314,0.98872756,0.862442197,0.749265183,0.004854973,0.000943863,0.561398315,0.992289071,CALI,3
60045,956.542,356.4396421,216.6974691,1.644872197,0.793975337,61058,276.4989484,0.807164942,0.983409217,0.824667018,0.775724459,0.005936209,0.001325925,0.601748436,0.989799271,BARBUNYA,3
59413,920.796,348.2599063,218.4122537,1.594507178,0.778896067,60023,275.0399627,0.713763981,0.989837229,0.880571242,0.789754886,0.005861679,0.001406601,0.62371278,0.994514505,CALI,3
70124,1011.921,386.9887045,233.2943097,1.658800444,0.797858121,71640,298.8053712,0.788618983,0.978838638,0.860564304,0.772129439,0.005518634,0.001209962,0.59618387,0.988950068,CALI,3
44979,827.587,316.0904801,181.9461309,1.737275085,0.817721487,45655,239.3095098,0.707784544,0.985193298,0.825262934,0.757091798,0.007027512,0.001424215,0.57318799,0.995785215,SIRA,2
226806,1812.548,679.9753874,428.6803406,1.586206138,0.776241976,229994,537.381027,0.768229731,0.986138769,0.867531735,0.790294821,0.002998048,0.000721398,0.624565904,0.99069027,BOMBAY,1
38637,771.623,315.0881849,156.7460168,2.010183043,0.867482824,39096,221.797557,0.605216165,0.988259669,0.815460508,0.703922164,0.008155089,0.001235114,0.495506413,0.996058589,HOROZ,2
184827,1607.292,599.8428246,393.4595067,1.52453509,0.754815056,186978,485.1072514,0.791838571,0.988495973,0.899053865,0.808723938,0.003245429,0.000856353,0.654034408,0.997098405,BOMBAY,1
150467,1474.074,525.8869356,366.7114136,1.434062088,0.716760063,152958,437.6991371,0.787200092,0.983714484,0.870186926,0.832306542,0.003495032,0.00103458,0.692734181,0.993423826,BOMBAY,1
67554,1031.662,363.8119865,236.7499879,1.536692735,0.759293624,68694,293.2787483,0.730716395,0.983404664,0.79760169,0.806127228,0.005385499,0.001402878,0.649841108,0.99860611,BARBUNYA,3
61959,933.915,338.5276256,234.3842985,1.444327234,0.721548519,62621,280.871232,0.822304507,0.989428466,0.892687723,0.82968482,0.005463736,0.001597063,0.6883769,0.994241504,BARBUNYA,3
43282,822.236,311.418956,177.8458297,1.751061335,0.820892864,44083,234.7516858,0.663936187,0.98182973,0.804496594,0.753813091,0.007195115,0.001433086,0.568234176,0.995012895,SIRA,2
60673,957.312,328.3949053,235.9652894,1.391708527,0.695484332,61537,277.9411141,0.763163191,0.985959667,0.83195211,0.846362442,0.005412538,0.001713193,0.716329384,0.996921711,BARBUNYA,3
77524,1106.223,385.9260831,257.2722532,1.500068811,0.745383344,78905,314.176101,0.790738474,0.982497941,0.796087252,0.814083615,0.00497815,0.001348726,0.662732133,0.994143803,BARBUNYA,3
72063,1078.081,369.1103124,250.0378175,1.476217942,0.735608655,73332,302.9083381,0.735967564,0.98269514,0.779147027,0.820644474,0.00512205,0.001432992,0.673457352,0.994169827,BARBUNYA,3
82109,1153.754,390.6378815,269.3704772,1.450188178,0.724223149,83618,323.3333045,0.717911727,0.981953646,0.775129361,0.827705965,0.004757553,0.001377424,0.685097164,0.993519807,BARBUNYA,3
72133,1066.766,392.2252141,235.7043101,1.664056181,0.799293197,73453,303.0554208,0.705029713,0.982029325,0.796536219,0.772656652,0.005437528,0.001195439,0.596998302,0.993438715,BARBUNYA,3
76814,1136.843,413.8137885,236.6652789,1.748519219,0.820314629,78152,312.7341081,0.670384528,0.982879517,0.746877302,0.755736316,0.005387218,0.001083991,0.57113738,0.998644685,BARBUNYA,2
41169,742.126,270.2141119,194.1998311,1.391423002,0.695331964,41553,228.9497736,0.758875576,0.99075879,0.93934448,0.847290217,0.006563534,0.002086634,0.717900712,0.998903564,SEKER,0
66795,1062.267,433.5484826,196.7394693,2.20366805,0.891109239,67831,291.6265341,0.595034475,0.984726747,0.743851834,0.67265034,0.006490733,0.000819655,0.452458479,0.997068295,HOROZ,2
31160,660.769,234.7610566,170.7157475,1.375157594,0.68643689,31588,199.1836946,0.808678501,0.986450551,0.896825593,0.84845288,0.007534052,0.002408348,0.71987229,0.989937847,DERMASON,0
170598,1620.307,614.4028157,357.4440405,1.718878331,0.813349954,172462,466.0602105,0.685226095,0.989191822,0.816562033,0.758558064,0.003601466,0.000735554,0.575410337,0.989060359,BOMBAY,1
20548,524.736,183.9652515,142.6723878,1.289424354,0.631298586,20825,161.7483421,0.759686483,0.986698679,0.937772948,0.87923312,0.008952952,0.003300366,0.77305088,0.996790631,DERMASON,0
70466,1051.738,379.72712,238.2954751,1.593513766,0.778581101,71737,299.533133,0.779836211,0.982282504,0.800523992,0.788811537,0.005388799,0.001286959,0.62222364,0.991521936,BARBUNYA,3
39435,735.516,275.860289,182.3901964,1.512473227,0.750237238,39841,224.0763295,0.770877316,0.989809493,0.916025282,0.812281936,0.006995316,0.001878513,0.659801943,0.997932774,SIRA,0
38709,747.193,278.3041772,177.9968145,1.563534594,0.768727447,39155,222.0041205,0.72065011,0.988609373,0.871276954,0.797703156,0.00718965,0.001795779,0.636330325,0.994924477,SIRA,0
72379,1060.571,348.1291279,266.7534764,1.305059385,0.64254416,73840,303.5717461,0.806361408,0.980213976,0.808617148,0.872009038,0.004809808,0.001715503,0.760399763,0.992366847,BARBUNYA,3
216075,1767.457,684.2747669,404.0402969,1.693580497,0.80706325,217769,524.5142845,0.811933535,0.992221115,0.869193905,0.766525831,0.003166839,0.000674393,0.58756185,0.99508329,BOMBAY,1
60880,970.236,354.037596,219.7636533,1.610992494,0.784020164,61670,278.4148406,0.688423005,0.987189882,0.812699024,0.786399083,0.005815335,0.001371913,0.618423517,0.996275644,BARBUNYA,3
81411,1150.387,397.071487,262.3872615,1.513303217,0.750556657,82770,321.95606,0.725840533,0.983581008,0.77304544,0.810826439,0.004877369,0.0013004,0.657439515,0.994905333,BARBUNYA,3
76856,1086.973,423.9872827,235.6774208,1.799015286,0.83127616,78926,312.8195941,0.75101626,0.973772901,0.817429165,0.737804191,0.005516645,0.001008369,0.544355024,0.97930301,CALI,2
61076,957.031,333.4937704,234.1825072,1.424076351,0.711970338,61989,278.8626516,0.744103314,0.98527158,0.837969939,0.836185489,0.005460308,0.001646673,0.699206172,0.995722975,BARBUNYA,3
67666,1005.38,345.8977452,250.2063846,1.382449716,0.690477767,68744,293.5217659,0.731935791,0.984318631,0.841239943,0.848579587,0.00511184,0.001635036,0.720087316,0.995484505,BARBUNYA,3
38760,753.761,276.7611091,178.6877616,1.548853187,0.763642783,39356,222.1503202,0.711297071,0.984856185,0.857287135,0.802678963,0.007140379,0.001828389,0.644293518,0.997916069,DERMASON,0
48099,857.135,332.6926613,185.4098015,1.794363937,0.830310847,48867,247.4702989,0.726735665,0.984283873,0.822711282,0.74384057,0.006916831,0.00130619,0.553298794,0.992819403,SIRA,2
155917,1507.244,553.8696768,361.7394028,1.531128963,0.757260593,158297,445.5554849,0.7876585,0.984964971,0.862454528,0.804441015,0.003552337,0.000917637,0.647125346,0.99083236,BOMBAY,1
71556,1076.261,404.6052268,226.1113332,1.789407108,0.829272588,72868,301.8408999,0.713092699,0.98199484,0.776284139,0.746013348,0.005654386,0.001080318,0.556535915,0.995869323,BARBUNYA,2
87927,1120.716,434.4041444,259.1450371,1.676297371,0.802573784,88711,334.5924886,0.805044864,0.991162314,0.87971293,0.770233187,0.004940509,0.001072606,0.593259163,0.994478775,CALI,3
70136,1018.018,368.7215363,242.8384351,1.518382114,0.75249694,71134,298.8309367,0.727582057,0.985970141,0.850432686,0.810451539,0.005257236,0.001399089,0.656831697,0.997321501,BARBUNYA,3
64592,1000.066,344.3690357,239.3742573,1.438621845,0.718903682,65657,286.7770714,0.786020249,0.983779338,0.811579879,0.83276091,0.00533145,0.001581636,0.693490733,0.997670917,BARBUNYA,3
38496,725.915,272.3135632,180.6284812,1.507589287,0.748344177,38911,221.3924784,0.792539065,0.989334635,0.918023775,0.813005698,0.007073815,0.001906373,0.660978265,0.996483751,DERMASON,0
56546,951.015,315.4936373,229.1241617,1.376954901,0.687441033,57830,268.3218278,0.768225416,0.977796991,0.785664299,0.850482533,0.005579416,0.001800653,0.723320539,0.995979761,BARBUNYA,3
72788,1060.865,393.2773329,236.8774717,1.660256377,0.798257287,73784,304.428251,0.69625605,0.986501138,0.812735832,0.774080338,0.005403052,0.001196639,0.59920037,0.994826236,BARBUNYA,3
59100,1057.719,351.9312622,215.1271842,1.635921855,0.791417386,60703,274.3145222,0.778707425,0.973592738,0.663829783,0.77945483,0.005954844,0.001355857,0.607549832,0.993904049,BARBUNYA,3
38555,727.766,261.7851275,187.8709619,1.393430496,0.696400556,38992,221.5620695,0.772846633,0.988792573,0.91475975,0.846350866,0.006789914,0.002149046,0.716309789,0.998127905,SIRA,0
35145,681.083,243.7645848,183.7065283,1.32692391,0.657307236,35444,211.5372397,0.782809159,0.991564158,0.952079756,0.867793162,0.006935968,0.00242634,0.753064972,0.999259916,SEKER,0
61846,1001.069,345.7341462,228.9225198,1.510267083,0.749384982,63198,280.6149905,0.772804518,0.978606918,0.775520807,0.811649626,0.005590243,0.001496528,0.658775116,0.994926372,BARBUNYA,3
74486,1133.189,356.8890706,267.7683827,1.332827525,0.661114953,76411,307.9586348,0.773575108,0.974807292,0.728919916,0.862897354,0.004791358,0.001638607,0.744591844,0.992412504,BARBUNYA,3
180547,1649.901,658.5985792,351.8995746,1.871552644,0.845284988,182425,479.4575895,0.834413244,0.989705358,0.833459246,0.727996696,0.003647796,0.000632016,0.529979189,0.991883952,BOMBAY,1
67215,1017.512,369.9794541,231.738707,1.596537147,0.779537458,68160,292.541956,0.704080029,0.986135563,0.815824958,0.790697842,0.005504418,0.001327191,0.625203077,0.998159938,BARBUNYA,3
41315,758.92,287.4382677,183.4475805,1.566868677,0.769857698,41704,229.3553832,0.791930228,0.990672358,0.901416753,0.797929187,0.006957238,0.001739699,0.636690987,0.997611164,SIRA,0
68133,1001.023,356.1784502,244.3591834,1.457602065,0.727546565,69129,294.5329012,0.704894627,0.985592154,0.85443546,0.826925102,0.005227694,0.001507838,0.683805124,0.996715761,BARBUNYA,3
69525,1014.682,347.6635953,255.7337162,1.359475006,0.677439963,70517,297.5264347,0.749886748,0.98593247,0.848576399,0.855788293,0.005000555,0.001654487,0.732373602,0.995643607,BARBUNYA,3
40855,761.642,282.6441242,184.5313092,1.531686549,0.757465584,41351,228.0749912,0.761453014,0.988005127,0.885020457,0.806933425,0.006918226,0.001809361,0.651141552,0.997344757,SIRA,0
75149,1140.415,380.6775231,253.4433108,1.502022373,0.746157879,76757,309.3261685,0.712447857,0.979050771,0.726118042,0.812567461,0.005065637,0.001362233,0.660265879,0.991734123,BARBUNYA,3
90639,1168.399,405.8089767,286.5421369,1.416227928,0.708111103,92250,339.7133484,0.7805901,0.982536585,0.834339138,0.837126254,0.004477201,0.001356282,0.700780365,0.992464724,BARBUNYA,3
69598,1026.093,337.904661,264.6108926,1.276986966,0.621904178,70707,297.6825924,0.782729962,0.984315556,0.83067889,0.880966221,0.004855092,0.001803907,0.776101483,0.991071479,BARBUNYA,3
38509,733.994,272.1738968,180.7717392,1.505621941,0.74757504,38979,221.4298571,0.763295078,0.987942225,0.898229027,0.813560226,0.0070678,0.001909954,0.661880242,0.996541415,SIRA,0
64871,959.372,357.7626293,231.1965823,1.547439092,0.76314356,65510,287.3957594,0.769342979,0.990245764,0.885699457,0.803314085,0.005514986,0.00141666,0.64531352,0.998583367,BARBUNYA,3
71598,1066.952,400.0596424,228.747662,1.748912487,0.820404274,72858,301.9294701,0.664038879,0.982706086,0.790352791,0.754711143,0.005587581,0.001118218,0.56958891,0.996161157,BARBUNYA,2
70249,1056.843,378.126483,237.3059218,1.593413599,0.778549302,71505,299.0715713,0.706233035,0.982434795,0.790367475,0.790929979,0.00538266,0.001299358,0.625570232,0.996792115,BARBUNYA,3
54646,906.199,364.4915248,191.2253057,1.906084152,0.85132677,55258,263.7753744,0.664591061,0.988924681,0.836221029,0.723680405,0.006670049,0.001128486,0.523713329,0.998241677,SIRA,2
55608,918.716,348.4501558,205.4062325,1.696395243,0.807779129,56288,266.0870245,0.759495746,0.987919272,0.827912767,0.763630092,0.006266188,0.001314363,0.583130917,0.989220515,CALI,2
62547,971.506,390.4499919,204.7949885,1.906540755,0.851404187,63159,282.2008395,0.76631953,0.99031017,0.832770579,0.72275796,0.006242506,0.001050776,0.522379068,0.995936983,HOROZ,2
64580,1036.017,356.7809995,230.7238485,1.546355098,0.762759725,65911,286.7504312,0.717603396,0.979806102,0.756091126,0.803715533,0.005524636,0.001421978,0.645958658,0.998881464,BARBUNYA,3
67659,1058.219,370.583891,233.3440463,1.58814376,0.776866031,69000,293.5065832,0.661514094,0.980565217,0.759249175,0.792011176,0.00547723,0.001329431,0.627281702,0.996213521,BARBUNYA,3
43752,769.631,276.4439767,202.4861281,1.365248964,0.680802389,44197,236.0228306,0.767848368,0.989931443,0.928202363,0.85378178,0.006318431,0.002070983,0.728943329,0.995189124,SIRA,0
71475,1051.294,378.2845234,241.7950749,1.564483989,0.769050196,72499,301.6700125,0.783167514,0.985875667,0.812672673,0.797468556,0.005292543,0.001320378,0.635956097,0.994943132,BARBUNYA,3
91671,1251.82,446.6364958,262.1577749,1.703693496,0.809615905,93273,341.6418334,0.685534168,0.982824612,0.7351197,0.764921444,0.004872168,0.001028891,0.585104816,0.996839268,BARBUNYA,3
79992,1119.069,402.4864413,253.8281261,1.585665259,0.776067275,81244,319.1378662,0.715108171,0.984589631,0.802680456,0.792915819,0.005031584,0.001226854,0.628715496,0.99693232,BARBUNYA,3
164698,1546.544,569.9455173,369.0319236,1.544434183,0.762077076,166443,457.9301328,0.813894188,0.98951593,0.865313797,0.803462996,0.003460549,0.000889587,0.645552786,0.997013789,BOMBAY,1
47482,877.165,369.2996106,165.1113681,2.236669799,0.894487347,48071,245.8779373,0.830308117,0.98774729,0.775490137,0.665795279,0.007777676,0.000942741,0.443283354,0.99147849,HOROZ,2
32851,665.889,231.3076094,181.9489977,1.271277184,0.617449511,33289,204.5169731,0.782166667,0.986842501,0.931010924,0.884177454,0.007041113,0.002654476,0.78176977,0.993846071,DERMASON,0
62608,1002.965,365.9264015,218.6033593,1.673928537,0.801945599,64037,282.3384165,0.691694103,0.977684776,0.78211054,0.771571593,0.005844723,0.001277758,0.595322723,0.996527695,BARBUNYA,3
71643,1058.745,384.2721027,237.9093725,1.615203717,0.785298798,72779,302.0243379,0.725969236,0.984391102,0.803157802,0.785964778,0.005363708,0.001262575,0.617740632,0.997776966,BARBUNYA,3
38013,727.328,270.498208,179.1231519,1.510124208,0.749329626,38401,219.9992155,0.778843199,0.989896096,0.902986787,0.813311175,0.007115939,0.001920609,0.661475068,0.998909513,SIRA,0
66700,1020.511,356.9693595,238.9235236,1.494073728,0.742982347,67735,291.4190756,0.795012992,0.984719864,0.804822886,0.816369999,0.005351864,0.001466334,0.666459975,0.995740339,BARBUNYA,3
50798,900.901,308.3940575,210.467044,1.465284311,0.730921624,52164,254.3187417,0.738622154,0.973813358,0.786506543,0.824655131,0.006070988,0.001731923,0.680056084,0.996475511,BARBUNYA,3
72059,1082.571,366.4219104,251.0428058,1.459599327,0.728430665,73183,302.8999313,0.735746375,0.984641242,0.772654462,0.82664252,0.005085026,0.001464684,0.683337855,0.997399474,BARBUNYA,3
67801,1015.657,355.0918227,243.8804044,1.456008011,0.726837559,68991,293.8144217,0.781567723,0.982751373,0.825946337,0.827432238,0.005237265,0.001514308,0.684644109,0.996847308,BARBUNYA,3
73393,1088.136,389.2834068,241.2232099,1.613789183,0.784870658,75049,305.6908077,0.68918792,0.977934416,0.778929491,0.785265445,0.005304094,0.001244105,0.616641819,0.995129897,BARBUNYA,3
46808,866.842,362.2608792,165.6850672,2.186442541,0.889279605,47280,244.1265996,0.641433935,0.99001692,0.782798632,0.67389722,0.007739294,0.000984591,0.454137464,0.99294547,HOROZ,2
133760,1369.738,481.2607823,354.6256634,1.357095191,0.676036664,135151,412.6845302,0.744567154,0.989707808,0.895903257,0.857507084,0.003597942,0.00120001,0.7353184,0.997897064,BOMBAY,1
70082,1020.397,374.3931053,238.7871311,1.567894817,0.770203776,71054,298.7158747,0.794526449,0.986320263,0.845820107,0.797866922,0.005342215,0.001335436,0.636591626,0.998108711,BARBUNYA,3
49605,922.897,377.1350828,169.7528902,2.221671056,0.892972291,50498,251.3146387,0.577816864,0.982316131,0.731861412,0.666378309,0.007602763,0.000924772,0.444060051,0.986555361,HOROZ,2
61142,1024.175,361.2581014,216.1530585,1.671306915,0.801246683,62247,279.0132833,0.772970923,0.98224814,0.732489095,0.772337789,0.00590851,0.001296841,0.59650566,0.996944035,BARBUNYA,3
66547,1044.703,366.5646538,233.6356676,1.568958445,0.770561618,68580,291.0846475,0.749538205,0.970355789,0.76621855,0.794088149,0.005508357,0.001351066,0.630575989,0.989347523,BARBUNYA,3
39407,778.877,309.9389373,164.1539185,1.888099536,0.848226848,40004,223.996765,0.732363217,0.985076492,0.816291885,0.722712567,0.007865073,0.001323564,0.522313455,0.986179791,HOROZ,2
75409,1085.018,386.6434521,249.8017629,1.547801135,0.763271535,76423,309.8608088,0.823143509,0.986731743,0.804931938,0.801412276,0.005127285,0.001304642,0.642261636,0.994093289,BARBUNYA,3
39401,744.254,284.6191816,176.9496459,1.608475565,0.783250156,39849,223.9797118,0.698772745,0.98875756,0.893870806,0.786945246,0.007223654,0.001708893,0.61928282,0.996101283,DERMASON,0
164670,1590.236,632.8435071,337.2340882,1.876570398,0.846186403,167485,457.8912052,0.824574493,0.983192525,0.818278589,0.723545711,0.003843101,0.000649719,0.523518396,0.982419124,BOMBAY,1
75230,1074.138,403.3891291,238.4231269,1.691904365,0.806634955,76174,309.4928286,0.678817956,0.98760732,0.81937133,0.767231455,0.005362078,0.001146089,0.588644106,0.995929533,BARBUNYA,3
59921,1021.206,359.0814765,213.1506727,1.684636844,0.804760426,61108,276.2132994,0.765274585,0.980575375,0.722041569,0.769221799,0.005992582,0.001294196,0.591702176,0.996803287,BARBUNYA,3
81240,1136.169,391.1504063,267.3127891,1.463268583,0.730042696,82832,321.6177554,0.721786876,0.980780375,0.790849615,0.822235514,0.004814751,0.001357496,0.676071241,0.989273807,BARBUNYA,3
174024,1563.305,580.5057916,382.8731952,1.5161829,0.751659786,175448,470.7167285,0.7483487,0.991883635,0.894811541,0.810873441,0.00333578,0.000889589,0.657515737,0.996914117,BOMBAY,1
62406,972.588,370.7602673,215.10789,1.723601432,0.814487905,63240,281.8825767,0.746983625,0.986812144,0.829045559,0.760282591,0.0059411,0.001224466,0.578029618,0.996292678,BARBUNYA,2
89239,1143.46,442.6002927,257.9500276,1.715837354,0.812611453,90157,337.079551,0.759804172,0.989817762,0.857674712,0.761589083,0.004959718,0.001029247,0.580017931,0.995216432,BARBUNYA,3
71587,1129.841,377.2378913,242.3102325,1.556838469,0.766430373,73128,301.9062757,0.706195127,0.97892736,0.704708266,0.800307399,0.005269642,0.001333485,0.640491933,0.997142481,BARBUNYA,3
195332,1691.955,624.8906194,402.3179203,1.553225914,0.765175845,198864,498.7027439,0.75880662,0.982239118,0.857443761,0.798064059,0.003199121,0.0008005,0.636906242,0.989259279,BOMBAY,1
82877,1162.581,391.8170128,270.8361443,1.446693955,0.722633674,84171,324.8419212,0.825986426,0.984626534,0.770544002,0.829065381,0.004727693,0.001377794,0.687349407,0.994384232,BARBUNYA,3
59553,970.618,360.8464531,211.1895381,1.70863792,0.810844604,60682,275.3638223,0.77253269,0.981394812,0.79435901,0.763105249,0.006059249,0.001267466,0.58232962,0.994990471,BARBUNYA,3
57716,909.091,335.90117,219.5139403,1.530204275,0.756920024,58301,271.0835546,0.776504144,0.989965867,0.877589407,0.807033672,0.005819897,0.001522866,0.651303347,0.996627167,BARBUNYA,3
150168,1474.752,548.3763466,351.4324088,1.56040346,0.767657862,151809,437.2640346,0.822946579,0.989190364,0.867659394,0.797379459,0.003651752,0.000910629,0.635814002,0.992126368,BOMBAY,1
37564,736.706,236.4602056,202.526017,1.167554712,0.516162105,38184,218.6960682,0.76629947,0.983762833,0.869747686,0.924874728,0.006294862,0.002841173,0.855393262,0.998718434,SEKER,0
73724,1080.903,367.5997336,258.7821969,1.420498543,0.710221586,75524,306.3793599,0.732304269,0.976166517,0.792949099,0.833459146,0.004986161,0.001484169,0.694654148,0.986755205,BARBUNYA,3
69229,1028.211,374.7026048,236.669232,1.583233282,0.775279057,70463,296.8924055,0.776937321,0.982487263,0.822874172,0.792341451,0.005412509,0.001315915,0.627804975,0.99396173,BARBUNYA,3
56322,911.589,326.8366101,219.9702012,1.485822208,0.739616972,57129,267.7898386,0.735802469,0.985874074,0.851706144,0.819338563,0.005803001,0.001613192,0.671315681,0.997455748,BARBUNYA,3
59897,958.442,373.2062088,207.7961113,1.796021141,0.830655762,60787,276.1579784,0.643652346,0.985358712,0.819376042,0.739960836,0.0062308,0.001152281,0.547542039,0.983397078,HOROZ,2
62683,1007.347,343.3923073,233.9888426,1.467558468,0.731907633,64225,282.5074767,0.701646574,0.975990658,0.776249695,0.822695997,0.005478237,0.001548025,0.676828704,0.993285695,BARBUNYA,3
74155,1093.586,393.0563417,240.7041059,1.632944067,0.790555154,75479,307.2736215,0.800464162,0.982458697,0.779191883,0.781754646,0.00530047,0.00122117,0.611140327,0.997957972,BARBUNYA,3
67311,1037.096,374.417253,229.3012483,1.632861817,0.790531257,68197,292.7507933,0.756907196,0.987008226,0.786426226,0.781883823,0.005562497,0.001282385,0.611342313,0.998237521,BARBUNYA,3
71010,1022.124,360.2367431,252.4336541,1.427055138,0.71341304,72032,300.6871132,0.804773562,0.985811861,0.854126517,0.834693071,0.005073042,0.001518992,0.696712522,0.994247185,BARBUNYA,3
174090,1619.733,620.8005824,362.7850013,1.711207961,0.811478333,176752,470.8059816,0.815104411,0.98493935,0.833867079,0.758385213,0.003565975,0.000727642,0.575148131,0.98419806,BOMBAY,1
67745,988.59,359.1836261,240.9037809,1.490983764,0.741730435,68522,293.6930591,0.765471577,0.988660576,0.871073266,0.817668284,0.005301995,0.001461934,0.668581422,0.996844046,BARBUNYA,3
37808,736.267,281.5460568,173.2103669,1.625457308,0.78836212,38822,219.4051975,0.763520336,0.973880789,0.876441427,0.779287055,0.007446732,0.001694086,0.607288315,0.987121229,DERMASON,0
26233,587.746,202.9322079,164.9807904,1.230035372,0.582284978,26523,182.7591119,0.770018786,0.989066094,0.954285795,0.900591945,0.007735761,0.003139027,0.811065852,0.997639687,DERMASON,0
212510,1769.746,670.9666466,408.5605262,1.642269881,0.79323677,216642,520.1693336,0.83981442,0.980927059,0.852643246,0.775253638,0.003157342,0.00070352,0.601018203,0.987034092,BOMBAY,1
90231,1159.796,445.2509806,259.2653122,1.717356544,0.812980963,91068,338.9478977,0.692975854,0.990809066,0.842951177,0.761251322,0.004934568,0.001022212,0.579503576,0.995214258,BARBUNYA,3
75051,1077.341,370.1735995,258.9362535,1.429593556,0.714633072,76431,309.1244103,0.79215351,0.981944499,0.812568479,0.83507957,0.004932294,0.001479586,0.697357888,0.996938344,BARBUNYA,3
37225,713.798,252.8133685,188.5272921,1.340990822,0.666262538,37629,217.7070097,0.792898526,0.9892636,0.918108307,0.861137253,0.006791494,0.002303746,0.741557369,0.994421625,SEKER,0
62185,981.28,347.5787655,230.0615341,1.510807823,0.749594311,63550,281.3830149,0.758566427,0.97852085,0.811539397,0.809551799,0.005589431,0.001480901,0.655374115,0.990144341,BARBUNYA,3
82427,1206.126,429.8247672,245.2583275,1.752538931,0.821227619,84490,323.9588183,0.690632593,0.975582909,0.712022961,0.753699747,0.005214611,0.001037995,0.568063309,0.995553064,BARBUNYA,2
76500,1099.381,396.2521484,246.9683755,1.604465137,0.782014162,77747,312.0942569,0.785751702,0.983960796,0.795380327,0.787615305,0.005179767,0.001229551,0.620337869,0.995310484,BARBUNYA,3
90599,1182.444,432.9544889,266.9800837,1.621673358,0.787239789,91961,339.6383805,0.754614359,0.985189374,0.814276881,0.784466703,0.0047788,0.00111634,0.615388008,0.997958338,BARBUNYA,3
76753,1090.653,385.1193098,254.3494526,1.514134612,0.750875955,78292,312.6099083,0.712285163,0.980342819,0.810834141,0.811722239,0.005017645,0.001343722,0.658892993,0.997652686,BARBUNYA,3
42389,805.943,327.9802769,167.2015406,1.961586453,0.860298017,43060,232.3173499,0.781364055,0.984417092,0.820076525,0.708327196,0.007737391,0.001201462,0.501727417,0.984181704,HOROZ,2
73658,1085.142,387.6075045,242.3368506,1.599457546,0.780454993,74965,306.2421891,0.798616532,0.982565197,0.786061708,0.79008323,0.005262259,0.001264863,0.62423151,0.9984318,BARBUNYA,3
43373,762.115,282.2260545,195.8847129,1.440776313,0.719907261,43690,234.9983378,0.76705279,0.992744335,0.938400666,0.832659969,0.006506953,0.001929426,0.693322624,0.998922815,SEKER,0
68619,1055.776,360.4861043,243.5502784,1.480130126,0.737253451,70143,295.581502,0.717021944,0.978272957,0.773589699,0.819952554,0.005253444,0.001464802,0.672322191,0.99512433,BARBUNYA,3
79140,1105.067,382.0721611,264.9678299,1.441956789,0.720454645,80482,317.4337373,0.755729565,0.983325464,0.814382982,0.830821425,0.004827801,0.001418926,0.69026424,0.995331207,BARBUNYA,3
64314,997.796,346.2438026,237.3979323,1.458495443,0.727942606,65360,286.1592705,0.730840909,0.983996328,0.811767889,0.826467559,0.005383646,0.001549386,0.683048627,0.99622331,BARBUNYA,3
70651,1028.338,378.2561005,238.6974409,1.584667599,0.775744463,71776,299.9260693,0.763926733,0.984326237,0.839569027,0.792917996,0.005353868,0.001305451,0.628718949,0.996310547,BARBUNYA,3
47959,949.132,328.4505389,190.1176608,1.72761719,0.815446866,50202,247.1098851,0.641574807,0.955320505,0.669000976,0.752350372,0.006848569,0.001353506,0.566031082,0.977885028,HOROZ,2
63211,999.886,341.4370908,236.1335757,1.445948929,0.722292825,64474,283.6948094,0.725462517,0.980410708,0.794513992,0.830884567,0.005401545,0.001588037,0.690369164,0.998238553,BARBUNYA,3
248424,1884.557,715.0530398,446.0436176,1.603101158,0.781591227,251082,562.4084465,0.807536277,0.989413817,0.878991872,0.786526894,0.002878357,0.000679483,0.618624555,0.99171774,BOMBAY,1
48095,874.205,366.3137556,168.4059951,2.175182394,0.888057932,48787,247.4600087,0.827398156,0.985815894,0.790830155,0.675541131,0.007616462,0.000978454,0.45635582,0.992657144,HOROZ,2
41451,757.604,282.6748516,187.2938924,1.509258246,0.748993688,41897,229.7325671,0.718637309,0.989354846,0.907528679,0.812709605,0.006819494,0.001835158,0.660496902,0.996860397,DERMASON,0
178177,1609.793,593.2555045,385.3183285,1.539650364,0.760363207,181200,476.3003279,0.724046569,0.983316777,0.864015308,0.802858674,0.003329585,0.000853348,0.644582051,0.992430989,BOMBAY,1
85890,1152.016,417.5364203,262.7196446,1.589285114,0.777232329,87188,330.6940346,0.714654197,0.98511263,0.813271297,0.792012429,0.004861293,0.001179939,0.627283688,0.996932628,BARBUNYA,3
48228,892.189,371.1772479,167.7097784,2.213211725,0.892103018,48904,247.8019305,0.650586807,0.986177,0.761369346,0.667610776,0.007696302,0.000943094,0.445704148,0.986437647,HOROZ,2
71449,1066.064,369.206449,248.4148551,1.486249479,0.73979299,72753,301.6151393,0.708777255,0.98207634,0.790022505,0.816928144,0.005167412,0.001419673,0.667371593,0.991880683,BARBUNYA,3
62289,1021.13,420.2957147,189.3852823,2.219262815,0.89272592,63078,281.6182132,0.579114718,0.987491677,0.750687443,0.670047786,0.006747511,0.00083897,0.448964036,0.99636919,HOROZ,2
38435,739.256,271.6189535,180.795449,1.502355037,0.74628939,38982,221.2170018,0.70034621,0.985967883,0.883785828,0.814438753,0.007066969,0.001917991,0.663310483,0.996527845,SIRA,0
165817,1563.293,602.4823693,355.4534349,1.694968483,0.807416784,169163,459.4831461,0.736846549,0.980220261,0.852625174,0.762649946,0.003633417,0.000758221,0.581634939,0.985852891,BOMBAY,1
82415,1090.113,398.9452446,264.7888981,1.50665397,0.747978988,83412,323.9352359,0.779470737,0.988047283,0.871511434,0.811979188,0.004840687,0.001297975,0.659310202,0.993352334,CALI,3
68460,1022.328,373.0703833,236.5103777,1.577395406,0.773368743,69842,295.2388512,0.703669442,0.98021248,0.823125863,0.791375741,0.005449465,0.001318453,0.626275564,0.987884198,BARBUNYA,3
132889,1373.51,499.646493,339.9068395,1.469951278,0.732938729,134325,411.3387045,0.789361449,0.989309511,0.885187446,0.823259465,0.003759878,0.00106537,0.677756147,0.996268514,BOMBAY,1
41487,815.9,299.046841,177.0814896,1.688752684,0.805825541,42483,229.8323062,0.68917572,0.976555328,0.783155548,0.76854952,0.007208206,0.001551295,0.590668365,0.997492788,BARBUNYA,2
83577,1120.306,419.0831638,257.6042703,1.626848667,0.788772434,85744,326.2108849,0.755723741,0.974727095,0.836803173,0.778391768,0.005014336,0.001135497,0.605893745,0.985697431,CALI,3
36032,741.973,238.7682282,192.4767408,1.240504319,0.591746982,36713,214.1900261,0.771744951,0.981450712,0.822473718,0.89706251,0.006626561,0.002647029,0.804721147,0.998260058,SEKER,0
59688,964.218,351.1883989,217.1409106,1.617329493,0.785939663,60632,275.6757551,0.728044496,0.984430664,0.806763835,0.784979675,0.005883735,0.001378055,0.616193089,0.996587257,BARBUNYA,3
168226,1567.559,566.968178,384.1188829,1.476022667,0.735526116,171839,462.8088111,0.765896033,0.978974505,0.860310436,0.816287102,0.003370277,0.000923033,0.666324633,0.983510263,BOMBAY,1
77785,1104.594,381.3384405,260.2642666,1.465197069,0.730883681,79114,314.7045249,0.75759199,0.983201456,0.80112514,0.825263051,0.004902468,0.001402698,0.681059103,0.997885802,BARBUNYA,3
138265,1396.139,512.8063507,345.1812989,1.485614523,0.739531344,139739,419.5765313,0.754836984,0.989451764,0.891383938,0.818196832,0.003708866,0.001025303,0.669446055,0.994538782,BOMBAY,1
150664,1500.495,582.4382025,332.045178,1.754093241,0.821578695,152581,437.9855737,0.778818518,0.987436181,0.840911423,0.751986343,0.003865809,0.000762535,0.565483459,0.991910714,BOMBAY,1
35880,716.473,272.5757184,168.4423128,1.618214058,0.786205438,36349,213.7377713,0.691063174,0.987097307,0.878339959,0.784140908,0.007596871,0.001771703,0.614876963,0.995002545,DERMASON,0
41863,754.738,264.7545345,202.1420334,1.309745084,0.645799136,42324,230.8714514,0.784112832,0.989107835,0.923523133,0.872020764,0.006324309,0.002255798,0.760420212,0.995956635,SEKER,0
41323,763.498,264.0834418,199.994315,1.320454743,0.653049923,41984,229.3775876,0.755392659,0.984255907,0.890811674,0.868579969,0.006390713,0.002243718,0.754431162,0.996192206,SEKER,0
53368,951.913,321.0170573,212.3244295,1.511917672,0.750023064,54618,260.6726837,0.706383767,0.977113772,0.740110006,0.812021286,0.00601516,0.001613231,0.659378569,0.996926111,BARBUNYA,3
33125,750.481,250.7141042,168.9696378,1.483781983,0.738773805,34040,205.3681083,0.716216216,0.973119859,0.739071317,0.819132649,0.007568728,0.002101936,0.670978297,0.995585507,DERMASON,0
192018,1667.608,637.5186106,385.1775668,1.655129129,0.796845999,193459,494.4541545,0.81848756,0.992551393,0.867688549,0.775591718,0.003320098,0.000741077,0.601542513,0.995630536,BOMBAY,1
38970,770.803,314.1828398,158.6797489,1.979980697,0.86308691,39358,222.7513076,0.630276565,0.990141775,0.824239602,0.708986232,0.008062172,0.001256559,0.502661477,0.995260021,HOROZ,2
85567,1156.399,415.4865841,262.769763,1.581181105,0.774610475,86970,330.0716409,0.711575884,0.983868,0.804082768,0.794421898,0.004855687,0.001192986,0.631106153,0.997893124,BARBUNYA,3
88811,1234.396,415.8528419,272.3769318,1.526754998,0.7556428,90775,336.2702443,0.702796594,0.978364087,0.73243251,0.808627982,0.004682447,0.001234945,0.653879213,0.998313357,BARBUNYA,3
39365,732.258,274.7656908,182.9285611,1.502038223,0.746164147,39803,223.8773653,0.794963448,0.988995804,0.922554156,0.814793741,0.006979949,0.001897679,0.663888841,0.997186415,DERMASON,0
64332,987.745,341.3003618,240.4800297,1.419246173,0.709605304,65485,286.1993124,0.782970644,0.982392914,0.828604404,0.838555549,0.005305297,0.001618143,0.703175409,0.997979008,BARBUNYA,3
63378,1013.251,419.846597,194.5330664,2.158227414,0.88617892,64232,284.0693152,0.628313671,0.986704446,0.775736653,0.676602638,0.006624485,0.00085638,0.45779113,0.988017368,HOROZ,2
179166,1593.298,584.1270946,392.7594104,1.487238954,0.74019987,181118,477.6203893,0.765614317,0.989222496,0.886893435,0.817665186,0.003260256,0.000898946,0.668576356,0.9943328,BOMBAY,1
62033,990.706,348.3721294,227.4652059,1.531540298,0.757411844,63197,281.0389095,0.710865878,0.981581404,0.794224102,0.806720417,0.005615916,0.001467211,0.650797831,0.996723105,BARBUNYA,3
162230,1486.167,543.4072553,381.8371778,1.423138675,0.711513713,163470,454.4861399,0.782834863,0.99241451,0.923008722,0.836363769,0.00334961,0.001011009,0.699504353,0.995491698,BOMBAY,1
27566,705.665,237.1318271,148.4305543,1.597594433,0.779870343,28466,187.344926,0.702390052,0.968383335,0.695643066,0.790045471,0.00860233,0.002067303,0.624171846,0.997173466,DERMASON,0
135222,1371.667,495.1024098,348.7846686,1.419507376,0.709734019,136192,414.9337269,0.772423484,0.992877702,0.9031499,0.838076565,0.003661404,0.001114198,0.702372329,0.997022701,BOMBAY,1
61155,1007.344,416.6326354,187.981796,2.216345648,0.892426317,61954,279.0429436,0.604447739,0.987103335,0.757331858,0.669757767,0.006812732,0.000845614,0.448575467,0.994198283,HOROZ,2
58667,941.385,371.3572029,203.7425988,1.822678248,0.83605661,59551,273.3077832,0.773868883,0.985155581,0.831896308,0.735970061,0.006329916,0.001145561,0.54165193,0.987257191,HOROZ,2
84099,1105.804,428.8342168,251.0697698,1.70802808,0.810693734,85023,327.228013,0.778305292,0.989132352,0.864259939,0.76306414,0.00509916,0.001066406,0.582266882,0.994528184,CALI,3
65458,1022.133,387.3753025,215.9892236,1.793493657,0.830129274,66482,288.6931141,0.684477999,0.984597335,0.78733177,0.745254311,0.005917921,0.001126074,0.555403988,0.996113529,BARBUNYA,2
58238,971.303,397.2026539,186.9455097,2.124697483,0.882317203,58977,272.3066738,0.604755971,0.987469692,0.775723335,0.685561063,0.006820335,0.00092933,0.469993972,0.998595009,HOROZ,2
72834,1078.61,364.2761238,255.115423,1.427887501,0.713814043,74384,304.5244309,0.779390048,0.979162185,0.786710852,0.835971427,0.005001457,0.001506753,0.698848226,0.997876647,BARBUNYA,3
65553,977.31,338.7465416,247.1025471,1.370874341,0.684021913,66402,288.9025301,0.755358131,0.987214241,0.862457594,0.852857504,0.005167522,0.001686429,0.727365923,0.99712728,BARBUNYA,3
70235,1038.267,416.5836291,216.2968656,1.925980887,0.854643081,71314,299.0417687,0.793293124,0.984869731,0.818738757,0.717843304,0.005931283,0.000971509,0.515299009,0.992456043,CALI,2
98277,1289.679,436.3537019,287.6784698,1.516810425,0.751899126,100632,353.7374206,0.706556045,0.976597901,0.742503488,0.810666712,0.004440039,0.001182867,0.657180517,0.996818259,BARBUNYA,3
177713,1616.237,601.2761198,379.3922209,1.584840402,0.77580043,180176,475.6797444,0.767758241,0.986330033,0.854907196,0.791116974,0.003383411,0.000817518,0.625866066,0.991897828,BOMBAY,1
174465,1578.182,606.6889824,367.9978452,1.648621018,0.795031959,176301,471.3127806,0.808262143,0.989585992,0.880245893,0.776860623,0.003477425,0.000781286,0.603512427,0.994963272,BOMBAY,1
164983,1530.766,572.7412728,370.1513026,1.547316648,0.763100254,167334,458.3261719,0.795014504,0.985950255,0.884772153,0.800232485,0.003471517,0.00087814,0.64037203,0.990858303,BOMBAY,1
86784,1143.973,429.6761243,260.0683427,1.652166195,0.796023296,88254,332.4106205,0.680605443,0.983343531,0.833331846,0.773630653,0.004951098,0.001093997,0.598504387,0.988828716,CALI,3
57200,956.741,352.786447,206.9037954,1.705074798,0.809960425,58277,269.8690459,0.737893134,0.981519296,0.785266593,0.764964324,0.006167595,0.001302748,0.585170417,0.99775933,BARBUNYA,2
67284,1030.013,384.4602675,223.3540083,1.721304536,0.813935876,68347,292.6920729,0.794642857,0.984447013,0.796959504,0.761306428,0.005713992,0.001184016,0.579587477,0.997646553,BARBUNYA,3
72049,1065.249,377.3505133,244.1189069,1.54576521,0.762550428,73185,302.878913,0.722259536,0.984477694,0.797876274,0.802646087,0.005237415,0.00134089,0.644240742,0.995844925,BARBUNYA,3
86975,1181.978,426.6949965,260.5436427,1.637710259,0.791932519,88249,332.7762152,0.784406566,0.985563576,0.782321949,0.779892471,0.00490595,0.001119546,0.608232266,0.996108222,BARBUNYA,3
176492,1593.206,587.5180638,383.5110041,1.531945779,0.757560793,178253,474.0428185,0.752711376,0.990120783,0.873757712,0.806856585,0.003328865,0.000870285,0.651017548,0.997323585,BOMBAY,1
62148,962.323,372.8952211,212.9640779,1.750977088,0.820873748,62732,281.2992912,0.774140508,0.990690557,0.843325611,0.754365503,0.006000116,0.001198579,0.569067313,0.996423826,CALI,2
184245,1671.122,620.9515398,385.1374477,1.612285545,0.784414055,189905,484.3428743,0.725508263,0.970195624,0.829066299,0.780001084,0.003370249,0.000769525,0.608401691,0.980917253,BOMBAY,1
35689,696.455,254.4636208,179.093964,1.42083862,0.710388562,36031,213.168117,0.81504065,0.990508174,0.924609012,0.837715491,0.007130029,0.002165994,0.701767244,0.997098003,DERMASON,0
59338,940.712,352.1829755,215.7836786,1.632111278,0.790313002,59999,274.8663095,0.793076717,0.98898315,0.842615415,0.780464499,0.005935201,0.0013584,0.609124834,0.994159511,CALI,3
82346,1149.477,388.1352926,270.9941588,1.432264423,0.715907539,83842,323.799604,0.770597043,0.982156914,0.783162349,0.834244167,0.004713469,0.001408293,0.695963331,0.996803519,BARBUNYA,3
65284,1020.755,383.2241247,222.1171221,1.725324555,0.814900344,67271,288.3091577,0.721210782,0.970462755,0.787360436,0.752325178,0.005870108,0.001159974,0.565993173,0.976521919,BARBUNYA,2
83575,1118.077,431.5356315,248.8398063,1.734190514,0.816999826,85300,326.2069818,0.727751654,0.979777257,0.840122898,0.755921314,0.005163454,0.001039983,0.571417033,0.990945999,CALI,3
72181,1099.699,400.9105867,231.0645069,1.735059149,0.817203505,73688,303.1562363,0.714076551,0.979548909,0.750041162,0.756169197,0.00555424,0.001120161,0.571791854,0.992092688,BARBUNYA,2
78474,1172.352,423.8044852,236.3142944,1.793393354,0.830108328,80373,316.0952389,0.714634368,0.976372662,0.717496186,0.745851566,0.005400572,0.00103093,0.556294558,0.997654964,BARBUNYA,2
60621,934.49,324.5452044,239.376276,1.355795194,0.675265737,61608,277.8219834,0.733590687,0.983979353,0.872335695,0.856034782,0.005353676,0.001773362,0.732795548,0.993520682,BARBUNYA,0
74216,1092.082,408.9448865,231.8578197,1.763774399,0.823741239,75550,307.3999773,0.737674936,0.982342819,0.781982276,0.751690478,0.005510198,0.001085184,0.565038575,0.996600573,BARBUNYA,2
61137,978.126,345.9099994,225.7362626,1.532363455,0.757714067,62582,279.0018746,0.757752659,0.976910294,0.803016338,0.806573603,0.005657949,0.001477117,0.650560978,0.996895867,BARBUNYA,3
54815,893.955,346.4924872,201.9357013,1.715855517,0.812615878,55353,264.1829397,0.766814952,0.990280563,0.861941849,0.762449258,0.006321125,0.001317704,0.581328871,0.99747635,SIRA,2
66708,1038.033,396.2373656,219.8449661,1.802349049,0.831962753,68860,291.4365515,0.622473546,0.968748185,0.777974681,0.735510017,0.005939878,0.001072288,0.540974985,0.97502575,HOROZ,2
85914,1125.237,423.4889446,258.8493991,1.636043762,0.791452564,86826,330.7402338,0.813086766,0.989496234,0.852679448,0.780989062,0.004929219,0.001131196,0.609943916,0.997894938,BARBUNYA,3
77055,1076.62,364.5500115,269.5723318,1.352327255,0.673193927,78280,313.2243176,0.737072182,0.984351048,0.835383325,0.859208086,0.004731036,0.001590485,0.738238535,0.998340092,BARBUNYA,3
48782,811.014,274.6782807,226.3339856,1.213597154,0.566594658,49312,249.2211297,0.802414712,0.989252109,0.931993242,0.907320116,0.00563073,0.002353893,0.823229794,0.999069335,SEKER,0
62987,1008.734,368.7900642,218.0330556,1.691441067,0.806516305,64219,283.1917005,0.740413777,0.980815646,0.777870801,0.767894062,0.005855019,0.001255779,0.589661291,0.997377323,BARBUNYA,3
81139,1149.98,439.3938611,235.6269835,1.864785835,0.844056274,82672,321.4177709,0.767598505,0.981456841,0.771008099,0.731502643,0.005415323,0.000956462,0.535096117,0.99783966,BARBUNYA,2
46039,814.361,322.1623863,182.2376083,1.767815048,0.824631682,46403,242.1129393,0.683020547,0.99215568,0.872372189,0.75152454,0.006997597,0.001376897,0.564789135,0.998442732,SIRA,2
69728,1007.023,340.8379227,261.4609765,1.303590032,0.641512788,70842,297.9604789,0.79434951,0.984274865,0.864048843,0.874199903,0.004888107,0.001761017,0.76422547,0.996236705,BARBUNYA,3
65277,1009.049,365.3323503,229.3557322,1.592863395,0.778374509,66391,288.2937005,0.801968156,0.983220617,0.80564838,0.789127216,0.005596647,0.001338739,0.622721763,0.991910702,BARBUNYA,3
82691,1103.441,436.4676805,243.4935329,1.792522681,0.829926334,83931,324.4771967,0.721020874,0.985225959,0.85343387,0.74341632,0.005278297,0.000994494,0.552667825,0.990669611,CALI,2
93235,1160.064,450.51242,264.5526284,1.702921732,0.809422984,93897,344.5438854,0.815240677,0.992949722,0.870612583,0.764782213,0.00483201,0.001019668,0.584891833,0.996025013,CALI,3
157128,1534.971,588.0577425,343.0525178,1.714191595,0.812209859,158837,447.2824423,0.811301465,0.989240542,0.838036814,0.760609733,0.003742539,0.000772669,0.578527165,0.991706404,BOMBAY,1
78375,1066.6,367.9499283,272.6156513,1.349702141,0.671610713,79456,315.8957887,0.80632716,0.986394986,0.865733572,0.858529285,0.004694736,0.001573299,0.737072532,0.994828375,BARBUNYA,3
84049,1146.398,395.451249,271.3095062,1.457565031,0.727530127,85440,327.1307239,0.788082513,0.983719569,0.803658561,0.827234014,0.004705008,0.001359107,0.684316113,0.997435237,BARBUNYA,3
39528,744.617,284.7914944,177.3370381,1.605933523,0.782468013,39961,224.3403948,0.727687776,0.989164435,0.895877874,0.787735586,0.007204804,0.001711291,0.620527354,0.996525679,DERMASON,0
187588,1654.357,593.1580854,405.8803103,1.461411333,0.729228705,189950,488.7171572,0.716110462,0.987565149,0.861303973,0.823923958,0.003162026,0.000898863,0.678850688,0.992080089,BOMBAY,1
75218,1082.347,407.9429151,236.0992561,1.727844983,0.815501029,76163,309.4681439,0.820798778,0.987592401,0.806860788,0.758606492,0.005423475,0.001107959,0.57548381,0.994346814,BARBUNYA,3
61377,993.965,352.8614992,222.8756912,1.583221111,0.775275101,62512,279.5489645,0.769193172,0.981843486,0.78068051,0.792234248,0.005749084,0.001396989,0.627635104,0.993685146,BARBUNYA,3
70743,1034.348,357.5221734,253.0866407,1.412647355,0.706321939,71718,300.121284,0.752041077,0.986405087,0.830921467,0.83944803,0.005053817,0.001548013,0.704672994,0.995454441,BARBUNYA,3
54424,899.296,324.8266146,213.682777,1.52013475,0.753160837,55211,263.2390339,0.74840484,0.985745594,0.845658461,0.810398601,0.005968444,0.001587946,0.656745892,0.998342252,BARBUNYA,3
60590,952.177,359.0646751,216.0327705,1.662084295,0.798756672,61579,277.7509388,0.798339812,0.98393933,0.839799174,0.773540139,0.005926138,0.001308829,0.598364347,0.994531984,BARBUNYA,3
134251,1391.532,523.6290209,327.6755204,1.598010802,0.780001216,135409,413.441268,0.789683894,0.991448131,0.871246402,0.789569049,0.003900373,0.000935075,0.623419283,0.996230748,BOMBAY,1
38162,713.931,266.6876881,182.6415198,1.46017011,0.728682463,38435,220.4299605,0.821748493,0.992897099,0.940867595,0.826547195,0.006988305,0.002011973,0.683180265,0.997559403,DERMASON,0
38552,714.493,234.9970849,209.0326346,1.124212424,0.456912575,38959,221.5534494,0.801663548,0.98955312,0.948988218,0.942792331,0.006095587,0.002970705,0.888857379,0.999264509,SEKER,0
77217,1118.397,394.6531382,249.6290876,1.580958141,0.774537644,78697,313.5534052,0.705178082,0.981193692,0.775766107,0.794503768,0.005110962,0.001256222,0.631236237,0.997958067,BARBUNYA,3
73871,1055.692,373.4753637,252.6569329,1.478191631,0.736440543,74889,306.6846563,0.768536918,0.986406548,0.832931681,0.821164355,0.005055778,0.001418039,0.674310899,0.996760727,BARBUNYA,3
73227,1070.181,397.3118861,235.1378813,1.689697482,0.806068744,74236,305.3449069,0.794908815,0.986408212,0.803464391,0.768526987,0.005425757,0.001167553,0.59063373,0.997992327,BARBUNYA,3
144083,1416.894,508.2398866,362.8229776,1.400792998,0.700266674,145241,428.313172,0.797033865,0.992027045,0.901878189,0.842738209,0.00352741,0.001097505,0.71020769,0.994853959,BOMBAY,1
35570,710.53,263.2603831,173.378732,1.518412207,0.752508363,36054,212.8124306,0.789286824,0.986575692,0.885378334,0.808372411,0.007401192,0.001949518,0.653465955,0.992230682,SIRA,0
73333,1127.766,400.8524277,233.714887,1.715134337,0.81244007,74734,305.5658285,0.761774666,0.981253512,0.724554939,0.762290078,0.005466194,0.001138534,0.581086163,0.996640831,BARBUNYA,3
63529,967.428,368.4339133,221.9855911,1.659719946,0.798110362,65036,284.4075158,0.775689866,0.976828218,0.852991252,0.771936311,0.00579946,0.001270262,0.595885668,0.989003329,CALI,3
70966,1038.128,361.0201192,251.0130273,1.43825252,0.718731052,72074,300.5939413,0.764398582,0.984626911,0.827481668,0.832623794,0.005087227,0.00150819,0.693262382,0.997086368,BARBUNYA,3
203688,1738.084,676.0589864,389.1160899,1.737422338,0.817755826,207028,509.2579075,0.788071066,0.983866917,0.847293324,0.753274371,0.003319091,0.000659192,0.567422278,0.98585214,BOMBAY,1
43016,798.253,309.9445226,177.5463546,1.745710428,0.819672318,43531,234.0292124,0.726719827,0.988169351,0.848318169,0.75506807,0.007205331,0.001444702,0.57012779,0.995278028,SIRA,2
60276,973.071,332.8602516,231.652791,1.436892904,0.718094032,61313,277.0302994,0.798992577,0.983086784,0.799954395,0.832272096,0.005522268,0.001634401,0.692676842,0.99530244,BARBUNYA,3
78761,1082.774,415.0856329,242.1995472,1.713816718,0.812118192,79766,316.6727329,0.745101935,0.987400647,0.844200195,0.762909404,0.005270193,0.001101281,0.582030759,0.997494045,BARBUNYA,3
75351,1095.258,408.4086836,236.0432439,1.730228228,0.816066202,76285,309.7416229,0.794305532,0.98775644,0.789343462,0.758410963,0.005420083,0.001106125,0.575187188,0.995205109,BARBUNYA,3
182972,1640.716,587.4675312,398.9277317,1.472616428,0.734079576,185353,482.6667442,0.832504493,0.987154241,0.85413727,0.821605823,0.003210696,0.000902471,0.675036128,0.994069291,BOMBAY,1
67960,1003.526,352.4252564,246.5565136,1.429389357,0.714535246,68906,294.1587317,0.71730893,0.986271152,0.848019768,0.834669838,0.005185775,0.001552574,0.696673739,0.995818028,BARBUNYA,3
57105,953.054,346.2734018,210.2189885,1.647203254,0.794633369,58126,269.6448483,0.696062896,0.982434711,0.790039823,0.778705055,0.006063802,0.001375361,0.606381562,0.998833682,BARBUNYA,3
81020,1107.628,381.5514575,271.3382108,1.406184025,0.703045899,82059,321.1819857,0.804025087,0.987338378,0.829877999,0.841778951,0.004709349,0.001458589,0.708591803,0.996410473,BARBUNYA,3
76545,1087.242,423.8147902,230.933358,1.835225512,0.83850613,77800,312.1860358,0.801938188,0.983868895,0.813718612,0.736609583,0.005536806,0.001005515,0.542593678,0.99578176,BARBUNYA,2
39198,717.099,238.3108727,210.1234219,1.134147115,0.471773403,39556,223.4019778,0.797680098,0.99094954,0.957889778,0.9374393,0.006079669,0.002896225,0.878792442,0.996679913,SEKER,0
137115,1427.056,519.1997446,337.4746463,1.538485188,0.759942754,138970,417.8280031,0.789974016,0.986651795,0.846082671,0.804753869,0.003786601,0.000979674,0.647628789,0.996367299,BOMBAY,1
137890,1410.302,522.1875739,338.3644715,1.543269515,0.76166164,139207,419.0071608,0.782239216,0.990539269,0.871201054,0.802407376,0.003786987,0.000968396,0.643857597,0.993645801,BOMBAY,1
26244,597.483,210.7375234,159.4130671,1.321958904,0.654047862,26661,182.7974251,0.701504905,0.984359176,0.923823036,0.867417544,0.008029932,0.00280417,0.752413196,0.994659324,DERMASON,0
72026,1090.037,402.3616319,229.4060673,1.753927595,0.821541332,73422,302.8305656,0.808545032,0.980986625,0.761757399,0.75263281,0.005586339,0.001105706,0.566456146,0.993523066,BARBUNYA,3
41204,760.847,277.6404163,189.5890388,1.464432849,0.730550929,41737,229.0470742,0.745153356,0.987229557,0.894446929,0.82497742,0.006738191,0.001925269,0.680587743,0.996675048,SIRA,0
55430,943.99,383.6370578,191.48976,2.003433802,0.866519616,58228,265.6608138,0.712971895,0.951947517,0.78166372,0.692479541,0.006921109,0.00098171,0.479527915,0.960702434,HOROZ,2
189378,1715.619,651.0513743,378.4024657,1.720526247,0.813748237,195616,491.0433367,0.736885112,0.968110993,0.808532898,0.754231319,0.003437841,0.000686252,0.568864882,0.978746961,BOMBAY,1
72924,1041.775,389.4012176,238.9101238,1.629906725,0.789669826,73829,304.7125212,0.725467569,0.987741944,0.844369396,0.782515584,0.005339823,0.001235033,0.612330639,0.998041827,BARBUNYA,3
230867,1815.073,671.6153919,440.686418,1.524021083,0.75462275,233243,542.1706318,0.741062802,0.989813199,0.880609833,0.807263559,0.002909101,0.000762079,0.651674454,0.993165607,BOMBAY,1
57995,929.11,324.5696765,229.3523842,1.415157194,0.707577968,58998,271.7379756,0.746002753,0.982999424,0.844240433,0.837225395,0.005596511,0.00169616,0.700946362,0.991949287,BARBUNYA,3
71540,1024.667,404.2473611,228.2414437,1.77113917,0.825358945,73026,301.8071521,0.806993796,0.979651083,0.856235639,0.746590284,0.005650648,0.001082947,0.557397052,0.987227752,CALI,2
164455,1536.579,561.5290508,374.2858071,1.500268085,0.745462526,166145,457.5921867,0.700840386,0.989828162,0.87528031,0.814903852,0.003414485,0.000928818,0.664068288,0.996280459,BOMBAY,1
70675,1041.369,365.7678528,248.6908337,1.470773359,0.733291481,71996,299.9770072,0.761419953,0.981651758,0.818966978,0.820129503,0.00517535,0.001444273,0.672612401,0.9892604,BARBUNYA,3
169969,1592.346,601.3500192,363.5449397,1.654128427,0.796568728,172267,465.2002281,0.745631775,0.986660243,0.842373509,0.773593104,0.003537998,0.000781606,0.598446291,0.989907021,BOMBAY,1
56545,975.553,339.5660561,212.5891557,1.597287759,0.77977387,57685,268.3194552,0.792024428,0.980237497,0.746624668,0.790183384,0.006005236,0.00144418,0.62438978,0.997330152,BARBUNYA,3
76546,1124.781,410.3366507,238.4400651,1.720921568,0.813843583,77760,312.188075,0.788857514,0.98438786,0.760320013,0.760809629,0.005360654,0.001107903,0.578831292,0.996123254,BARBUNYA,3
51639,918.781,376.864103,174.8460507,2.155405293,0.885861457,52345,256.415321,0.610483881,0.986512561,0.768712028,0.680392001,0.007298052,0.000964769,0.462933274,0.99780883,HOROZ,2
37568,730.495,278.2250605,172.449082,1.613375133,0.784745079,38030,218.7077118,0.787523059,0.987851696,0.884694737,0.786081999,0.007405906,0.001744333,0.61792491,0.996944683,SIRA,0
55607,898.497,311.4197591,228.7198652,1.361577224,0.678671061,56424,266.084632,0.75650636,0.985520346,0.865577715,0.854424371,0.00560037,0.001841158,0.730041006,0.994007207,BARBUNYA,0
45125,894.185,273.8982945,211.2701191,1.296436503,0.636417057,46673,239.6975896,0.675503727,0.966833073,0.709205865,0.87513356,0.006069768,0.002196085,0.765858748,0.992887238,SEKER,0
64530,1004.942,371.617998,221.6379579,1.676689325,0.802677421,65642,286.6394038,0.697923426,0.983059626,0.802951908,0.771328099,0.005758841,0.001257394,0.594947036,0.997541344,BARBUNYA,3
70682,1081.066,366.8499394,245.6730544,1.493244509,0.742647355,71974,299.9918624,0.793716031,0.982049073,0.760001197,0.817750884,0.005190147,0.001431672,0.668716509,0.998557255,BARBUNYA,3
163850,1525.584,558.5600988,377.4236767,1.479928614,0.737169137,166547,456.749712,0.781488477,0.983806373,0.88467562,0.817727068,0.003408972,0.000940236,0.668677558,0.989595052,BOMBAY,1
77511,1065.949,361.2097371,275.01416,1.313422324,0.648317927,78676,314.1497578,0.782876131,0.985192435,0.857235901,0.86971564,0.004660109,0.001644694,0.756405295,0.993479601,BARBUNYA,3
67412,1052.897,377.4220072,228.3895581,1.652536177,0.796126315,68526,292.9703469,0.792150411,0.983743397,0.764144162,0.776240763,0.005598736,0.001253879,0.602549723,0.995735215,BARBUNYA,3
70620,1163.561,391.0394844,230.8622717,1.693821522,0.807124715,72221,299.8602619,0.699263308,0.977831933,0.655479728,0.766828604,0.005537234,0.001181043,0.588026108,0.996011276,BARBUNYA,3
57433,975.96,340.4333752,217.3321384,1.566419848,0.769706062,58982,270.4181332,0.698392432,0.973737751,0.757717521,0.794334965,0.005927487,0.001455677,0.630968037,0.988360856,BARBUNYA,3
188888,1655.013,630.198992,384.8905254,1.637346077,0.791827784,191255,490.4076581,0.778823238,0.987623853,0.866585491,0.778179058,0.003336363,0.000754695,0.605562647,0.991515624,BOMBAY,1
54338,925.712,379.4359707,185.8539827,2.041581059,0.871825578,55387,263.0309685,0.782066782,0.981060538,0.796822752,0.693215691,0.006982884,0.000994691,0.480547994,0.981077682,HOROZ,2
49084,824.934,298.3111669,210.0329701,1.420306378,0.710127163,49637,249.9913795,0.74061109,0.988859117,0.906382276,0.838022197,0.006077564,0.001848977,0.702281203,0.997454471,SIRA,0
51662,866.739,340.4138263,193.8320429,1.756230916,0.822059771,52217,256.4724183,0.774171312,0.989371278,0.86418038,0.753413635,0.00658925,0.001309633,0.567632106,0.996893053,SIRA,2
40364,764.547,288.7231377,178.9353459,1.613561235,0.784801537,40880,226.700333,0.716894004,0.987377691,0.867752122,0.785182424,0.007152986,0.001677063,0.616511438,0.994778958,SIRA,0
142154,1378.113,501.7293744,361.6697526,1.387258323,0.693094973,143074,425.4363575,0.795124789,0.993569761,0.940587688,0.847939904,0.003529478,0.001125513,0.71900208,0.99744162,BOMBAY,1
69343,1042.187,404.9235883,220.6554619,1.835094336,0.838480818,70228,297.1367526,0.755567904,0.987398189,0.802271173,0.733809442,0.00583943,0.00104444,0.538476298,0.988154804,CALI,2
34130,666.585,235.5413478,184.7780345,1.274725908,0.620151121,34392,208.4602256,0.795515465,0.992381949,0.965239485,0.885026037,0.006901299,0.002611769,0.783271086,0.998455947,SEKER,0
66483,1030.876,375.3199022,226.1009494,1.65996606,0.798177792,67668,290.9446419,0.701519468,0.98248803,0.786153975,0.775191084,0.005645351,0.001257494,0.600921217,0.997508825,BARBUNYA,3
39453,744.392,275.5972103,182.7439808,1.508105543,0.74854538,39919,224.1274632,0.727056612,0.988326361,0.894718675,0.813242859,0.006985456,0.001884758,0.661363947,0.997406635,DERMASON,0
63320,993.072,341.4139113,236.5976849,1.44301459,0.720943653,64491,283.9393033,0.739762837,0.981842428,0.806843484,0.8316571,0.005391881,0.001591099,0.691653532,0.998066138,BARBUNYA,3
53363,904.64,327.0878319,208.0485855,1.572170419,0.771636833,54318,260.6604723,0.717244624,0.982418351,0.819404845,0.796912777,0.006129487,0.00152492,0.635069973,0.998438227,BARBUNYA,3
72773,1074.004,396.0606386,234.9417906,1.685781987,0.805057696,73831,304.3968814,0.747117704,0.985669976,0.792808586,0.768561305,0.005442412,0.001171346,0.59068648,0.995768628,BARBUNYA,3
50580,871.252,348.5164796,186.6664568,1.867054668,0.844469936,51298,253.7724496,0.793486446,0.986003353,0.837338602,0.728150502,0.006890401,0.001194838,0.530203154,0.989918273,HOROZ,2
176994,1647.738,619.7310338,367.6512764,1.685649074,0.80502323,179689,474.7165049,0.746344055,0.985001864,0.819204055,0.766004087,0.003501424,0.000743616,0.586762262,0.989075263,BOMBAY,1
164719,1536.308,572.9178377,369.5414894,1.550347807,0.764168597,166293,457.9593263,0.818308726,0.990534779,0.876994717,0.799345554,0.003478153,0.000875924,0.638953315,0.99059987,BOMBAY,1
63766,1027.779,339.7887826,240.0385775,1.415559058,0.707778251,65051,284.9375244,0.76447034,0.980246268,0.758576805,0.838572487,0.005328683,0.001625407,0.703203815,0.99542653,BARBUNYA,3
42933,769.443,286.1550205,191.3969976,1.495086256,0.743390433,43310,233.803322,0.728851541,0.991295313,0.911272353,0.817051267,0.006665153,0.00183226,0.667572773,0.998078877,SIRA,0
59678,971.509,347.2440928,219.3204196,1.583272974,0.775291957,60638,275.6526611,0.764230557,0.984168343,0.794566897,0.793829663,0.005818628,0.001425311,0.630165533,0.997724058,BARBUNYA,3
203677,1728.486,662.5508971,393.5188546,1.683657312,0.804505578,205511,509.2441563,0.802263292,0.991075903,0.856682945,0.768611375,0.003252949,0.0007003,0.590763446,0.994643196,BOMBAY,1
37534,715.824,259.3168198,185.2391386,1.399902967,0.699803678,37979,218.6087214,0.784950959,0.988282998,0.920496631,0.843017902,0.006908851,0.002152449,0.710679183,0.994881898,SIRA,0
181822,1603.247,579.5137629,401.9407076,1.441789179,0.720377032,183395,481.1475455,0.766269671,0.991422885,0.888905151,0.830260774,0.003187259,0.000934233,0.689332953,0.993872793,BOMBAY,1
40699,745.807,275.1003877,188.7733986,1.457304841,0.727414594,41082,227.639136,0.71620385,0.990677182,0.919476623,0.827476609,0.006759389,0.001954835,0.684717539,0.997842184,DERMASON,0
36069,713.066,256.7620265,179.5398325,1.430111763,0.714881083,36537,214.29997,0.708569071,0.987191067,0.89142438,0.834624858,0.007118634,0.002130795,0.696598654,0.99621393,DERMASON,0
71892,1066.553,363.4297866,253.4136732,1.434136454,0.71679524,73244,302.5487355,0.719207683,0.98154115,0.79419207,0.832481945,0.005055219,0.00149768,0.693026188,0.99389412,BARBUNYA,3
67808,1032.304,364.4004204,238.5087834,1.527828096,0.756041313,68798,293.8295885,0.749027925,0.985610047,0.799605143,0.806337128,0.005374003,0.001401343,0.650179564,0.993362606,BARBUNYA,3
57208,929.814,345.440275,212.4109238,1.626283003,0.788605771,58161,269.8879172,0.799787499,0.98361445,0.831523384,0.781286772,0.006038321,0.001387835,0.61040902,0.992697813,BARBUNYA,3
39936,743.299,277.6154851,183.5212157,1.512716031,0.750330749,40423,225.4952205,0.769227806,0.987952403,0.908337681,0.812257358,0.00695151,0.001866524,0.659762015,0.998032578,SIRA,0
42516,758.388,279.1933792,194.2158117,1.437541964,0.718398431,42878,232.665108,0.726520848,0.991557442,0.928922233,0.833347512,0.006566784,0.001953606,0.694468076,0.998327002,SEKER,0
160359,1496.093,534.1527617,384.1252535,1.39056924,0.694875602,162102,451.8577433,0.757296271,0.989247511,0.900297453,0.845933552,0.003330981,0.001052197,0.715603575,0.99509632,BOMBAY,1
180261,1594.528,578.0660713,401.3581787,1.440274802,0.719674178,182710,479.0776905,0.774716349,0.986596245,0.890937708,0.8287594,0.003206828,0.000933188,0.686842143,0.989241432,BOMBAY,1
76864,1111.913,415.5122889,235.9464949,1.76104455,0.823135637,78170,312.8358745,0.760337119,0.983292823,0.781252158,0.752891991,0.005405811,0.001071449,0.56684635,0.998241676,BARBUNYA,3
80050,1078.541,403.0061294,253.685414,1.588605837,0.777014443,80805,319.2535443,0.807998224,0.990656519,0.864764558,0.792180369,0.00503443,0.001223,0.627549737,0.996929175,BARBUNYA,3
77583,1084.672,384.862785,257.3128981,1.495699546,0.7436371,78675,314.2956309,0.725698732,0.986120114,0.828666103,0.816643342,0.004960659,0.001360971,0.666906348,0.997491522,BARBUNYA,3
84955,1107.358,428.8777881,254.2604493,1.686765635,0.805312473,86008,328.8891387,0.799501223,0.987756953,0.87060812,0.766859809,0.005048294,0.001076932,0.588073967,0.991942957,CALI,3
64746,1018.798,374.7807347,220.6077122,1.698855997,0.808401548,65891,287.1187343,0.799037394,0.982622816,0.783874685,0.766097901,0.005788477,0.001229932,0.586905994,0.997068768,BARBUNYA,3
38844,740.042,279.8671492,177.3099133,1.578406666,0.773701513,39320,222.3909101,0.719146888,0.987894201,0.891294185,0.794630276,0.0072049,0.001772018,0.631437276,0.996664806,DERMASON,0
178603,1614.083,604.5212049,377.3680425,1.601940643,0.781230349,180147,476.8693767,0.812156681,0.991429222,0.861483347,0.78883813,0.00338472,0.000808452,0.622265595,0.996832548,BOMBAY,1
56778,908.906,315.9444788,229.5528208,1.376347621,0.687102354,57545,268.8717071,0.759226573,0.986671301,0.863678311,0.851009355,0.005564558,0.001800312,0.724216922,0.996774238,BARBUNYA,0
82879,1099.559,409.2821438,262.3104973,1.560296473,0.767621175,85153,324.8458407,0.682232759,0.973295128,0.861424642,0.793696587,0.004938309,0.00120886,0.629954273,0.98291543,CALI,3
75799,1096.146,409.7062235,236.3038694,1.733810896,0.816910701,77029,310.661044,0.796877628,0.984031988,0.792750516,0.758253173,0.005405167,0.001102163,0.574947874,0.996850889,BARBUNYA,3
41739,751.568,271.1479575,197.1234861,1.375523348,0.686641672,42121,230.5292722,0.772472378,0.99093089,0.928571484,0.85019734,0.006496273,0.002093741,0.722835517,0.99427713,SIRA,0
67822,1034.662,353.3819208,245.8604981,1.437326954,0.718297654,68887,293.8599197,0.77528578,0.984539899,0.796129027,0.831564668,0.005210432,0.001536872,0.691499797,0.993911297,BARBUNYA,3
21602,558.343,208.5232304,132.1875207,1.577480455,0.77339676,21932,165.8448692,0.745282042,0.984953493,0.870766423,0.795330424,0.009652959,0.002382487,0.632550483,0.997836024,DERMASON,0
165855,1538.592,578.1032529,367.622113,1.572547549,0.771762548,167630,459.5357926,0.784889499,0.989411203,0.88042323,0.794902624,0.003485594,0.000858445,0.631870182,0.993645905,BOMBAY,1
60294,973.818,348.1459097,221.5746204,1.571235501,0.771324702,61644,277.0716606,0.751083761,0.978100058,0.798966123,0.795849249,0.005774139,0.001428862,0.633376027,0.995182898,BARBUNYA,3
69900,1039.311,387.1043686,230.419673,1.67999704,0.803548606,70979,298.3277462,0.742771526,0.984798321,0.81319742,0.770664892,0.005537974,0.001205016,0.593924375,0.997791192,BARBUNYA,3
77331,1106.588,387.4660743,255.2800454,1.517807918,0.752278807,78870,313.7847785,0.691146504,0.980486877,0.793581578,0.809838072,0.005010488,0.001329391,0.655837703,0.995435658,BARBUNYA,3
39266,742.046,269.8232313,185.9702506,1.450894594,0.724542673,39665,223.5956707,0.696650344,0.989940754,0.896117316,0.828674646,0.006871676,0.001998843,0.686701669,0.99633174,SIRA,0
74794,1197.889,423.797634,225.4317118,1.879937967,0.846786793,75813,308.5946832,0.759985775,0.986559033,0.655003273,0.728165186,0.005666198,0.000982633,0.530224539,0.996789241,BARBUNYA,2
80933,1114.025,377.1125478,274.9796707,1.371419737,0.68433115,82222,321.0094953,0.717395736,0.984322931,0.819493718,0.85122995,0.004659565,0.001509081,0.724592428,0.993720358,BARBUNYA,3
68551,1025.494,355.9750129,245.6283703,1.449242254,0.72379434,69684,295.4350081,0.727810337,0.983740887,0.819138637,0.82993187,0.005192849,0.001519691,0.688786909,0.998219092,BARBUNYA,3
55059,944.732,344.3276911,204.9475016,1.680077524,0.803569728,55970,264.7702704,0.732859482,0.983723423,0.775212793,0.768948526,0.006253795,0.001348691,0.591281835,0.993399322,BARBUNYA,2
84185,1175.084,408.7205273,263.6448984,1.550269054,0.764140939,85882,327.3952826,0.680673356,0.98024033,0.76613756,0.80102481,0.004855028,0.001232978,0.641640746,0.994715792,BARBUNYA,3
95824,1306.551,451.4416501,272.1346295,1.658890862,0.797882947,98004,349.2948699,0.714619177,0.97775601,0.705393456,0.773732042,0.004711154,0.001041524,0.598661273,0.993113715,BARBUNYA,3
159247,1521.882,550.010344,369.7737525,1.487423973,0.740275836,161350,450.2883274,0.780163629,0.986966222,0.864010783,0.818690652,0.003453819,0.000957103,0.670254384,0.996952439,BOMBAY,1
34414,707.737,276.4939671,160.5266301,1.722418062,0.81420382,34773,209.3257406,0.634195784,0.989675898,0.863378475,0.757071638,0.008034346,0.001628089,0.573157465,0.987216771,HOROZ,2
61206,1003.509,359.4550303,219.1963153,1.639877157,0.79255397,62918,279.1592728,0.719089243,0.972789981,0.763767753,0.776618072,0.005872872,0.001317833,0.60313563,0.989068343,BARBUNYA,3
213012,1753.363,638.1534743,427.1834359,1.493862872,0.742897232,215532,520.7833541,0.729853078,0.988308001,0.870703437,0.816078538,0.002995857,0.00081965,0.66598418,0.994889039,BOMBAY,1
62650,963.789,349.1235041,229.698731,1.519919168,0.75307933,63464,282.4331027,0.746010955,0.987173831,0.84755328,0.808977624,0.005572602,0.001472258,0.654444795,0.994703189,BARBUNYA,3
66107,1108.565,367.6165951,230.636709,1.593920571,0.778710167,67763,290.1207448,0.699352559,0.975561885,0.675981775,0.78919382,0.005560933,0.001330645,0.622826885,0.992736584,BARBUNYA,3
81887,1101.864,418.6523267,252.0367097,1.661076782,0.798481663,83140,322.8959068,0.774674803,0.984929035,0.847556847,0.771274602,0.005112562,0.001115975,0.594864512,0.988115629,CALI,3
65482,1011.661,357.0747308,234.2268649,1.52448239,0.75479535,66602,288.7460335,0.793894425,0.983183688,0.804010616,0.808643146,0.005453021,0.001438284,0.653903737,0.996864731,BARBUNYA,3
62792,983.751,373.5219751,215.3814719,1.734234481,0.817010144,63919,282.7529973,0.711008447,0.98236831,0.815349495,0.756991599,0.00594856,0.001204913,0.573036281,0.993779278,BARBUNYA,2
54358,958.816,390.4237882,183.0547591,2.132825118,0.883271595,56614,263.0793705,0.720546129,0.960151199,0.743023908,0.67383028,0.007182453,0.000913387,0.454047246,0.968403371,HOROZ,2
162820,1525.029,551.6299825,377.1518839,1.46262025,0.729759001,164278,455.3118301,0.73386308,0.991124801,0.879754323,0.825393551,0.003387974,0.000969983,0.681274514,0.9964459,BOMBAY,1
146521,1478.21,528.247208,357.8235196,1.47627861,0.73563429,150261,431.9216727,0.755107194,0.975109975,0.842631065,0.817650649,0.003605266,0.000994004,0.668552585,0.98696988,BOMBAY,1
198671,1686.769,623.2703818,410.10045,1.519799312,0.753033996,201134,502.9470883,0.792427167,0.987754432,0.877471703,0.806948482,0.003137199,0.00082055,0.651165852,0.989641414,BOMBAY,1
215005,1836.047,713.366837,390.0451377,1.828934059,0.837285088,219894,523.2139795,0.813150032,0.97776656,0.801476578,0.733443093,0.003317908,0.000592256,0.537938771,0.98385454,BOMBAY,1
165397,1538.645,571.3442984,370.2837764,1.542990363,0.761561892,166731,458.9008618,0.803990861,0.991999088,0.877931501,0.803194962,0.003454381,0.000886817,0.645122146,0.995417255,BOMBAY,1
64033,1005.371,354.1202439,230.9060098,1.533612071,0.758171341,65141,285.5334442,0.768703481,0.982990743,0.796087868,0.806317767,0.005530277,0.001441955,0.650148341,0.997075343,BARBUNYA,3
74925,1119.975,398.3259517,240.4810747,1.656371306,0.797189345,76127,308.8648133,0.753325491,0.984210595,0.750619701,0.775407206,0.005316329,0.001185526,0.601256335,0.995903741,BARBUNYA,3
69483,1073.845,371.1624669,239.7106641,1.54837695,0.763474845,70724,297.4365534,0.74408867,0.982452916,0.757190622,0.801364847,0.005341774,0.001358897,0.642185617,0.994345408,BARBUNYA,3
155247,1508.453,569.6478553,350.8270512,1.623728425,0.7878505,157360,444.597143,0.799624002,0.986572191,0.857372431,0.780477165,0.0036693,0.000839854,0.609144605,0.98908541,BOMBAY,1
75402,1086.551,448.2857526,217.1653723,2.064259821,0.874827179,76439,309.8464267,0.78433453,0.986433627,0.802587697,0.691180625,0.005945277,0.000836986,0.477730657,0.9861602,HOROZ,2
38098,719.528,265.7777187,183.2209436,1.450585907,0.724403123,38399,220.2450457,0.707404932,0.992161254,0.924733612,0.828681376,0.006976159,0.002029301,0.686712824,0.996135944,DERMASON,0
53679,949.603,354.3971294,195.9801606,1.808331661,0.833183972,54804,261.4311105,0.715386153,0.979472301,0.748049134,0.737678409,0.006602156,0.001205963,0.544169435,0.984038818,HOROZ,2
85083,1129.571,375.3635055,289.2597977,1.297669114,0.637304027,86711,329.1368107,0.760702024,0.981224989,0.837964443,0.876848191,0.004411733,0.001608743,0.76886275,0.997729444,BARBUNYA,3
21348,530.825,191.9944944,141.8595366,1.353412672,0.673844773,21590,164.86697,0.725974291,0.988791107,0.952060005,0.858706759,0.008993559,0.003016413,0.737377298,0.997975778,DERMASON,0
160687,1513.858,579.7961934,355.7084648,1.629975811,0.789690029,162673,452.3196245,0.788833688,0.987791459,0.88109011,0.780135554,0.003608233,0.000824432,0.608611483,0.992021995,BOMBAY,1
56893,938.275,339.6134553,214.159517,1.5857967,0.776109749,58014,269.1438601,0.716419226,0.980677078,0.812097941,0.792500579,0.005969336,0.00145246,0.628057168,0.995970985,BARBUNYA,3
69923,1015.485,376.5109885,236.7004154,1.590664671,0.777673793,70617,298.3768233,0.774632752,0.990172338,0.852084944,0.792478394,0.005384652,0.001310048,0.628022004,0.998972415,CALI,3
68725,1130.424,371.8093491,236.308153,1.573408892,0.772049258,70474,295.8097154,0.692575909,0.975182337,0.675836859,0.795595151,0.005410103,0.001337069,0.632971645,0.995923214,BARBUNYA,3
77636,1070.451,403.5258333,245.6507674,1.642680939,0.793353712,78613,314.4029664,0.699549468,0.98757203,0.851411341,0.779139625,0.005197664,0.001181542,0.607058555,0.997203518,BARBUNYA,3
74151,1071.243,382.4280774,248.6871939,1.537787577,0.759690452,75148,307.265334,0.773356834,0.986732847,0.811990377,0.803459139,0.005157423,0.001325769,0.645546589,0.992713525,BARBUNYA,3
79501,1079.209,424.2389352,241.8912688,1.753841456,0.821521897,80911,318.1569063,0.770179416,0.982573445,0.857770959,0.749947447,0.005336272,0.001041216,0.562421173,0.986397569,CALI,2
85130,1132.32,442.9890756,249.1711076,1.77785089,0.826813022,87434,329.2277061,0.693772106,0.973648695,0.834361278,0.743195993,0.005203678,0.000979273,0.552340285,0.981978667,CALI,2
60237,963.531,358.724155,215.0536853,1.668067927,0.800377774,61280,276.9406623,0.77934327,0.982979765,0.815345755,0.772015652,0.005955213,0.001304913,0.596008167,0.994182107,BARBUNYA,3
37571,748.438,285.6646265,168.9448663,1.690874856,0.806371143,38088,218.7164441,0.661554444,0.986426171,0.842851297,0.765640628,0.007603328,0.001611697,0.586205572,0.991200262,DERMASON,2
182755,1630.171,616.8017129,379.60729,1.624841591,0.788180139,184677,482.3804443,0.824029903,0.98959264,0.864197102,0.78206729,0.00337502,0.000778812,0.611629247,0.993800638,BOMBAY,1
55177,927.376,354.1136831,204.0895353,1.735089859,0.817210699,56835,265.0538405,0.697454242,0.970827835,0.806224967,0.74849929,0.006417777,0.001242596,0.560251187,0.972086154,HOROZ,2
70046,1110.954,380.2886321,235.4672218,1.615038515,0.785248865,71441,298.639142,0.700712256,0.980473398,0.713183111,0.785296001,0.005429127,0.00127363,0.616689809,0.995977794,BARBUNYA,3
58003,934.279,338.0408857,219.0556948,1.543173238,0.761627245,58862,271.7567171,0.816207925,0.985406544,0.835039743,0.803916711,0.00582799,0.00150156,0.646282079,0.997325208,BARBUNYA,3
67056,1031.766,336.4785036,255.1696498,1.318646257,0.65184352,68817,292.1957407,0.776542524,0.974410393,0.791562265,0.868393486,0.005017873,0.001760215,0.754107247,0.994400698,BARBUNYA,3
58043,953.88,332.9919625,223.0799218,1.492702525,0.742428018,59165,271.8504054,0.771745778,0.981036086,0.801626802,0.816387289,0.005736987,0.001571986,0.666488205,0.994868626,BARBUNYA,3
34503,678.24,236.5446412,185.8927694,1.272478978,0.618394789,34885,209.5962405,0.747724515,0.989049735,0.94254029,0.886074778,0.00685577,0.002606859,0.785128512,0.999059527,SEKER,0
173108,1591.411,572.6616553,388.984863,1.472195218,0.733899802,175235,469.4762519,0.761168566,0.987862014,0.858938939,0.819814366,0.003308118,0.000921771,0.672095595,0.989455921,BOMBAY,1
40485,803.073,334.3901428,156.0020136,2.143498888,0.884506984,41117,227.0398709,0.598447894,0.984629229,0.788849143,0.678966996,0.008259606,0.001082764,0.460996182,0.988144804,HOROZ,2
57351,952.862,329.4250151,222.7448097,1.478934641,0.736752608,58282,270.2250194,0.724256813,0.984025943,0.793762986,0.820292956,0.005744015,0.001604247,0.672880534,0.995146331,BARBUNYA,3
60192,996.209,353.956217,219.4736662,1.612750282,0.784555344,61801,276.8371989,0.685714286,0.973964823,0.762162744,0.782122719,0.005880453,0.001357345,0.611715948,0.986545067,BARBUNYA,3
62879,961.969,342.9049593,233.9020988,1.466019164,0.731240883,63902,282.9488104,0.729361682,0.983991111,0.853873109,0.825152284,0.00545341,0.001559496,0.680876292,0.998177693,BARBUNYA,3
66354,1007.809,342.8486934,247.0840998,1.38757894,0.693268161,67573,290.6622383,0.769553721,0.98196025,0.820957184,0.847785755,0.005166963,0.001646492,0.718740686,0.997309439,BARBUNYA,3
167563,1560.256,576.8638252,372.7615058,1.5475413,0.7631797,169787,461.8959167,0.819703648,0.986901235,0.864960487,0.800701823,0.003442668,0.000872887,0.64112341,0.992164955,BOMBAY,1
154160,1479.127,540.3809223,365.0610147,1.480248234,0.737302848,155782,443.0379309,0.813286064,0.989588014,0.885463444,0.819862272,0.003505325,0.000976949,0.672174146,0.994984592,BOMBAY,1
80594,1114.614,446.8022211,233.0844975,1.916910931,0.853145737,82168,320.3364916,0.711470895,0.980844124,0.815198905,0.716953669,0.005543865,0.000903559,0.514022563,0.98533547,CALI,2
41138,736.411,247.4260154,211.9226428,1.167529869,0.516131862,41560,228.8635585,0.788749137,0.989846006,0.953262489,0.924977748,0.006014537,0.002715858,0.855583834,0.998919682,SEKER,0
56214,898.795,347.7550468,206.614216,1.683112873,0.804363703,56742,267.5329658,0.717015306,0.990694723,0.874446125,0.769314402,0.006186271,0.00133667,0.591844649,0.996141347,SIRA,2
48009,871.576,358.6658391,171.7180787,2.088690031,0.877940922,48629,247.2386647,0.826089201,0.987250406,0.794185582,0.689328722,0.007470804,0.001040525,0.475174088,0.99249138,HOROZ,2
54447,928.902,363.9463637,197.5002259,1.84276429,0.839950515,56500,263.2946515,0.624879493,0.963663717,0.79294675,0.723443556,0.006684415,0.001129436,0.523370578,0.964448613,HOROZ,2
68488,1019.038,349.3068275,249.9429178,1.397546411,0.698572026,69675,295.299221,0.761155381,0.98296376,0.828788258,0.845386342,0.005100263,0.001606916,0.714678067,0.998795767,BARBUNYA,3
78876,1091.875,369.75215,272.8683884,1.355056744,0.674826438,80115,316.9038377,0.81780856,0.984534731,0.831397851,0.85707098,0.004687765,0.001560317,0.734570665,0.995384934,BARBUNYA,3
66500,1038.45,424.1090453,202.017289,2.099370046,0.879264764,67430,290.9818374,0.633152433,0.986207919,0.774926171,0.686101465,0.00637758,0.000871744,0.470735221,0.988247422,HOROZ,2
70780,1041.775,406.8583193,225.0964452,1.807484428,0.833011873,72535,300.1997585,0.746506354,0.975804784,0.819544537,0.737848396,0.00574821,0.001050947,0.544420256,0.984031135,CALI,2
50571,960.277,390.9626181,166.333579,2.350473191,0.904983696,51734,253.749871,0.573367347,0.97751962,0.689157285,0.649038704,0.007730965,0.000846244,0.421251239,0.990139744,HOROZ,2
73841,1029.369,379.9428423,249.0095761,1.525816189,0.755293295,74832,306.6223756,0.793989247,0.986757002,0.87571999,0.807022377,0.005145418,0.001346303,0.651285117,0.993741374,CALI,3
201447,1780.967,660.7194827,400.6828906,1.648983518,0.795133675,210441,506.4487008,0.693150968,0.95726118,0.798102963,0.766510923,0.003279868,0.000698408,0.587538996,0.96884212,BOMBAY,1
190728,1696.174,665.988505,368.9420171,1.805130547,0.832532268,192377,492.7904543,0.83665475,0.991428289,0.833073875,0.739938378,0.003491823,0.000645675,0.547508804,0.988324866,BOMBAY,1
100846,1297.77,469.2856553,274.4239104,1.71007568,0.811199544,102015,358.3310133,0.792036128,0.988540901,0.752442088,0.763566943,0.004653488,0.000975769,0.583034477,0.99703308,BARBUNYA,3
60166,978.007,404.4412154,189.6852838,2.132169704,0.883195075,60719,276.7774023,0.596932296,0.990892472,0.790454865,0.684345195,0.006722089,0.000909463,0.468328346,0.99855551,HOROZ,2
164103,1561.374,590.1375941,356.3089015,1.656252739,0.797156612,166245,457.1022085,0.727658499,0.987115402,0.845887287,0.774568868,0.003596141,0.000798466,0.599956932,0.993680312,BOMBAY,1
71656,1097.198,373.8467167,245.1558511,1.524934914,0.754964474,73142,302.0517386,0.803498542,0.979683356,0.747984177,0.807956109,0.005217242,0.001371424,0.652793074,0.995466951,BARBUNYA,3
71133,1050.271,366.8312188,247.4603974,1.482383535,0.738193295,72336,300.9474182,0.72135686,0.983369277,0.810360458,0.820397509,0.005156977,0.001441027,0.673052073,0.997721312,BARBUNYA,3
78569,1157.905,411.0149212,244.2806477,1.682552118,0.804217405,80496,316.2865122,0.669572702,0.976060922,0.736402461,0.76952562,0.005231261,0.001131562,0.59216968,0.99635635,BARBUNYA,3
68843,1102.682,371.9794475,236.3442579,1.573888237,0.772208566,70506,296.0635573,0.775259009,0.976413355,0.71149046,0.795913751,0.005403301,0.001337528,0.633478699,0.997024673,BARBUNYA,3
54722,913.265,358.5574862,195.6424775,1.83271798,0.83802119,55746,263.9587361,0.757502769,0.981630969,0.824476341,0.736168526,0.006552346,0.001187095,0.541944099,0.993230694,SIRA,2
38857,752.396,280.8577702,176.3655002,1.592475681,0.778251204,39375,222.428121,0.697712418,0.986844444,0.862553765,0.791960005,0.007227984,0.001753921,0.627200649,0.998801781,SIRA,0
89692,1240.715,421.4842303,272.1227493,1.548875393,0.76365061,90687,337.9340191,0.774341708,0.989028196,0.732182773,0.801771442,0.00469924,0.00119787,0.642837445,0.995675101,BARBUNYA,3
35152,711.89,265.1925197,169.6885131,1.562819515,0.768483875,35769,211.5583051,0.693415394,0.982750426,0.871633912,0.797753667,0.007544166,0.001884804,0.636410914,0.994595396,SIRA,0
139639,1379.183,473.7805979,376.5502411,1.258213503,0.606900693,140541,421.6561357,0.783916241,0.993581944,0.922513655,0.889981856,0.003392896,0.001313031,0.792067703,0.99659028,BOMBAY,1
64605,1067.702,385.7553397,214.0935549,1.801807345,0.831851486,66321,286.8059288,0.69214699,0.974125842,0.712157221,0.743491792,0.005970983,0.001125461,0.552780045,0.996003144,BARBUNYA,2
183924,1623.448,631.112949,373.1654798,1.691241508,0.806465163,185666,483.9207683,0.76097561,0.990617561,0.876943276,0.766773632,0.003431379,0.000731673,0.587941803,0.994351582,BOMBAY,1
61274,1025.583,350.3676822,223.705965,1.566197317,0.769630821,62720,279.314303,0.708820637,0.976945153,0.732056278,0.797203387,0.005718048,0.001424637,0.63553324,0.995370456,BARBUNYA,3
51901,839.556,286.7706676,230.5993145,1.243588552,0.594460947,52463,257.0649832,0.757678832,0.989287688,0.925307858,0.8964131,0.00552534,0.002200754,0.803556446,0.999293598,SEKER,0
39069,731.629,267.7007193,186.0038201,1.43922162,0.719183659,39440,223.0340686,0.786698079,0.990593306,0.917192165,0.833147065,0.006851998,0.002036497,0.694134033,0.999012707,SIRA,0
61576,938.472,339.9676898,231.3110075,1.469742808,0.732849154,62280,280.0017825,0.783748695,0.988696211,0.878574711,0.823612922,0.005521107,0.001567107,0.678338246,0.996982759,BARBUNYA,3
56834,910.081,341.5703246,212.3913014,1.608212401,0.783169393,57509,269.0042682,0.806453444,0.988262707,0.862299217,0.787551637,0.006009965,0.001426159,0.62023758,0.997473768,CALI,3
39106,752.94,281.2942918,178.0082033,1.580232183,0.774300248,39692,223.139655,0.778507724,0.98523632,0.86682718,0.793260516,0.007193124,0.001756955,0.629262246,0.994380453,SIRA,0
56596,961.101,393.7498127,183.4975882,2.145803749,0.884771108,57291,268.4404315,0.69230581,0.98786895,0.769941172,0.681753801,0.006957202,0.000927096,0.464788245,0.99734436,HOROZ,2
79456,1147.524,390.5260079,260.8831498,1.496938412,0.744134203,81544,318.0668503,0.737390142,0.974394192,0.758251027,0.814457536,0.004914997,0.001334064,0.663341079,0.992980741,BARBUNYA,3
41175,747.36,276.1451824,190.2841646,1.45122524,0.72469202,41595,228.9664566,0.805205726,0.989902633,0.926368485,0.829152458,0.006706623,0.001955335,0.687493798,0.997708352,SIRA,0
185677,1612.79,582.4894601,408.7146632,1.425173874,0.712503289,187533,486.2214505,0.767399858,0.990103075,0.897041077,0.83473004,0.003137112,0.000939494,0.69677424,0.993024444,BOMBAY,1
64704,1003.301,335.8175773,246.5186803,1.362239879,0.679057482,65994,287.0255938,0.795632286,0.980452768,0.807752858,0.85470688,0.005190059,0.001708523,0.730523851,0.995148723,BARBUNYA,3
58641,910.692,344.1535559,217.2837758,1.583889799,0.775492275,59181,273.2472143,0.704904436,0.99087545,0.888522006,0.793968883,0.005868821,0.001438615,0.630386587,0.998462884,BARBUNYA,3
38380,784.252,257.6520823,190.1348975,1.355101487,0.674853084,39006,221.0586658,0.775839415,0.983951187,0.784157977,0.857973527,0.006713186,0.002243903,0.736118573,0.997515373,SEKER,0
59167,962.152,361.6777858,210.6934538,1.71660666,0.812798713,60797,274.4699695,0.702862913,0.973189467,0.803159942,0.75887981,0.00611283,0.001250587,0.575898566,0.988591314,BARBUNYA,2
55720,922.19,372.6116826,194.0394481,1.920288303,0.853706089,56939,266.3548525,0.722810295,0.978591124,0.823341781,0.714832263,0.006687216,0.001077064,0.510985165,0.981238835,HOROZ,2
42049,770.185,290.1634033,185.0516851,1.568012759,0.7702435,42503,231.3837713,0.756005034,0.989318401,0.890790186,0.797425756,0.006900602,0.001721186,0.635887837,0.997080241,DERMASON,0
69856,1020.927,366.0105966,243.4048424,1.503711237,0.746824392,70962,298.2338372,0.789761679,0.984414194,0.842217379,0.814822959,0.005239501,0.001424698,0.663936454,0.998368706,BARBUNYA,3
70522,1054.957,368.1564035,244.5200089,1.505628947,0.747577785,71668,299.6521303,0.729882738,0.9840096,0.79627846,0.813926167,0.005220448,0.001413278,0.662475805,0.997442748,BARBUNYA,3
65563,1033.627,364.1200521,230.6437505,1.57871198,0.773801827,66934,288.924565,0.814447205,0.979517136,0.771153779,0.793487102,0.005553743,0.001358079,0.629621781,0.993991449,BARBUNYA,3
80180,1079.668,369.8248818,277.4419153,1.332981289,0.661213161,81244,319.5126706,0.811324955,0.986903648,0.864361584,0.863956663,0.004612433,0.001585177,0.746421115,0.99496538,BARBUNYA,3
74894,1116.179,385.6530932,249.1462037,1.547898734,0.763306015,76098,308.8009107,0.790496396,0.984178296,0.755421247,0.800721986,0.005149319,0.00130574,0.641155699,0.992444094,BARBUNYA,3
89235,1197.862,395.6879606,288.8077414,1.370073942,0.683567167,90764,337.0719964,0.769081601,0.983154114,0.781504559,0.85186316,0.004434224,0.001440379,0.725670843,0.994222712,BARBUNYA,3
78467,1110.736,393.0299837,254.9116868,1.54182803,0.761145843,79670,316.0811405,0.817364583,0.984900213,0.79923633,0.804216354,0.005008857,0.001292439,0.646763944,0.997198777,BARBUNYA,3
72092,1062.088,346.6950133,265.1115142,1.307732764,0.644407553,73330,302.969281,0.752840434,0.983117414,0.803111665,0.873878393,0.004809064,0.001729993,0.763663446,0.998667708,BARBUNYA,3
78136,1200.683,413.4783417,241.6903031,1.710777538,0.811372431,79916,315.413768,0.739980302,0.977726613,0.681089704,0.762830205,0.005291778,0.001105332,0.581909921,0.995518422,BARBUNYA,3
91678,1214.367,435.5938924,268.6610274,1.621351249,0.787143814,93416,341.654877,0.684649565,0.98139505,0.781223107,0.784342671,0.004751346,0.001109225,0.615193425,0.997444629,BARBUNYA,3
85895,1173.178,397.5774017,276.2313056,1.439291614,0.719216302,87671,330.7036599,0.800885781,0.979742446,0.784241694,0.831796924,0.004628644,0.001366793,0.691886123,0.995825895,BARBUNYA,3
59295,964.167,350.030228,216.352452,1.6178704,0.786102246,60252,274.7666989,0.776722557,0.98411671,0.801536698,0.784979916,0.0059032,0.001382615,0.616193468,0.996921172,BARBUNYA,3
82632,1101.047,385.5239907,273.2055017,1.411113569,0.70554996,83895,324.3614189,0.760435839,0.984945468,0.856537561,0.841352099,0.004665553,0.001442096,0.707873355,0.998889697,BARBUNYA,3
91010,1196.528,428.4628408,271.0121313,1.580972921,0.774542473,92343,340.4078891,0.699259328,0.985564688,0.79882794,0.794486375,0.004707866,0.001157043,0.6312086,0.997923703,BARBUNYA,3
87174,1143.707,461.7478661,241.7607518,1.909937253,0.851978108,88169,333.156696,0.742032686,0.988714854,0.837466184,0.721512151,0.005296853,0.000885467,0.520579784,0.994274722,CALI,2
68173,1030.906,368.816598,237.0123116,1.556107341,0.766177345,69468,294.6193468,0.771231404,0.981358323,0.806091117,0.798823449,0.00541001,0.00135888,0.638118902,0.992981508,BARBUNYA,3
148325,1454.931,549.7336941,344.9498497,1.593662657,0.778628353,149846,434.5724974,0.778886952,0.989849579,0.880520408,0.790514575,0.003706278,0.000892806,0.624913293,0.995900979,BOMBAY,1
54666,930.268,374.0000211,188.3014451,1.986177116,0.864007014,55456,263.8236399,0.614431831,0.985754472,0.793799822,0.705410762,0.006841547,0.001044967,0.497604343,0.988330359,HOROZ,2
47134,880.522,358.818816,168.0783821,2.134830259,0.883505218,47959,244.9752492,0.605726476,0.982797806,0.763947895,0.682726876,0.007612738,0.001020255,0.466115987,0.995078512,HOROZ,2
62816,1005.634,413.0849867,194.313119,2.125872863,0.882455964,63566,282.8070283,0.625408204,0.98820124,0.780549133,0.6846219,0.006576111,0.000891153,0.468707145,0.996411801,HOROZ,2
68732,1029.691,359.0093548,244.4557801,1.468606529,0.732360057,69923,295.8247799,0.790250072,0.982966978,0.814619894,0.824002985,0.005223322,0.001485394,0.678980919,0.99715581,BARBUNYA,3
60787,1003.955,398.9224618,195.9390991,2.035951291,0.871063236,61530,278.2021068,0.717335379,0.98792459,0.757865401,0.697383911,0.006562628,0.000957514,0.48634432,0.990173346,HOROZ,2
65290,1032.586,342.6691219,243.8187527,1.405425621,0.702657514,66600,288.3224061,0.750796334,0.98033033,0.769491927,0.841401771,0.005248417,0.001622638,0.707956941,0.994980823,BARBUNYA,3
74509,1092.049,456.7581544,208.7097977,2.188484486,0.889498951,75260,308.0061773,0.797314072,0.99002126,0.78511694,0.674330987,0.006130241,0.000781897,0.454722281,0.995152657,HOROZ,2
72741,1036.035,374.0242072,248.8097604,1.503253758,0.746644127,74004,304.3299488,0.800363096,0.982933355,0.851609067,0.813663776,0.005141862,0.001390209,0.662048741,0.995227257,BARBUNYA,3
41428,762.051,292.3692207,181.0081983,1.615226401,0.785305652,41854,229.6688221,0.721126564,0.989821761,0.896469992,0.785543778,0.007057285,0.001657674,0.617079027,0.996722336,SIRA,0
168405,1546.583,584.3296465,370.0301966,1.579140438,0.773942481,170625,463.0549703,0.756138957,0.986989011,0.884745539,0.792455035,0.003469788,0.000844075,0.627984982,0.991676479,BOMBAY,1
45382,779.361,286.4237156,202.0993045,1.417242461,0.708614771,45764,240.3791942,0.733956527,0.991652828,0.93889312,0.839243335,0.006311395,0.001931331,0.704329375,0.998205497,SIRA,0
63015,970.092,351.9240147,228.2761847,1.541658912,0.761085211,63991,283.2546379,0.709668337,0.984747855,0.841449309,0.804874422,0.005584766,0.001445763,0.647822835,0.998721848,BARBUNYA,3
206702,1735.169,663.5370804,401.7599413,1.651576009,0.79585879,209401,513.0118521,0.700684746,0.987110854,0.862722218,0.773147225,0.003210114,0.000707537,0.597756631,0.987240511,BOMBAY,1
60993,958.347,356.7469483,218.0096636,1.636381353,0.791549933,61892,278.6731052,0.728274627,0.985474698,0.834534478,0.781150635,0.005848982,0.001343381,0.610196315,0.998513871,BARBUNYA,3
39746,727.669,233.9385415,216.4976009,1.08055951,0.378878349,40185,224.9581715,0.782740557,0.989075526,0.943268964,0.961612268,0.005885839,0.003104474,0.924698155,0.999191385,SEKER,0
71042,1038.418,375.6728603,241.1551967,1.55780537,0.766764321,71867,300.7548565,0.719572968,0.988520461,0.827905234,0.800576481,0.005288039,0.001339941,0.640922702,0.998432827,BARBUNYA,3
49848,805.584,270.6473214,234.714171,1.153093229,0.49790328,50183,251.9294441,0.789934077,0.993324433,0.965241394,0.930840338,0.005429452,0.002514413,0.866463735,0.999113466,SEKER,0
154706,1468.379,532.9548716,371.069678,1.436266295,0.717799647,156085,443.8218077,0.771231729,0.99116507,0.901655615,0.832756827,0.003444953,0.001021965,0.693483933,0.996027599,BOMBAY,1
40292,742.57,261.4182115,197.5214725,1.323492622,0.655060352,40759,226.4980524,0.770136473,0.988542408,0.9182351,0.866420327,0.006488092,0.002255336,0.750684184,0.993524978,SIRA,0
59787,1036.442,352.5588679,216.6008809,1.627688985,0.789019632,61185,275.9042817,0.694100028,0.977151263,0.699401595,0.782576491,0.005896915,0.001364306,0.612425964,0.996838996,BARBUNYA,3
39822,749.984,279.064832,182.239523,1.531307959,0.75732643,40271,225.1731448,0.700425652,0.988850538,0.889669978,0.806884706,0.007007806,0.001832347,0.651062928,0.996977844,SIRA,0
71525,1042.205,365.203603,249.7958259,1.462008429,0.729490836,72758,301.77551,0.751937007,0.98305341,0.827487469,0.826321284,0.005105957,0.001468428,0.682806864,0.99826939,BARBUNYA,3
223035,1817.278,680.8125549,419.9943465,1.621004093,0.787040298,225889,532.894907,0.761092115,0.987365476,0.848672533,0.782733666,0.003052492,0.00070679,0.612671992,0.993143807,BOMBAY,1
62441,971.606,334.6205025,239.7088797,1.395945377,0.697730439,63560,281.9616116,0.71593515,0.982394588,0.83118814,0.842631009,0.005358987,0.001666526,0.710027017,0.991158932,BARBUNYA,3
23226,571.287,207.3553129,142.7751858,1.452320385,0.725185733,23524,171.9658736,0.79,0.987332086,0.894284292,0.829329479,0.008927724,0.002605127,0.687787384,0.998887639,DERMASON,0
41698,754.669,265.8937501,201.3298716,1.32068703,0.653204356,42263,230.4160206,0.810976914,0.986631332,0.920051352,0.866571781,0.006376655,0.00221815,0.750946652,0.991765503,SIRA,0
154727,1478.08,550.0082402,358.9115247,1.532434047,0.757739957,156062,443.8519292,0.768180915,0.991445707,0.889979674,0.806991417,0.003554701,0.000929948,0.651235147,0.997974912,BOMBAY,1
38286,725.536,263.2077967,185.3746672,1.419869288,0.709912205,38646,220.7877923,0.735279432,0.990684676,0.91396997,0.838834544,0.006874779,0.002099635,0.703643393,0.999081644,SEKER,0
57132,914.731,335.2396035,217.507884,1.541275641,0.760947709,57887,269.7085866,0.71932917,0.986957348,0.858030047,0.804524835,0.005867808,0.001516399,0.64726021,0.997606395,BARBUNYA,3
38321,722.284,270.2614014,181.0696255,1.49258276,0.742379509,38658,220.8886882,0.809347808,0.991282529,0.923061652,0.817314967,0.007052567,0.001941265,0.668003755,0.997050888,DERMASON,0
80420,1161.915,413.4325044,248.2234946,1.665565563,0.799702352,82080,319.9905064,0.679733922,0.979775828,0.748557586,0.773984878,0.005140916,0.001138021,0.599052591,0.997761366,BARBUNYA,3
182494,1653.298,614.2726257,387.0123388,1.587217161,0.776567947,189173,482.0358674,0.745603857,0.964693693,0.83898882,0.784726272,0.003365988,0.000787345,0.615795322,0.977400902,BOMBAY,1
65935,1007.87,368.8649179,228.9836257,1.610879017,0.783985542,66901,289.7430748,0.681766482,0.985560754,0.815674411,0.785499137,0.005594372,0.001313754,0.617008895,0.993926682,BARBUNYA,3
68024,1011.261,380.5696407,230.3304484,1.652276733,0.796054083,69648,294.2972083,0.699187995,0.976682748,0.835883038,0.773307108,0.005594638,0.001234127,0.598003883,0.988067902,BARBUNYA,3
176818,1633.063,643.6465922,353.8156187,1.819158223,0.835358987,178964,474.4804209,0.730701203,0.988008762,0.833163929,0.73717538,0.003640164,0.000663108,0.54342754,0.988580678,BOMBAY,1
117034,1265.926,425.9237875,351.2151089,1.212714877,0.565721853,118019,386.0211353,0.746318911,0.991653886,0.917709597,0.906315042,0.003639317,0.001514664,0.821406955,0.996132434,BOMBAY,3
186103,1646.095,622.0727101,384.8835009,1.616262346,0.785618328,189236,486.7789015,0.797664052,0.983443954,0.863084757,0.782511262,0.003342626,0.00077309,0.612323875,0.989676023,BOMBAY,1
60171,1004.014,415.6779639,184.8593499,2.248617471,0.89567079,60961,276.7889027,0.579782621,0.987040895,0.75009722,0.665873409,0.006908277,0.000837753,0.443387396,0.997008646,HOROZ,2
84523,1141.272,431.6951295,250.5840348,1.72275592,0.814284997,85773,328.0518649,0.780049097,0.985426649,0.815467097,0.759915604,0.005107428,0.001050615,0.577471725,0.994842832,BARBUNYA,3
71694,1119.481,384.7961566,238.5989724,1.612731827,0.784549736,73042,302.1318188,0.757824639,0.981544865,0.718884668,0.785173692,0.005367202,0.001258319,0.616497726,0.994245504,BARBUNYA,3
68131,1036.382,357.7621194,243.6287019,1.468472789,0.732302394,69197,294.5285783,0.776917463,0.984594708,0.797103846,0.823252553,0.005251092,0.001487859,0.677744767,0.995249748,BARBUNYA,3
177906,1637.486,628.3163667,365.3822061,1.719614026,0.813527929,180773,475.9379733,0.790001643,0.984140331,0.833768087,0.757481419,0.003531732,0.000717225,0.573778101,0.98667687,BOMBAY,1
35772,693.316,245.5102084,185.6779934,1.322236437,0.654231454,36140,213.4158499,0.746416275,0.989817377,0.93517016,0.869274851,0.006863195,0.002417322,0.755638767,0.999133111,SEKER,0
78739,1122.368,394.8395595,254.7369628,1.549989272,0.764042635,80486,316.6285024,0.716590826,0.978294362,0.785469285,0.801916867,0.005014536,0.001279169,0.643070661,0.996752626,BARBUNYA,3
66166,974.533,364.3490237,232.0846216,1.569897312,0.770876743,66906,290.2501813,0.711768503,0.988939706,0.875490917,0.796626757,0.00550659,0.001367987,0.63461419,0.996279112,BARBUNYA,3
157188,1515.306,587.4231566,342.8149349,1.713528487,0.812047665,158675,447.3678325,0.802651198,0.990628643,0.860257696,0.761576774,0.003737074,0.000775472,0.579999182,0.993845121,BOMBAY,1
142399,1430.275,524.5884123,347.2617724,1.510642558,0.749530364,143783,425.8028158,0.79619234,0.990374384,0.874737426,0.811689328,0.003683933,0.000986395,0.658839565,0.995271086,BOMBAY,1
51698,884.134,347.2037517,190.8745918,1.819015032,0.83533051,52252,256.5617625,0.657819061,0.989397535,0.831088786,0.738937184,0.006716,0.001235152,0.546028162,0.993233434,SIRA,2
66882,1028.361,356.4977785,240.0874745,1.484866211,0.739222438,68146,291.816393,0.736456131,0.981451589,0.794745211,0.818564408,0.00533025,0.001476178,0.67004769,0.994931175,BARBUNYA,3
189236,1659.042,616.7189285,394.2323971,1.564353749,0.769005963,191867,490.8592043,0.69624277,0.986287376,0.863970397,0.795920446,0.003258994,0.000806755,0.633489356,0.991001449,BOMBAY,1
76202,1161.501,408.9017364,237.9166891,1.718676138,0.813300994,77700,311.4857939,0.715108859,0.980720721,0.709801737,0.761761974,0.005366024,0.001114576,0.580281305,0.997315632,BARBUNYA,3
63966,995.08,376.335588,218.1566158,1.72507071,0.814839676,65115,285.3840232,0.793229167,0.982354296,0.811788814,0.758323242,0.005883369,0.001200116,0.57505414,0.992009053,BARBUNYA,3
66456,1053.899,351.8617044,241.4055163,1.457554533,0.727525467,68026,290.8855569,0.720718376,0.976920589,0.751875748,0.826704223,0.005294657,0.001525521,0.683439872,0.996150883,BARBUNYA,3
174668,1618.159,631.7654455,356.5245112,1.772011252,0.825548959,178496,471.5869006,0.754880394,0.978554141,0.838264019,0.746458838,0.00361695,0.000692701,0.557200797,0.987366083,BOMBAY,1
50887,933.584,372.7356361,176.7878002,2.108378721,0.880364312,52212,254.5414322,0.578840204,0.974622692,0.733685459,0.682900715,0.007324771,0.000982662,0.466353386,0.983249555,HOROZ,2
191366,1681.844,642.8971264,383.3926337,1.676863533,0.802723457,193330,493.6139774,0.784119778,0.989841204,0.850165002,0.767796211,0.003359516,0.000720179,0.589511021,0.988529534,BOMBAY,1
64036,1028.773,354.6321181,230.4796943,1.538669682,0.760009408,65223,285.5401329,0.77692849,0.981800898,0.760317426,0.805172793,0.005538012,0.001435787,0.648303226,0.997524519,BARBUNYA,3
83203,1124.194,368.1338194,289.4455898,1.27185845,0.617907225,84723,325.4801835,0.809005698,0.982059181,0.827306285,0.884135514,0.004424526,0.001667715,0.781695606,0.994206163,BARBUNYA,3
79508,1120.351,410.471774,248.306459,1.653085367,0.796279082,80728,318.1709128,0.706888581,0.984887524,0.795998924,0.775134694,0.005162647,0.001149638,0.600833793,0.993229552,BARBUNYA,3
48439,810.37,297.981992,207.3178381,1.4373196,0.718294206,48883,248.343412,0.79979856,0.990917088,0.926911612,0.833417518,0.006151696,0.001830733,0.694584759,0.998340287,BARBUNYA,0
81173,1093.805,427.6173103,244.0500165,1.75217079,0.821144307,82655,321.4851063,0.782390361,0.98207005,0.852592784,0.751805642,0.005267975,0.001038116,0.565211723,0.990347471,CALI,3
61301,984.768,333.1379766,234.9036252,1.418190018,0.709083891,62463,279.3758353,0.788082535,0.981396987,0.794345734,0.838618995,0.005434462,0.00165804,0.70328182,0.997387257,BARBUNYA,3
84569,1198.651,418.4177751,260.8692699,1.603936621,0.781850438,86785,328.1411206,0.681898081,0.974465633,0.739665828,0.784242784,0.00494765,0.001154465,0.615036744,0.986479956,BARBUNYA,3
52187,975.927,311.1939098,215.7707987,1.442242935,0.720587066,53664,257.7722873,0.709043233,0.972476893,0.688553245,0.828333329,0.005963054,0.001731686,0.686136104,0.989574948,BARBUNYA,3
38137,731.632,275.4013263,176.7358042,1.558265613,0.766923011,38565,220.3577467,0.69973579,0.988901854,0.895304992,0.800133208,0.007221368,0.00182578,0.64021315,0.997622137,DERMASON,0
187761,1664.833,615.0686123,393.7663939,1.56201398,0.768208999,192202,488.942461,0.816710816,0.976894101,0.851282885,0.794939705,0.003275806,0.000806928,0.631929134,0.987082142,BOMBAY,1
72837,1052.169,371.9103821,250.0233364,1.487502677,0.74030814,73876,304.5307024,0.784450356,0.985935893,0.826781803,0.818828183,0.005106064,0.001415915,0.670479593,0.99734019,BARBUNYA,3
106806,1263.899,494.7270017,276.1764695,1.791343783,0.829679425,108109,368.7677085,0.705451087,0.987947349,0.840196318,0.745396365,0.004632015,0.000882061,0.55561574,0.995298802,CALI,3
72224,1079.909,377.8104376,243.8322799,1.549468502,0.763859482,73410,303.2465216,0.714558496,0.983844163,0.778246328,0.80264199,0.005231093,0.001339244,0.644234165,0.998220547,BARBUNYA,3
78657,1149.889,399.2833715,251.5902539,1.587038311,0.776510337,80316,316.4635885,0.785094023,0.979344091,0.747541665,0.792578933,0.00507626,0.001235645,0.628181365,0.996947892,BARBUNYA,3
80324,1099.039,404.7830228,254.2283386,1.592202604,0.778164291,81394,319.7994578,0.779224307,0.986854068,0.835658786,0.790051558,0.005039378,0.001211096,0.624181464,0.993823353,BARBUNYA,3
199021,1747.665,705.4098964,364.7685377,1.933856195,0.855924066,202063,503.3899159,0.783763242,0.984945289,0.818827445,0.713613345,0.003544399,0.000566989,0.509244006,0.984804677,BOMBAY,1
76217,1067.935,379.0568007,257.0248846,1.474786386,0.735002587,77190,311.5164496,0.736438827,0.98739474,0.839792659,0.821819973,0.004973389,0.001399391,0.675388068,0.996053127,BARBUNYA,3
205889,1779.422,687.7230434,384.4723515,1.788745122,0.829133175,208651,512.0019694,0.786183959,0.986762584,0.817118601,0.744488605,0.003340261,0.000632984,0.554263283,0.991435744,BOMBAY,1
76049,1131.395,384.6647554,253.412095,1.517941579,0.752329611,77435,311.1729328,0.831027625,0.982101117,0.746577439,0.808945786,0.005058117,0.001336123,0.654393284,0.993330775,BARBUNYA,3
181985,1622.689,597.6705159,390.6550596,1.529918789,0.756814721,184037,481.363167,0.771816208,0.988850068,0.868510099,0.805398885,0.003284175,0.000852413,0.648667364,0.992408388,BOMBAY,1
166343,1555.367,584.1850459,365.2635429,1.599352186,0.780421996,168381,460.2113488,0.783708911,0.987896497,0.864069415,0.787783515,0.00351193,0.00083436,0.620602866,0.992562551,BOMBAY,1
39345,834.349,271.2153929,186.4318545,1.454769592,0.726284644,40593,223.8204859,0.708459378,0.969255783,0.710238015,0.825249937,0.006893262,0.00197218,0.681037458,0.990752585,SIRA,0
159689,1538.969,566.5970992,362.4810343,1.563108261,0.768582278,161935,450.9127961,0.779761905,0.986130237,0.847276423,0.795826164,0.003548129,0.000877914,0.633339284,0.989977866,BOMBAY,1
78414,1108.022,352.2447759,285.3473979,1.234441872,0.586315636,80312,315.974375,0.705936369,0.976367168,0.802613953,0.897030692,0.004492116,0.001794155,0.804664062,0.993311011,BARBUNYA,3
149264,1501.818,581.2359196,329.4838723,1.764080031,0.823808839,151608,435.9458996,0.807705628,0.984539074,0.831630348,0.75003262,0.003894013,0.000760147,0.562548931,0.992381336,BOMBAY,1
39120,734.947,278.3169499,179.575513,1.549860252,0.76399728,39542,223.1795936,0.770321361,0.989327803,0.910115828,0.801890053,0.007114441,0.001814596,0.643027656,0.996603006,SIRA,0
55796,900.322,330.2017687,215.5174973,1.532134388,0.757630026,56573,266.5364396,0.770131125,0.986265533,0.865002185,0.807192647,0.005918019,0.001549762,0.651559969,0.998277434,BARBUNYA,3
81169,1095.175,430.5853201,240.9814743,1.786798431,0.828722173,81866,321.4771852,0.800001971,0.991486087,0.850419122,0.746605075,0.0053048,0.001016746,0.557419138,0.995995641,CALI,3
73887,1070.969,396.4265041,238.11329,1.66486509,0.799512636,74972,306.7178675,0.702181041,0.98552793,0.809513503,0.773706764,0.005365308,0.001185987,0.598622156,0.99662513,BARBUNYA,3
42713,830.978,271.7567634,200.6023582,1.354703733,0.674616079,43271,233.2035177,0.769936549,0.987104527,0.777303973,0.858133261,0.00636239,0.002128232,0.736392694,0.997593932,SEKER,0
69741,1033.122,385.5547428,231.6726386,1.664222177,0.799338259,70820,297.9882533,0.768241904,0.984764191,0.821097661,0.772881825,0.00552838,0.00121683,0.597346316,0.994116985,BARBUNYA,3
76547,1053.004,394.8820657,247.877357,1.593054204,0.778435151,77335,312.1901142,0.703072331,0.989810564,0.867517006,0.790590765,0.005158688,0.001243157,0.625033757,0.995712654,BARBUNYA,3
71016,1068.488,379.4987868,239.198684,1.586542118,0.776350386,72219,300.6998163,0.733537851,0.983342334,0.781675991,0.792360415,0.005343849,0.001299347,0.627835028,0.996086715,BARBUNYA,3
60416,997.116,352.2230726,219.5192104,1.604520497,0.7820313,61537,277.3518349,0.749708386,0.981783317,0.763607987,0.78743233,0.005829963,0.001382606,0.620049675,0.994882413,BARBUNYA,3
73151,1038.185,357.1029914,262.2102919,1.361895404,0.678856702,74289,305.1864118,0.796435415,0.984681447,0.852865667,0.854617349,0.004881724,0.001606349,0.730370813,0.994688653,BARBUNYA,3
171035,1631.451,614.2500673,361.1593732,1.70077288,0.808884201,175736,466.6567534,0.787744105,0.973249647,0.807507914,0.759717871,0.003591371,0.000737988,0.577171244,0.981637198,BOMBAY,1
38487,711.559,255.00387,192.3526295,1.325710341,0.656515436,38835,221.3665972,0.791327412,0.991039011,0.955217107,0.868091128,0.006625714,0.002320993,0.753582207,0.999031724,SEKER,0
70521,1023.438,352.4903476,255.6633402,1.378728555,0.688426688,71546,299.6500057,0.760514623,0.985673553,0.846067961,0.850094216,0.004998374,0.001610189,0.722660176,0.996352221,BARBUNYA,3
81552,1115.057,427.5548743,245.7604718,1.739721897,0.818290762,83067,322.2347457,0.723312165,0.98176171,0.824233655,0.753668745,0.005242727,0.00104342,0.568016578,0.988190879,CALI,2
82272,1161.277,439.7710967,239.0191388,1.839899093,0.839403944,83224,323.6540805,0.789528233,0.988560992,0.766637872,0.735960328,0.005345331,0.000967324,0.541637604,0.996558537,CALI,2
69013,1050.088,373.4753858,236.54976,1.578844915,0.773845482,70370,296.4288797,0.737751884,0.980716214,0.786483072,0.793703925,0.005411667,0.001324784,0.629965921,0.994618491,BARBUNYA,3
202626,1715.46,644.7516591,406.4288112,1.58638276,0.776298976,207843,507.9285737,0.744018506,0.974899323,0.865254454,0.787789479,0.003181979,0.000755993,0.620612263,0.984528595,BOMBAY,1
72268,1077.446,395.0114428,233.360339,1.692710272,0.806841072,73750,303.3388788,0.686997357,0.979905085,0.782284767,0.767924283,0.005465925,0.001172511,0.589707704,0.998204288,BARBUNYA,3
90481,1198.799,409.7641323,281.977795,1.453178724,0.725571675,92264,339.4171287,0.791146047,0.98067502,0.791178564,0.828323179,0.004528731,0.00131509,0.686119289,0.997053952,BARBUNYA,3
171423,1547.307,565.2782103,387.5673869,1.458528838,0.727957392,173027,467.1857687,0.768265137,0.99072977,0.899758534,0.826470506,0.003297563,0.000949035,0.683053498,0.996253224,BOMBAY,1
173967,1605.55,604.93982,370.0099489,1.634928525,0.79113039,176528,470.6396327,0.72534304,0.985492386,0.84806486,0.777994136,0.003477325,0.000785833,0.605274876,0.98958116,BOMBAY,1
64284,1038.268,351.4861893,233.4468719,1.505636749,0.747580843,65556,286.0925216,0.73023446,0.980596742,0.749365713,0.813950961,0.005467709,0.001480397,0.662516167,0.997508688,BARBUNYA,3
75531,1065.318,400.6359605,242.103777,1.654810864,0.796757881,76813,310.1113607,0.802343368,0.983310117,0.836327868,0.774047742,0.005304259,0.001174561,0.599149908,0.991479776,CALI,3
58274,983.251,399.9385568,188.4421428,2.122341377,0.882038289,59545,272.3908244,0.613778794,0.978654799,0.757453366,0.681081681,0.00686307,0.000910951,0.463872256,0.984495282,HOROZ,2
62075,991.584,336.6106271,237.7725894,1.415683061,0.707840007,63581,281.1340334,0.715966367,0.976313679,0.793355015,0.835190605,0.005422644,0.001627546,0.697543347,0.987500301,BARBUNYA,3
73478,1011.417,376.0807407,249.5667142,1.506934696,0.748088686,74153,305.8677742,0.776001183,0.990897199,0.902623617,0.813303477,0.005118277,0.001381383,0.661462546,0.996780861,BARBUNYA,3
66185,1035.179,338.3862849,249.4171013,1.356708434,0.675807632,67385,290.2918519,0.733408685,0.982191882,0.776137256,0.857871211,0.005112734,0.001708132,0.735943014,0.998460094,BARBUNYA,3
76307,1134.821,403.7899116,241.4418177,1.672410834,0.801541459,78040,311.7003207,0.777341999,0.977793439,0.744593972,0.77193687,0.00529165,0.001159039,0.595886532,0.996567092,BARBUNYA,3
69892,1052.973,389.8557707,228.6714658,1.704872837,0.809910114,71139,298.3106741,0.684269784,0.982470937,0.792141674,0.765182143,0.005577974,0.001179548,0.585503712,0.998209375,BARBUNYA,2
84005,1170.688,412.4733267,260.4731463,1.583554131,0.7753833,85663,327.0450855,0.798526616,0.980645086,0.770251702,0.792887841,0.004910104,0.001197064,0.628671129,0.995534762,BARBUNYA,3
62877,977.534,391.1334648,205.399362,1.904258421,0.851016587,63528,282.9443105,0.730864456,0.98975255,0.826871328,0.723395812,0.006220613,0.001050792,0.523301501,0.996501291,HOROZ,2
172941,1635.318,643.132308,347.714665,1.849597882,0.841242452,175771,469.2497417,0.721399074,0.983899506,0.812649731,0.729631735,0.003718796,0.000650125,0.532362469,0.984656495,BOMBAY,1
38331,702.785,237.5984187,205.9284597,1.153791074,0.498815772,38639,220.9175072,0.787974098,0.992028779,0.975247951,0.929793676,0.006198597,0.002857719,0.86451628,0.997471168,SEKER,0
69509,1061.856,374.3445949,237.9838502,1.572983186,0.771907628,71008,297.4921974,0.708986128,0.978889703,0.774675202,0.794701464,0.005385556,0.001325032,0.631550416,0.993418186,BARBUNYA,3
38488,748.479,286.4139234,171.3384257,1.671626912,0.801332202,39028,221.369473,0.679519774,0.98616378,0.863328282,0.772900529,0.007441642,0.00163811,0.597375228,0.998588508,SIRA,0
137075,1432.713,526.8980615,334.1175121,1.576984272,0.773233229,139517,417.767053,0.67699716,0.982496757,0.839169548,0.792880224,0.003843867,0.000937084,0.62865905,0.991385434,BOMBAY,1
73226,1051.986,365.2722353,256.8899954,1.421901366,0.71090934,74288,305.3428219,0.824115966,0.985704286,0.8314866,0.835932196,0.004988286,0.001502503,0.698782637,0.993599986,BARBUNYA,3
50166,893.846,313.0215817,204.6558146,1.529502508,0.756661043,51209,252.7317451,0.7625171,0.979632486,0.789030763,0.807393994,0.006239716,0.001635636,0.651885062,0.997059837,BARBUNYA,3
73412,1058.56,344.8326496,271.4886535,1.270154922,0.616563051,74526,305.7303738,0.799259662,0.985052197,0.82327696,0.886605065,0.004697225,0.001790366,0.786068542,0.998428828,BARBUNYA,3
71197,1032.165,376.2982279,241.221986,1.559966544,0.767507982,72221,301.0827725,0.775566449,0.985821299,0.839795033,0.800117434,0.00528531,0.001336181,0.640187908,0.998671718,BARBUNYA,3
65732,974.417,380.5056441,220.4716004,1.725871466,0.815030949,66557,289.2967019,0.765411398,0.98760461,0.869955436,0.760295429,0.005788743,0.001193146,0.578049139,0.997638516,BARBUNYA,3
146153,1476.383,526.1933264,356.528288,1.475881001,0.73546621,149267,431.3789276,0.731936098,0.979138055,0.842596259,0.819810716,0.003600291,0.001003164,0.67208961,0.991924286,BOMBAY,1
58469,951.946,358.0763383,209.1198282,1.712302182,0.811747134,59369,272.8461892,0.705840456,0.984840573,0.810794704,0.761977713,0.006124208,0.0012735,0.580610035,0.994179829,BARBUNYA,2
68570,1035.111,367.7931032,238.7005824,1.540813598,0.760781777,69869,295.4759476,0.707636739,0.981408064,0.80421129,0.803375444,0.005363761,0.001378235,0.645412104,0.994459746,BARBUNYA,3
82896,1107.807,429.8403264,247.6613612,1.735597044,0.817329452,84124,324.8791549,0.765542462,0.985402501,0.848819267,0.755813578,0.005185296,0.001043788,0.571254164,0.991467039,CALI,3
186003,1660.027,633.3096037,374.2694279,1.692122189,0.806690699,187431,486.6481019,0.778470205,0.992381196,0.848202424,0.768420531,0.003404835,0.000732271,0.590470112,0.999147579,BOMBAY,1
64717,954.219,329.0857416,250.6054893,1.313162543,0.648141,65499,287.0544262,0.789992798,0.988060886,0.893165875,0.872278528,0.005084997,0.001815897,0.76086983,0.999145761,BARBUNYA,0
81544,1086.127,370.8548849,282.3011022,1.313685572,0.648497059,82606,322.2189402,0.827412661,0.987143791,0.868641662,0.868854513,0.004547911,0.001598748,0.754908164,0.991711963,BARBUNYA,3
38325,720.488,263.1013581,186.158153,1.413321705,0.706660289,38695,220.9002163,0.806842105,0.990438041,0.927766152,0.839601201,0.006865006,0.002104325,0.704930177,0.996293119,DERMASON,0
82319,1166.127,391.4223967,268.9452484,1.455398074,0.72656547,83725,323.7465152,0.69030608,0.983206927,0.760708464,0.827102685,0.004754946,0.00137266,0.684098851,0.995636151,BARBUNYA,3
149462,1505.818,564.9686079,341.4807662,1.654466851,0.796662565,152402,436.2349468,0.798135253,0.980708915,0.828315303,0.772140152,0.003780015,0.000828815,0.596200415,0.986393822,BOMBAY,1
32578,657.571,227.037574,182.8423057,1.241712486,0.592813998,32901,203.6654067,0.781922043,0.990182669,0.946779791,0.89705595,0.006969046,0.002783756,0.804709378,0.999217682,SEKER,0
36918,727.642,272.6541286,172.5646057,1.580011889,0.77422813,37365,216.8074203,0.767079455,0.988036933,0.876218688,0.795173803,0.007385398,0.001821386,0.632301377,0.999043693,DERMASON,0
182835,1612.474,572.7845688,408.7107613,1.401442348,0.700603718,184739,482.4860124,0.813619737,0.989693568,0.883657075,0.842351625,0.003132795,0.000972939,0.709556261,0.994402192,BOMBAY,1
53755,929.598,325.297157,210.939448,1.542135244,0.761255922,54945,261.6161152,0.719111194,0.978341978,0.781696863,0.804237324,0.006051477,0.00156163,0.646797674,0.997449489,BARBUNYA,3
85127,1130.235,443.9961425,246.7552517,1.799338168,0.83134285,86501,329.221905,0.738027119,0.984115791,0.837412981,0.741497219,0.005215691,0.00097259,0.549818126,0.98930874,CALI,2
157119,1483.123,530.0022279,379.4318941,1.396830989,0.698196446,158406,447.2696324,0.773870857,0.991875308,0.897602866,0.843901419,0.003373254,0.001055348,0.712169605,0.994780574,BOMBAY,1
71236,1055.392,345.968599,264.7407459,1.306820368,0.643773488,72582,301.1652241,0.826422887,0.981455457,0.80367747,0.870498724,0.004856654,0.001720242,0.757768029,0.990266694,BARBUNYA,3
41885,761.417,275.5852317,193.8251485,1.421823916,0.71087144,42351,230.9321076,0.809199977,0.988996718,0.907869123,0.837969822,0.006579569,0.002001201,0.702193423,0.998395403,SIRA,0
66365,1009.445,345.0726958,245.3735889,1.406315559,0.703113173,67543,290.6863299,0.793460067,0.982559259,0.818433957,0.84239157,0.005199619,0.001615129,0.709623557,0.997954649,BARBUNYA,3
55138,925.042,385.2023532,183.8776995,2.09488347,0.878711338,55683,264.9601518,0.810185729,0.990212453,0.809725786,0.687846659,0.00698615,0.000964682,0.473133026,0.991158556,HOROZ,2
72360,1091.04,369.6112501,250.6756945,1.474459863,0.734864032,74162,303.5318986,0.743602919,0.975701842,0.763883406,0.821219318,0.00510795,0.001433056,0.674401168,0.994377453,BARBUNYA,3
150169,1496.077,562.8234368,342.7948749,1.641866545,0.793121922,151971,437.2654905,0.779026276,0.988142475,0.843106155,0.776914147,0.003747934,0.000842294,0.603595592,0.99102341,BOMBAY,1
41210,755.903,281.694069,186.9879917,1.506482135,0.747911802,41735,229.0637502,0.777664553,0.98742063,0.906317447,0.813164974,0.006835576,0.001843612,0.661237274,0.996142141,SIRA,0
64214,1087.234,373.9952469,219.543195,1.703515551,0.809571451,66325,285.9367135,0.675823019,0.968171881,0.682642837,0.764546384,0.005824201,0.001227528,0.584531173,0.995757943,BARBUNYA,2
78477,1141.441,382.8720741,262.094354,1.46081771,0.728967686,80301,316.1012808,0.754296424,0.977285463,0.756911878,0.825605476,0.004878781,0.001398239,0.681624402,0.995728997,BARBUNYA,3
71797,1065.587,367.0297945,250.0991472,1.467537169,0.731898426,73023,302.3487714,0.695356991,0.983210769,0.794581291,0.823771737,0.005112049,0.001452119,0.678599875,0.99587054,BARBUNYA,3
166208,1531.455,564.8854422,377.1336328,1.497838944,0.744494565,167540,460.0245627,0.758982227,0.99204966,0.890539746,0.814367885,0.003398666,0.000922085,0.663195052,0.993359376,BOMBAY,1
41837,764.055,292.4190772,182.7281369,1.600295839,0.780717242,42166,230.7997462,0.685021449,0.992197505,0.90057763,0.789277322,0.006989485,0.001673183,0.622958691,0.996918201,DERMASON,0
210260,1739.133,648.6103637,417.8989247,1.552074737,0.7647738,213691,517.4082978,0.823341452,0.983944106,0.873576479,0.797718209,0.003084802,0.000770557,0.636354341,0.987669497,BOMBAY,1
67309,1023.514,401.7107937,214.1820639,1.875557581,0.846005115,68457,292.7464441,0.774976109,0.983230349,0.807412423,0.728749261,0.005968159,0.001038323,0.531075486,0.996062653,BARBUNYA,2
40517,746.698,283.6432826,182.3308525,1.555651601,0.766019401,40950,227.1295812,0.77954786,0.989426129,0.913181636,0.800757836,0.007000599,0.001775496,0.641213112,0.997504204,SIRA,0
42743,771.732,268.9633822,202.8777724,1.325741007,0.656535483,43327,233.2854,0.742104624,0.986521107,0.901865653,0.867350039,0.006292571,0.002196775,0.75229609,0.997349776,SEKER,0
251432,1919.868,719.1256904,450.9261867,1.594774736,0.778980775,257425,565.8031152,0.766776047,0.976719433,0.857210879,0.786793078,0.00286012,0.000676093,0.619043347,0.987234691,BOMBAY,1
63888,1027.994,370.1141119,221.0987892,1.673976204,0.80195827,65071,285.2099718,0.808831721,0.981819858,0.75971027,0.770600101,0.005793171,0.001260121,0.593824515,0.994048108,BARBUNYA,3
186431,1677.124,642.8633744,375.0821166,1.71392702,0.812145171,189926,487.2076781,0.814002532,0.981598096,0.832909174,0.757871264,0.003448264,0.000701717,0.574368853,0.984426296,BOMBAY,1
72633,1071.572,381.5562405,243.6318267,1.566118211,0.769604064,73795,304.1039425,0.716641013,0.984253676,0.794879199,0.797009484,0.005253208,0.00130755,0.635224118,0.99483606,BARBUNYA,3
158083,1508.225,582.5025195,348.1777587,1.673003243,0.801699363,159942,448.6396404,0.77128708,0.988377037,0.873298597,0.770193476,0.003684789,0.000799819,0.593197991,0.992422163,BOMBAY,1
66437,1103.644,383.6814688,221.5038384,1.73216623,0.816523783,68544,290.8439713,0.668380282,0.969260621,0.685428036,0.758034972,0.005775117,0.001176244,0.574617018,0.995332194,BARBUNYA,2
62169,1006.857,350.4064815,226.2702692,1.548619192,0.763560292,63136,281.3468131,0.746075749,0.984683857,0.770633986,0.802915551,0.005636354,0.001444966,0.644673382,0.998353572,BARBUNYA,3
159048,1511.124,564.0080169,362.6188926,1.555374054,0.765923128,161042,450.0068923,0.797352985,0.987618137,0.875261589,0.79787322,0.00354615,0.000886487,0.636601675,0.990153727,BOMBAY,1
51674,910.012,318.8858574,206.9663203,1.540762077,0.760763263,52718,256.5022032,0.797721413,0.980196517,0.784129344,0.804369956,0.006171108,0.001593552,0.647011026,0.996890053,BARBUNYA,3
54677,911.022,308.8539034,226.3985709,1.364204298,0.680198424,55858,263.8501821,0.753012629,0.978857102,0.827859835,0.854287996,0.005648699,0.001855861,0.729807979,0.995607182,BARBUNYA,0
63905,1030.26,356.7067045,228.9156537,1.558245139,0.766915955,65322,285.2479152,0.713671491,0.978307461,0.756573327,0.799670742,0.005581828,0.001407995,0.639473296,0.996456155,BARBUNYA,3
71601,1107.086,399.3117342,229.1974357,1.742217285,0.818868464,73088,301.9357956,0.643801252,0.979654663,0.734118611,0.756140553,0.005576902,0.001124561,0.571748536,0.996110183,BARBUNYA,2
221428,1812.571,679.7200367,417.6382009,1.627533198,0.788973839,225247,530.9716432,0.805339153,0.983045279,0.846939419,0.781162265,0.003069711,0.000705086,0.610214484,0.99314433,BOMBAY,1
78844,1086.074,411.1303725,246.7518536,1.666169338,0.79986565,80130,316.8395472,0.680463976,0.983951079,0.839962078,0.770654684,0.005214479,0.001134567,0.593908642,0.989552368,CALI,3
62321,965.024,382.5364271,208.0815251,1.838396883,0.839116214,62943,281.6905424,0.699544271,0.990118043,0.840945883,0.736375734,0.006138163,0.00111331,0.542249222,0.99686928,HOROZ,2
63512,1022.604,358.4412686,226.3641303,1.583472028,0.775356632,64721,284.3694603,0.696747299,0.981319819,0.763221645,0.793350223,0.005643678,0.001379119,0.629404576,0.996644541,BARBUNYA,3
56204,899.17,300.3835241,238.9591697,1.257049581,0.605935772,57330,267.5091688,0.751671749,0.980359323,0.873561473,0.890558727,0.005344522,0.002073666,0.793094846,0.996959544,SEKER,0
70304,1058.424,437.5059023,205.3414761,2.130626071,0.88301455,71044,299.1886244,0.775075519,0.98958392,0.788625001,0.683850487,0.006223058,0.000839515,0.467651489,0.996390454,HOROZ,2
207673,1755.004,659.2733366,405.1692712,1.627155324,0.788862697,210788,514.2153984,0.733686858,0.985222119,0.847293119,0.779972994,0.003174574,0.000724742,0.608357872,0.98989275,BOMBAY,1
46581,974.023,364.7815262,164.4353247,2.218389064,0.892636317,47874,243.5339221,0.743511572,0.972991603,0.616993015,0.667615832,0.007831123,0.000959644,0.445710899,0.988760185,HOROZ,2
55429,911.762,327.8248583,215.9097795,1.51834187,0.752481661,56253,265.6584174,0.728763197,0.985351892,0.837884066,0.81036691,0.00591432,0.001573299,0.656694528,0.997086798,BARBUNYA,3
71442,1083.116,355.2270025,256.4724277,1.38504948,0.691897368,72935,301.600364,0.787326427,0.979529718,0.76526795,0.84903558,0.004972243,0.001593807,0.720861415,0.998428728,BARBUNYA,3
75101,1065.121,416.2620854,232.5406142,1.790061865,0.829410303,76439,309.2273647,0.807763461,0.982495846,0.831874265,0.742866995,0.005542697,0.001041226,0.551851373,0.987848097,CALI,2
90494,1208.656,427.6731339,270.2006607,1.582798254,0.775137594,92071,339.441511,0.686288488,0.982871914,0.778438352,0.793693791,0.004725983,0.001156868,0.629949834,0.997083497,BARBUNYA,3
55387,883.864,328.4568228,215.2324142,1.526056492,0.755382833,55945,265.5577501,0.80264035,0.990025918,0.890936632,0.808501245,0.005930215,0.00156305,0.653674263,0.997543852,BARBUNYA,3
62626,993.13,363.8432009,219.8378372,1.655052677,0.796824837,63602,282.3790002,0.768483183,0.984654571,0.797907111,0.776100802,0.005809779,0.001300205,0.602332456,0.996891943,BARBUNYA,3
22190,564.639,202.9816946,139.9455813,1.450433037,0.724333972,22701,168.0868392,0.773602008,0.977489978,0.87463212,0.828088658,0.00914744,0.002653302,0.685730826,0.994606645,DERMASON,0
70380,1081.527,369.9593546,244.26955,1.514553716,0.751036661,71769,299.3502951,0.80008185,0.98064624,0.756108978,0.809143738,0.005256598,0.001389912,0.654713589,0.991598899,BARBUNYA,3
59403,960.008,348.6860621,217.4451123,1.603558978,0.781733331,60252,275.0168153,0.730996887,0.985909181,0.809969263,0.788723282,0.005869839,0.001401214,0.622084415,0.99754905,BARBUNYA,3
67516,1006.963,337.1366573,256.0264642,1.316803942,0.650607121,68525,293.1962502,0.791772211,0.985275447,0.836738096,0.869665887,0.004993434,0.001761931,0.756318755,0.995923518,BARBUNYA,3
39030,740.165,275.8259887,181.0642004,1.523360156,0.75437512,39538,222.9227208,0.768639962,0.987151601,0.895264421,0.808200568,0.007067025,0.001859915,0.653188158,0.995040815,SIRA,0
63685,1062.512,369.6487795,221.383102,1.669724455,0.800822913,65204,284.7564932,0.809232763,0.976703883,0.708890783,0.770343388,0.00580433,0.001260867,0.593428936,0.990862806,BARBUNYA,3
102379,1296.377,456.7220677,286.557574,1.593823054,0.778679239,104111,361.0443066,0.739412105,0.98336391,0.765522769,0.790512069,0.004461091,0.00107462,0.624909331,0.995994898,BARBUNYA,3
55885,883.311,336.1980754,213.2377875,1.576634607,0.773117875,56476,266.7489306,0.801057852,0.989535378,0.900073223,0.793427893,0.006015891,0.001470651,0.629527821,0.992535349,SIRA,3
174325,1617.626,608.1851598,369.6825682,1.645155093,0.794055374,177123,471.1236394,0.766075164,0.984203068,0.837169313,0.774638499,0.003488801,0.000774912,0.600064804,0.987199669,BOMBAY,1
65561,1019.868,430.7485527,195.0269262,2.208661959,0.891630997,66135,288.9201582,0.761345689,0.991320783,0.792077182,0.670739707,0.006570195,0.000820303,0.449891755,0.993658805,HOROZ,2
54147,919.032,381.7296669,181.3909471,2.104458205,0.8798877,54671,262.5682799,0.60764224,0.990415394,0.805606565,0.687838286,0.007049877,0.000973434,0.473121508,0.99566444,HOROZ,2
70881,1019.768,353.9548636,255.5403288,1.3851233,0.691937519,71954,300.4138681,0.758572346,0.985087695,0.85651888,0.848734963,0.004993649,0.001598403,0.720351038,0.997775007,BARBUNYA,3
65301,1011.629,357.962786,232.5992193,1.538968132,0.760117168,66437,288.3466933,0.773177201,0.982901094,0.801838961,0.805521424,0.005481735,0.00142366,0.648864765,0.998582195,BARBUNYA,3
58947,930.106,324.8758611,231.8918465,1.400980095,0.700363851,59792,273.9592149,0.776047289,0.985867675,0.856262017,0.843273532,0.005511321,0.001719133,0.71111025,0.996251306,BARBUNYA,3
82073,1106.614,424.2211625,249.3896709,1.701037421,0.808950659,83672,323.2624153,0.771377282,0.980889664,0.842205071,0.762013883,0.005168827,0.001075037,0.580665158,0.987733163,CALI,3
151012,1488.97,557.4054506,349.6737795,1.594072771,0.778758424,153816,438.4911061,0.739037663,0.981770427,0.855952034,0.786664547,0.003691133,0.000871963,0.618841109,0.986477761,BOMBAY,1
33607,690.171,214.7652972,199.5241432,1.076387518,0.369995763,34162,206.8568621,0.770802752,0.983753879,0.886596875,0.963176382,0.006390493,0.003392637,0.927708744,0.998574112,SEKER,0
60444,1015.689,353.4415739,218.5384799,1.617296753,0.785929816,61940,277.4160973,0.744897959,0.975847594,0.736277557,0.784899451,0.005847422,0.00136899,0.616067148,0.996363398,BARBUNYA,3
66874,1024.488,408.2395189,209.5480011,1.948190948,0.858211215,67877,291.7989399,0.80164467,0.985223272,0.800669736,0.714773868,0.006104607,0.000982906,0.510901682,0.995334032,CALI,2
71368,1067.432,386.6664679,235.8136101,1.639712261,0.792506783,72557,301.4441239,0.711545364,0.983612884,0.787105513,0.779597273,0.005417925,0.001234508,0.607771908,0.996571049,BARBUNYA,3
69693,1028.815,401.549167,223.9066604,1.793377501,0.830105017,71239,297.8856888,0.815981735,0.978298404,0.827417017,0.741841132,0.005761686,0.001076398,0.550328266,0.98694633,CALI,2
83175,1111.879,400.1873429,266.1833759,1.503427258,0.746712517,84511,325.4254126,0.802731265,0.984191407,0.845449395,0.813182671,0.00481139,0.001297785,0.661266057,0.994165415,BARBUNYA,3
76729,1058.497,397.6171783,247.1648798,1.608712284,0.783322762,77498,312.5610293,0.805503065,0.990077163,0.860577801,0.786085326,0.005182098,0.001220574,0.61793014,0.994071807,BARBUNYA,3
71682,1058.192,388.2167355,236.420938,1.642057335,0.793176261,72768,302.1065326,0.765391761,0.985075858,0.804435134,0.778190389,0.005415819,0.001225145,0.605580282,0.994397545,BARBUNYA,3
36144,730.977,271.9255104,169.5989374,1.603344422,0.781666753,36732,214.5226564,0.689797321,0.983992159,0.850038611,0.788902285,0.007523393,0.001797572,0.622366815,0.997868361,SIRA,0
88647,1194.981,398.9848559,283.3704901,1.407997197,0.703971031,90537,335.9596195,0.7386696,0.979124557,0.780102925,0.842036019,0.004500828,0.001395709,0.709024657,0.998304729,BARBUNYA,3
74450,1065.064,379.3921123,250.7613451,1.512960907,0.750425,75382,307.8842057,0.797348241,0.987636306,0.824751578,0.811519786,0.005095932,0.001363326,0.658564363,0.996382136,BARBUNYA,3
190239,1658.79,615.3651524,394.5142925,1.559804458,0.76745234,192195,492.1583259,0.790134071,0.989822836,0.868813582,0.799782575,0.003234695,0.000816396,0.639652167,0.997732301,BOMBAY,1
27439,609.885,216.9513012,162.2437839,1.337193302,0.663884598,27893,186.912867,0.759662237,0.983723515,0.927005348,0.861542964,0.007906677,0.002687086,0.742256279,0.992540124,DERMASON,0
47542,876.316,338.4535058,186.8224659,1.811631723,0.833851678,50332,246.0332385,0.706335057,0.944568068,0.777975337,0.726933639,0.007119042,0.001226254,0.528432515,0.957325108,HOROZ,2
56970,998.315,322.6941698,225.9358759,1.428255555,0.713991063,58070,269.3259305,0.777991724,0.981057345,0.718324849,0.834616661,0.005664282,0.001695403,0.696584971,0.994901354,BARBUNYA,3
58849,959.596,366.160794,205.5118737,1.781701404,0.827638679,59683,273.7313902,0.720526477,0.986026172,0.803104563,0.747571544,0.006222039,0.001198736,0.558863214,0.995727373,HOROZ,2
152063,1455.551,524.784869,371.247487,1.413571505,0.706785461,153860,440.0143462,0.764450678,0.988320551,0.901941903,0.838466145,0.003451102,0.001052155,0.703025477,0.993776781,BOMBAY,1
54037,920.421,375.4532964,186.7460967,2.01050144,0.867527997,55561,262.3014397,0.706680093,0.972570688,0.801545271,0.698626014,0.006948078,0.001020995,0.488078307,0.981282139,HOROZ,2
194219,1695.206,639.867505,392.1446533,1.63171294,0.790197019,197270,497.2799123,0.820812449,0.984533888,0.849291184,0.777160753,0.003294567,0.000741347,0.603978837,0.985520083,BOMBAY,1
73215,1134.894,375.2265882,249.668715,1.502897903,0.746503763,74746,305.3198868,0.776248688,0.979517299,0.714330725,0.813694702,0.005124996,0.00138586,0.662099068,0.9950673,BARBUNYA,3
71200,1034.189,353.4357352,258.4528217,1.36750581,0.682100631,72192,301.0891157,0.788465372,0.986258865,0.83654639,0.851892114,0.004963985,0.001612682,0.725720174,0.992426554,BARBUNYA,3
77456,1095.843,400.1388351,248.4560947,1.610501186,0.7838702,78640,314.0382814,0.835681764,0.984944049,0.810528432,0.784823301,0.005166015,0.001208991,0.615947614,0.991984362,BARBUNYA,3
54609,922.437,360.9467553,193.2920089,1.86736512,0.844526406,55383,263.6860601,0.719258732,0.986024592,0.806493104,0.730540048,0.006609657,0.001161274,0.533688762,0.99659178,HOROZ,2
226687,1839.808,720.6955205,405.5372409,1.777137703,0.826659415,231500,537.2400326,0.758383851,0.979209503,0.841572379,0.74544661,0.003179254,0.000605579,0.555690648,0.987538802,BOMBAY,1
73118,1060.231,410.4364911,227.4694997,1.80435835,0.832374463,74002,305.1175659,0.805974427,0.988054377,0.817397247,0.743397755,0.005613344,0.001057515,0.552640222,0.997160998,BARBUNYA,2
33844,669.837,239.1680949,180.3396663,1.326209036,0.656841191,34202,207.5849685,0.763800497,0.989532776,0.947879835,0.867945905,0.00706678,0.002473842,0.753330093,0.999073177,DERMASON,0
149824,1454.249,532.7822258,359.670821,1.481305112,0.737744195,151188,436.7629123,0.823208791,0.99097812,0.890253529,0.819777559,0.003556054,0.000990677,0.672035246,0.995489245,BOMBAY,1
163329,1542.364,581.8152915,360.5469962,1.613701675,0.784844127,165504,456.0229617,0.731066371,0.986858324,0.862778685,0.783793359,0.003562229,0.000829293,0.61433203,0.991348625,BOMBAY,1
56247,944.16,325.14083,221.0555229,1.470855944,0.733326876,57246,267.6114808,0.776356108,0.982548999,0.792899298,0.823063289,0.00578059,0.001636383,0.677433177,0.996406616,BARBUNYA,3
66423,967.29,351.1412885,241.1765389,1.455951272,0.726812267,67104,290.8133255,0.754995567,0.989851574,0.892102907,0.828194619,0.005286441,0.001534168,0.685906326,0.998646188,BARBUNYA,3
59172,973.722,371.4188819,203.6719435,1.823613383,0.836241165,60008,274.4815665,0.695592886,0.986068524,0.784252926,0.739008112,0.006276936,0.001154847,0.546132989,0.995935428,HOROZ,2
41326,742.671,273.5735168,192.8118431,1.41886262,0.709416126,41701,229.3859137,0.777886534,0.99100741,0.941543314,0.838479969,0.006619889,0.002018372,0.703048658,0.99752946,SEKER,0
79420,1178.357,399.0865136,253.9701819,1.571391219,0.771376737,80997,317.9947871,0.717304913,0.980530143,0.718763433,0.796806648,0.005025013,0.001249478,0.634900834,0.997677596,BARBUNYA,3
85477,1117.431,414.7149833,263.45565,1.574135849,0.772290788,86390,329.8980093,0.791483018,0.989431647,0.86023618,0.795481289,0.004851773,0.001198395,0.632790481,0.99609818,BARBUNYA,3
157579,1512.321,558.9937995,362.314853,1.542839867,0.761508089,159950,447.9238933,0.710932953,0.985176618,0.865805297,0.801303867,0.003547388,0.000902147,0.642087888,0.990638791,BOMBAY,1
46901,834.492,312.8108532,193.4572292,1.616950964,0.785825769,47989,244.3689994,0.744637612,0.977328138,0.846345348,0.781203711,0.006669599,0.001532275,0.610279238,0.986791603,SIRA,3
35734,700.162,249.4697994,182.9150412,1.363856125,0.679996702,36085,213.3024657,0.766495066,0.990272967,0.915997786,0.855023198,0.006981301,0.002301589,0.731064669,0.997067027,SEKER,0
53937,922.703,377.5391788,186.636221,2.022861247,0.869263361,55245,262.0586219,0.621644672,0.976323649,0.796109462,0.694122985,0.006999633,0.001002307,0.481806719,0.97462814,HOROZ,2
66026,1010.329,348.7042819,242.2920323,1.439190049,0.719168933,67246,289.9429499,0.771412882,0.981857657,0.812829044,0.831486635,0.005281318,0.001557196,0.691370024,0.995012858,BARBUNYA,3
83735,1191.134,403.2032319,265.0398653,1.521292774,0.753597917,85557,326.5190856,0.747941119,0.978704256,0.74164427,0.80981267,0.004815229,0.001277424,0.65579656,0.997658568,BARBUNYA,3
66441,1008.386,355.990227,238.0628802,1.495362178,0.743501458,67698,290.8527266,0.747603295,0.981432243,0.821093113,0.81702447,0.00535799,0.001472726,0.667528985,0.998197597,BARBUNYA,3
145339,1465.758,543.2584514,342.4687548,1.586300776,0.776272521,147256,430.1759665,0.695958014,0.986981855,0.850095046,0.791844039,0.003737871,0.000906489,0.627016983,0.994637526,BOMBAY,1
72269,1055.163,360.1199184,256.9792484,1.401357972,0.700559959,73565,303.3409775,0.80427573,0.982382927,0.815685611,0.84233324,0.004983048,0.001547429,0.709525287,0.994298917,BARBUNYA,3
40101,782.797,312.0999066,164.072804,1.902203772,0.850666307,40619,225.9605695,0.710632642,0.987247347,0.822369058,0.72400076,0.007782846,0.00131909,0.5241771,0.997091658,HOROZ,2
199437,1707.904,634.5901354,403.7199053,1.571857436,0.771532417,201610,503.915742,0.794193191,0.989221765,0.859188955,0.794080642,0.003181908,0.000780415,0.630564066,0.991156816,BOMBAY,1
70924,1079.045,391.0066504,232.6839979,1.680419169,0.803659348,72038,300.5049774,0.827343249,0.984535939,0.765462592,0.768541858,0.005513037,0.001186426,0.590656587,0.992550651,BARBUNYA,3
175512,1606.945,602.3650349,374.4872145,1.608506276,0.783259578,177479,472.7248872,0.78507432,0.988916999,0.854111666,0.78478142,0.003432045,0.000803022,0.615881877,0.990649864,BOMBAY,1
38212,750.195,270.0110103,180.4308842,1.496478896,0.743950002,38941,220.5743174,0.747130707,0.981279371,0.853220541,0.816908604,0.007066131,0.001941133,0.667339666,0.998659727,DERMASON,0
78217,1171.758,400.5241402,249.4304055,1.605755078,0.782412939,80156,315.5772132,0.696376425,0.975809671,0.715871651,0.787910594,0.005120679,0.001217349,0.620803104,0.996857737,BARBUNYA,3
62831,1046.743,356.0906095,225.7874732,1.57710525,0.773273119,64195,282.8407924,0.748273152,0.978752239,0.720615676,0.794294443,0.005667435,0.001391529,0.630903662,0.995001478,BARBUNYA,3
79544,1088.996,393.1791912,258.7680507,1.519427109,0.75289313,80500,318.2429361,0.828583333,0.988124224,0.842878006,0.809409407,0.004942915,0.001308687,0.655143588,0.995442928,BARBUNYA,3
79278,1088.437,420.0452858,241.1781364,1.741639156,0.818734879,80286,317.7103785,0.757568229,0.987444885,0.840922468,0.756371728,0.005298384,0.001069706,0.57209819,0.996388609,BARBUNYA,3
59788,929.595,338.3942039,225.9940329,1.497359021,0.744302619,60493,275.9065891,0.70504717,0.988345759,0.869433423,0.815340765,0.005659902,0.001542927,0.664780563,0.995415173,CALI,3
157916,1508.395,574.5180542,350.8609194,1.637452399,0.791858369,159638,448.4026047,0.76832057,0.989213095,0.872179411,0.780484793,0.003638124,0.000832751,0.609156512,0.997464793,BOMBAY,1
50169,935.271,382.9921816,173.3579023,2.209257129,0.891692924,52625,252.7393019,0.761520947,0.953330166,0.720726303,0.65990721,0.007634041,0.000893029,0.435477525,0.962081827,HOROZ,2
70966,1032.731,386.4901941,237.0890354,1.630147904,0.789740343,72555,300.5939413,0.685661836,0.978099373,0.836153022,0.777753086,0.005446132,0.001229235,0.604899863,0.986076244,CALI,3
42101,761.563,272.6025663,196.9605551,1.384046497,0.691350982,42573,231.5267977,0.716807982,0.988913161,0.912201125,0.849319949,0.006474967,0.002078273,0.721344376,0.998374156,SEKER,0
64828,1010.288,356.174454,232.8480203,1.529643471,0.756713099,65960,287.3004929,0.743406266,0.982838084,0.798145553,0.806628577,0.005494145,0.001434744,0.650649661,0.995262005,BARBUNYA,3
170711,1565.459,592.6428157,368.8767858,1.606614562,0.782677998,172417,466.2145385,0.793340459,0.990105384,0.875362575,0.786670362,0.003471615,0.00082013,0.618850259,0.994253838,BOMBAY,1
159200,1537.846,577.6799314,354.2113808,1.630890374,0.789957192,162095,450.2218737,0.80306699,0.982140103,0.845915987,0.779362151,0.003628643,0.000825812,0.607405362,0.990611558,BOMBAY,1
48638,874.666,303.607016,204.6563236,1.483496872,0.738655623,49543,248.8530188,0.776865576,0.98173304,0.798915933,0.819655033,0.006242177,0.001737962,0.671834374,0.996664192,BARBUNYA,3
79765,1085.663,420.8694905,243.2055601,1.730509329,0.816132684,80680,318.6847224,0.812502547,0.988658899,0.850417443,0.75720557,0.005276368,0.001069966,0.573360275,0.992205305,CALI,3
156645,1504.799,569.848846,352.3202346,1.61741731,0.785966072,158624,446.5944564,0.776065793,0.987523956,0.869299467,0.783706872,0.003637836,0.000846521,0.614196461,0.993411987,BOMBAY,1
33179,710.538,260.9426715,162.9637043,1.601231836,0.781009468,33941,205.5354345,0.689161682,0.977549277,0.825844989,0.787665096,0.007864694,0.00186736,0.620416304,0.993430338,DERMASON,0
81478,1117.727,440.7434947,236.2593473,1.865507121,0.844187967,82197,322.0885152,0.759659133,0.991252722,0.8195562,0.730784502,0.005409356,0.000951662,0.534045988,0.996266594,CALI,2
53874,913.878,326.2558272,210.6497576,1.548807038,0.763626518,54878,261.9055311,0.736587367,0.981704873,0.810611276,0.802761236,0.006055905,0.001551331,0.644425602,0.998090908,BARBUNYA,3
70002,1048.285,382.0247492,234.1121031,1.631802646,0.790223147,71186,298.5453309,0.705750696,0.983367516,0.80050043,0.781481649,0.00545734,0.001255556,0.610713568,0.996564015,BARBUNYA,3
59582,943.815,331.5527716,229.2148249,1.446471762,0.722532093,60606,275.4308598,0.743177169,0.983103983,0.840526075,0.830730078,0.005564647,0.001634772,0.690112463,0.99822819,BARBUNYA,3
71897,1092.347,390.0164579,235.1184437,1.658808436,0.797860316,73373,302.5592563,0.719236117,0.979883608,0.757180451,0.775760228,0.005424656,0.001211887,0.601803931,0.998277438,BARBUNYA,3
87072,1194.135,400.9714382,277.3967255,1.44548007,0.722077971,88994,332.96173,0.76199811,0.978403038,0.767328853,0.830387649,0.004605056,0.001350636,0.689543648,0.996721601,BARBUNYA,3
55619,932.404,311.9240325,228.3157107,1.366196095,0.681348308,56806,266.113341,0.744564926,0.97910432,0.803942123,0.853135101,0.005608228,0.001832638,0.727839501,0.994371484,BARBUNYA,3
149941,1485.141,563.7178471,342.7112691,1.644876892,0.793976666,152636,436.9334166,0.710822983,0.982343615,0.854269481,0.775092396,0.003759598,0.000837018,0.600768222,0.988189766,BOMBAY,1
168514,1547.595,567.0395457,381.1117797,1.487856256,0.740453186,170385,463.204802,0.823023199,0.989018986,0.884160718,0.816882712,0.00336494,0.000924264,0.667297366,0.99284256,BOMBAY,1
203643,1719.307,649.4395429,402.097855,1.615128096,0.785275943,206242,509.2016502,0.774584833,0.987398299,0.865710106,0.784063206,0.003189108,0.000743453,0.614755111,0.992908252,BOMBAY,1
47940,854.752,284.1537887,215.1572513,1.320679582,0.653199406,48828,247.0609313,0.760107817,0.981813713,0.824570213,0.869462035,0.00592728,0.002089477,0.75596423,0.998386523,BARBUNYA,0
67087,1084.612,359.9143208,238.5711697,1.508624539,0.748747387,68230,292.263274,0.7901047,0.983247838,0.716637327,0.81203569,0.005364889,0.001438934,0.659401963,0.994789982,BARBUNYA,3
93336,1169.293,417.5269276,285.7076302,1.461378288,0.729214186,94432,344.7304543,0.807125562,0.988393765,0.857851963,0.825648435,0.004473375,0.001282318,0.681695338,0.996214766,BARBUNYA,3
37849,713.618,251.8815424,191.6705939,1.314137643,0.648804313,38243,219.5241297,0.775530694,0.989697461,0.933969473,0.871537182,0.006654906,0.002368456,0.75957706,0.998188807,SEKER,0
48300,851.044,317.3145946,199.6160777,1.589624434,0.777341043,49648,247.9868343,0.704656863,0.972848856,0.838017265,0.781517266,0.00656966,0.00151174,0.610769236,0.970893702,HOROZ,2
71153,1049.648,381.6419625,237.9898042,1.603606355,0.781748028,72426,300.989723,0.690557761,0.982423439,0.811550808,0.78867041,0.005363681,0.001280044,0.622001015,0.997444781,BARBUNYA,3
68187,1052.896,377.096294,231.8006833,1.626812694,0.788761841,69510,294.6495967,0.757330401,0.980966767,0.77293059,0.781364339,0.005530325,0.001271583,0.610530231,0.99321833,BARBUNYA,3
97743,1183.507,464.4234944,269.7537726,1.721657087,0.814020775,98773,352.775074,0.734981615,0.989572049,0.876907666,0.75959782,0.004751476,0.00097576,0.576988848,0.99337694,CALI,3
78208,1085.393,428.2633423,236.0708384,1.814130645,0.834354513,79877,315.5590568,0.729661143,0.979105375,0.83423232,0.736834152,0.005475953,0.000995677,0.542924568,0.984936097,CALI,2
143603,1405.207,516.0199144,356.2938031,1.448298876,0.723365593,145400,427.5991328,0.77369388,0.98764099,0.913887564,0.828648509,0.003593378,0.001045115,0.686658352,0.994486519,BOMBAY,1
72651,1068.024,397.2520371,233.3906432,1.702090673,0.809214897,73683,304.1416219,0.794052069,0.985994056,0.800367484,0.76561375,0.00546795,0.001158893,0.586164415,0.997704983,BARBUNYA,3
59189,956.133,396.8444772,191.1172439,2.076445166,0.876395378,59771,274.5209927,0.610560954,0.990262836,0.813606203,0.69175964,0.0067047,0.000947065,0.478531399,0.993644211,HOROZ,2
78848,1088.405,388.6458643,259.1222372,1.499855313,0.745298466,79719,316.8475842,0.734576758,0.989074123,0.836410526,0.815260404,0.004929052,0.001343162,0.664649526,0.996878123,BARBUNYA,3
40636,783.891,250.0758103,207.9177861,1.202762953,0.555645937,41391,227.4628808,0.756525301,0.98175932,0.831016141,0.909575702,0.006154046,0.00259834,0.827327958,0.995079418,SEKER,0
186542,1664.973,624.6485737,383.9255226,1.627004554,0.788818326,188989,487.3526969,0.765385294,0.987052156,0.845613879,0.780203009,0.003348568,0.000765366,0.608716736,0.990384901,BOMBAY,1
70114,1011.797,371.3716281,241.1225214,1.540178105,0.760553252,71138,298.7840649,0.775580186,0.985605443,0.860652498,0.80454198,0.005296683,0.001368922,0.647287797,0.996938493,BARBUNYA,3
180028,1630.826,625.6249768,371.4404252,1.684321184,0.804678357,183263,478.7679696,0.674610848,0.982347773,0.850618193,0.765263516,0.003475154,0.000735187,0.585628249,0.986386066,BOMBAY,1
166007,1524.336,569.0053538,373.5564915,1.523210992,0.754319176,167703,459.7463182,0.77451758,0.989886883,0.897790183,0.807982412,0.003427599,0.000901109,0.652835578,0.994406328,BOMBAY,1
72342,1046.653,388.4766707,238.0663984,1.631799671,0.790222281,73305,303.4941435,0.819609354,0.986863106,0.82984108,0.78124162,0.005370002,0.001233945,0.610338469,0.995950113,BARBUNYA,3
24868,606.435,217.3319579,146.6943078,1.481529591,0.737837781,25379,177.9407795,0.787260985,0.979865243,0.849732455,0.818751099,0.008739422,0.002422535,0.670353363,0.993148344,DERMASON,0
197245,1702.646,642.0772453,396.0853901,1.621057634,0.787056268,200777,501.1388371,0.802082825,0.982408344,0.855002023,0.78049618,0.003255227,0.000745151,0.609174287,0.987506628,BOMBAY,1
53192,851.357,317.7812988,213.3266018,1.489646843,0.741185701,53597,260.2424982,0.799062613,0.992443607,0.922216231,0.81893585,0.005974231,0.00165753,0.670655927,0.999040484,SEKER,0
71992,1052.401,376.4976777,243.9985594,1.543032379,0.76157691,73278,302.7590813,0.773242825,0.982450394,0.816829847,0.804145946,0.005229715,0.001348955,0.646650703,0.997802973,BARBUNYA,3
154772,1499.695,571.5532443,347.1984701,1.646185953,0.794346607,156330,443.9164683,0.706824742,0.990033903,0.864761551,0.776684364,0.003692872,0.000828939,0.603238602,0.993042913,BOMBAY,1
181877,1596.933,596.6735481,389.934948,1.53018741,0.756913805,183602,481.220312,0.788400935,0.990604678,0.896219223,0.806505188,0.003280643,0.000856185,0.650450618,0.995311346,BOMBAY,1
207561,1752.359,667.5314214,400.3320376,1.667444418,0.800209818,210438,514.0767191,0.720660382,0.986328515,0.849394514,0.770116136,0.003216073,0.000697799,0.593078863,0.98892604,BOMBAY,1
63732,1018.891,341.2361728,238.5801589,1.430278923,0.714961009,65059,284.86155,0.767106799,0.979603129,0.771457418,0.834792946,0.005354236,0.001603956,0.696879263,0.996731722,BARBUNYA,3
61333,952.52,355.964311,220.2620983,1.616094252,0.785567642,62227,279.4487448,0.686812018,0.985633246,0.849485295,0.785047085,0.005803797,0.001359799,0.616298926,0.995997152,BARBUNYA,3
75282,1052.661,400.1623504,241.6640008,1.655862475,0.797048812,76676,309.5997729,0.748717031,0.981819605,0.853736691,0.773685412,0.005315512,0.00117485,0.598589117,0.991181256,CALI,3
84439,1151.132,400.1092453,270.1285013,1.481181154,0.737692493,86044,327.8888133,0.727765568,0.981346753,0.800760591,0.819498218,0.004738441,0.001318279,0.671577329,0.994727683,BARBUNYA,3
85505,1160.758,432.1542312,253.6821412,1.703526426,0.809574168,87053,329.9520378,0.739381204,0.982217729,0.797476702,0.763505281,0.00505414,0.001059437,0.582940315,0.99305423,BARBUNYA,3
93548,1241.752,460.1698344,260.4665467,1.766713769,0.824389693,95271,345.1217364,0.836086086,0.981914748,0.762385512,0.749987745,0.004919077,0.00096002,0.562481618,0.993744019,BARBUNYA,3
49166,856.332,293.7755666,214.1688826,1.371700515,0.684490151,50168,250.2001108,0.775978535,0.980027109,0.84253974,0.851670933,0.005975177,0.001939179,0.725343378,0.994953885,BARBUNYA,0
58778,968.674,329.3700469,227.6504993,1.446823301,0.72269278,59726,273.5662149,0.719304901,0.984127516,0.787171537,0.830574054,0.005603628,0.001644987,0.689853258,0.998095769,BARBUNYA,3
73257,1055.446,415.2978813,227.1072646,1.828641994,0.837228055,74835,305.4074481,0.775830297,0.97891361,0.826393623,0.735393706,0.005669054,0.001022751,0.540803903,0.988936728,CALI,2
58531,972.953,343.3965287,219.7961494,1.562340968,0.768320642,60295,272.9908127,0.684573099,0.970743843,0.776984017,0.794972546,0.005866917,0.001445434,0.631981349,0.987370352,BARBUNYA,3
62157,985.188,409.6236476,193.8448202,2.113152403,0.88094072,62633,281.3196587,0.593939915,0.992400172,0.804751292,0.686775923,0.006590145,0.000904347,0.471661169,0.996691932,HOROZ,2
74642,1080.323,417.3311726,233.5841636,1.786641552,0.828688984,77403,308.2809532,0.741909192,0.964329548,0.803685045,0.738696204,0.005591104,0.00102693,0.545672082,0.974920416,CALI,2
59938,957.732,347.338032,220.193528,1.577421622,0.77337738,60922,276.2524784,0.749225,0.983848199,0.821153058,0.795341866,0.005794955,0.00143036,0.632568683,0.997827518,BARBUNYA,3
77947,1073.069,401.0536846,248.347756,1.614887491,0.785203203,78874,315.0320663,0.80095152,0.988247078,0.850656004,0.785510964,0.00514521,0.001208348,0.617027474,0.99642995,BARBUNYA,3
78152,1091.403,379.4282692,262.7353851,1.444146053,0.721465159,79157,315.4460602,0.816481748,0.987303713,0.824479144,0.831372056,0.004855004,0.001430708,0.691179495,0.998164139,BARBUNYA,3
59389,927.16,311.7027778,242.8218976,1.283668322,0.627002265,60205,274.9844056,0.764366707,0.986446308,0.868173455,0.88220069,0.005248493,0.001961029,0.778278057,0.999050888,BARBUNYA,0
72984,1094.517,402.662888,231.4833922,1.739489318,0.81823677,74271,304.8378502,0.675377554,0.982671568,0.765583391,0.757054746,0.005517139,0.0011179,0.573131888,0.996956796,BARBUNYA,2
75515,1109.067,396.8985137,243.9247174,1.627135281,0.7888568,76863,310.078513,0.792350874,0.982462303,0.771485067,0.781253903,0.00525589,0.001207799,0.610357661,0.993134485,BARBUNYA,3
70776,1060.894,386.6199438,234.1002082,1.651514737,0.7958417,71978,300.1912757,0.775763422,0.983300453,0.79022705,0.77645057,0.005462585,0.00122471,0.602875487,0.995657752,BARBUNYA,3
44074,841.284,338.6638549,167.2181202,2.025282035,0.869599132,44765,236.8897627,0.634194774,0.984563833,0.782540949,0.699483453,0.007683983,0.001134687,0.489277102,0.990924124,HOROZ,2
72912,1090.181,371.0464656,251.0071293,1.478230784,0.736457002,74942,304.6874492,0.714403292,0.972912386,0.770924163,0.821157126,0.005088963,0.001427296,0.674299025,0.996769576,BARBUNYA,3
70213,1067.05,386.6028193,232.0908809,1.665738946,0.799749267,71494,298.99493,0.674865436,0.982082413,0.774921755,0.773390454,0.005506143,0.001215129,0.598132794,0.99633309,BARBUNYA,3
161534,1532.14,578.5565899,357.2269049,1.619577311,0.786614013,163293,453.5101726,0.792175056,0.989227952,0.864722799,0.783864846,0.00358164,0.000834116,0.614444098,0.995139719,BOMBAY,1
30465,635.788,215.1208683,181.0647261,1.188088221,0.539963648,30796,196.9498483,0.76170117,0.989251851,0.947079406,0.915531114,0.007061246,0.003060226,0.838197222,0.995852246,DERMASON,0
208502,1770.466,674.4861852,401.0171551,1.681938482,0.804057113,212629,515.2407122,0.679936996,0.980590606,0.835881873,0.763901061,0.003234915,0.000679502,0.58354483,0.981486506,BOMBAY,1
71364,1042.468,387.3786075,236.5289153,1.637764275,0.791948046,72498,301.4356762,0.821635811,0.984358189,0.825208292,0.778142289,0.005428208,0.001227644,0.605505421,0.991675147,BARBUNYA,3
71275,1008.785,371.7758415,245.2956185,1.515623654,0.751446172,72348,301.2476532,0.790127152,0.985168906,0.880136148,0.810293783,0.005216076,0.001387055,0.656576015,0.995122139,BARBUNYA,3
76929,1067.562,409.4213271,242.2546352,1.690045381,0.806158177,78701,312.9681213,0.760679112,0.977484403,0.848230214,0.764415776,0.005322067,0.001120931,0.584331478,0.987546715,CALI,3
82869,1142.012,420.4983344,251.7673417,1.670186179,0.800946707,83981,324.8262425,0.687002587,0.98675891,0.798473721,0.772479261,0.005074254,0.001114549,0.596724208,0.996640525,BARBUNYA,3
75370,1079.007,356.0365966,271.3339462,1.312171225,0.647464439,76855,309.7806716,0.760667716,0.9806779,0.813504304,0.870080982,0.00472385,0.001669993,0.757040915,0.993367305,BARBUNYA,3
60380,1011.984,330.5640314,233.0859508,1.41820659,0.709092084,61607,277.26919,0.813790501,0.980083432,0.740893322,0.838776042,0.005474727,0.001671577,0.703545249,0.997772509,BARBUNYA,3
66314,1027.756,365.6343653,231.2619774,1.581039691,0.774564287,67453,290.5746155,0.732978159,0.983114168,0.788923781,0.794713635,0.005513683,0.001356639,0.631569762,0.998536861,BARBUNYA,3
66734,975.556,366.1793011,234.7761571,1.559695437,0.767414903,68092,291.4933409,0.689308254,0.980056394,0.881155614,0.796039918,0.005487147,0.001359145,0.633679551,0.988347105,CALI,3
62711,969.097,355.4825857,227.3315814,1.563718439,0.768790002,64180,282.5705666,0.699821448,0.97711125,0.839110377,0.794892853,0.005668584,0.001396011,0.631854647,0.988042762,CALI,3
54187,931.202,353.7848501,195.5619723,1.809067714,0.833333262,55164,262.6652455,0.769133595,0.982289174,0.785266682,0.742443452,0.006528962,0.001223707,0.55122228,0.99719843,BARBUNYA,2
75626,1096.341,371.1089149,260.3265624,1.425551475,0.712686273,77287,310.3063225,0.767994963,0.978508675,0.790659845,0.83615971,0.00490716,0.001479677,0.69916306,0.996692931,BARBUNYA,3
21570,538.454,196.5372798,139.8773025,1.40506913,0.702474661,21820,165.721987,0.81245998,0.988542621,0.934894907,0.843208918,0.009111603,0.002841288,0.711001279,0.999005949,DERMASON,0
33848,689.11,262.173124,165.6426459,1.58276344,0.775126267,34122,207.5972353,0.672147424,0.99196999,0.895706595,0.791832634,0.007745602,0.001878315,0.62699892,0.992390968,DERMASON,0
170889,1600.63,595.7016209,368.6053095,1.616096148,0.785568214,173595,466.4575356,0.819564342,0.984411993,0.838189213,0.783038889,0.003485898,0.000808403,0.613149902,0.990909195,BOMBAY,1
76334,1101.834,387.1236111,251.8058607,1.537389201,0.759546182,77736,311.7554609,0.688214505,0.981964598,0.790124531,0.805312443,0.005071444,0.001315737,0.648528131,0.997040145,BARBUNYA,3
40069,743.479,283.2914062,180.5122256,1.569375179,0.770701578,40399,225.870395,0.814311263,0.991831481,0.910921506,0.797307613,0.007070089,0.001762415,0.63569943,0.997650907,DERMASON,0
79332,1203.338,399.2101885,254.6710076,1.567552554,0.770088436,81293,317.8185639,0.773419906,0.975877382,0.688466804,0.796118368,0.005032146,0.001246934,0.633804457,0.993521795,BARBUNYA,3
50976,932.171,327.642954,199.2144344,1.64467477,0.793919452,52067,254.763928,0.792167832,0.979046229,0.737198499,0.777565716,0.006427396,0.001449317,0.604608442,0.994384251,SIRA,3
67548,1071.834,369.8283631,232.8346137,1.588373641,0.776939885,68736,293.2657238,0.719713598,0.98271648,0.738868752,0.792977914,0.005475045,0.001335401,0.628813972,0.998791537,BARBUNYA,3
73129,1103.919,372.079469,251.2559076,1.48087849,0.737566185,74566,305.1405163,0.720979986,0.980728482,0.7540933,0.820095011,0.005087988,0.001419654,0.672555827,0.995973458,BARBUNYA,3
58525,962.837,317.8193217,235.4369868,1.349912458,0.671738034,59543,272.9768202,0.765312794,0.982903112,0.793315143,0.858905679,0.005430488,0.001823058,0.737718965,0.995856022,BARBUNYA,3
71703,1088.317,372.3093685,246.4826821,1.510488953,0.749470906,73141,302.150782,0.774665082,0.980339345,0.760740197,0.811558364,0.005192382,0.001389394,0.658626978,0.994848775,BARBUNYA,3
38577,736.982,279.8904167,176.3091297,1.587498147,0.776658406,38899,221.6252736,0.718647541,0.991722152,0.892533557,0.791828732,0.00725537,0.001759399,0.62699274,0.995349813,DERMASON,0
86371,1139.925,435.2204194,254.9079588,1.707363009,0.810528985,87429,331.6187159,0.78047965,0.987898752,0.835266868,0.761955784,0.005038965,0.001047708,0.580576617,0.991255039,CALI,3
77523,1152.75,363.0595402,272.6594791,1.331549306,0.660296676,79065,314.1740747,0.802756521,0.980497059,0.733111738,0.865351382,0.004683249,0.001619933,0.748833014,0.99710808,BARBUNYA,3
151876,1469.108,541.2123601,359.4783618,1.5055492,0.747546528,153869,439.7437084,0.725471464,0.987047423,0.884283593,0.812516012,0.003563515,0.000958045,0.66018227,0.993936888,BOMBAY,1
70042,1025.456,399.9040179,223.2810403,1.791034372,0.829614529,70743,298.630615,0.657165375,0.990090892,0.837017121,0.746755725,0.005709489,0.001095194,0.557644113,0.998759775,BARBUNYA,2
39147,762.2,298.0876818,167.413453,1.780547958,0.827391996,39577,223.2565978,0.655070281,0.989135104,0.846779745,0.748962844,0.007614573,0.001477973,0.560945341,0.998790081,DERMASON,2
75359,1046.443,395.4351708,245.0744695,1.613530662,0.784792263,76422,309.758065,0.725764201,0.986090393,0.864796327,0.783334635,0.005247352,0.001218735,0.61361315,0.990083631,CALI,3
76759,1151.651,400.5433691,245.1387976,1.63394523,0.790845676,78379,312.6221269,0.723118229,0.979331198,0.727272882,0.780495075,0.005218194,0.001194485,0.609172562,0.995354602,BARBUNYA,3
180805,1631.287,631.507181,369.9237547,1.70712795,0.810470702,184775,479.8000374,0.737714617,0.978514409,0.853806683,0.759769725,0.003492753,0.000717919,0.577250035,0.98543967,BOMBAY,1
63052,960.073,345.3442182,233.1329454,1.481318814,0.737749909,63868,283.3377839,0.81346923,0.987223649,0.859607544,0.820450348,0.005477133,0.001530884,0.673138773,0.997133129,BARBUNYA,3
44362,845.277,350.7674002,161.6311911,2.170171474,0.887507598,44851,237.6624764,0.584911133,0.989097233,0.780230418,0.677550069,0.007906934,0.001027906,0.459074097,0.996269509,HOROZ,2
55310,911.785,359.7136066,198.4319793,1.812780419,0.834083115,56095,265.3730944,0.809951968,0.986005883,0.83604304,0.73773438,0.006503591,0.001188319,0.544252015,0.986609395,HOROZ,2
39782,755.108,286.5736887,177.4864086,1.614623289,0.785123283,40287,225.0600266,0.800442656,0.987464939,0.876755167,0.785347837,0.007203602,0.001690354,0.616771225,0.995853184,SIRA,0
81090,1113.605,394.623288,263.271023,1.498924126,0.744927724,82557,321.3207038,0.706500431,0.982230459,0.821702901,0.814246684,0.004866485,0.00131953,0.662997663,0.993783192,BARBUNYA,3
64109,960.565,332.3469497,246.8376575,1.346419153,0.669612364,65115,285.7028421,0.705580013,0.984550411,0.873122842,0.859652367,0.005184092,0.001746401,0.739002193,0.995006706,BARBUNYA,3
55643,949.05,347.702205,205.5808526,1.691316096,0.80648428,56777,266.1707497,0.799135418,0.980027124,0.776322573,0.765513551,0.006248804,0.001323696,0.586010997,0.991129831,BARBUNYA,3
64451,1001.027,354.7850979,231.8613142,1.530160816,0.756903998,65479,286.4638928,0.800593759,0.98430031,0.808254146,0.807429327,0.005504726,0.001443223,0.651942118,0.997576284,BARBUNYA,3
139686,1402.293,508.6819485,350.946932,1.449455465,0.723891089,141092,421.7270907,0.76540274,0.990034871,0.892658229,0.829058495,0.00364161,0.001061241,0.687337988,0.996265803,BOMBAY,1
167176,1594.156,615.1699854,351.0757001,1.752243135,0.821160684,169856,461.3622158,0.659294548,0.984221929,0.826650928,0.749975172,0.003679775,0.000718106,0.562462759,0.985571508,BOMBAY,1
196157,1685.806,643.0574262,390.6051794,1.646310546,0.794381762,198513,499.7547892,0.804502428,0.98813176,0.867358192,0.777154215,0.003278279,0.000737657,0.603968674,0.994319997,BOMBAY,1
75607,1190.215,412.6335376,235.2610642,1.753938923,0.821543887,77466,310.26734,0.690071556,0.976002375,0.670688765,0.751919831,0.00545761,0.001076139,0.565383433,0.991648009,BARBUNYA,2
84566,1213.89,422.2427042,255.557956,1.652238541,0.796043446,86165,328.1353004,0.787085125,0.981442581,0.721185498,0.777124855,0.004993055,0.001123335,0.60392304,0.997824923,BARBUNYA,3
171994,1534.393,568.3886482,387.3556881,1.467355884,0.731820039,173315,467.9632061,0.783425419,0.99237804,0.918015352,0.823315539,0.0033047,0.00093665,0.677848476,0.99464495,BOMBAY,1
40448,747.503,282.4991849,182.8734254,1.544779862,0.762200156,40849,226.9360992,0.705160391,0.990183358,0.90966406,0.803315943,0.006984256,0.001794095,0.645316505,0.996871941,DERMASON,0
56155,934.742,344.514406,208.1900925,1.654806921,0.796756789,57050,267.3925329,0.770016592,0.984312007,0.80763435,0.776143256,0.006135062,0.001373303,0.602398354,0.996852966,BARBUNYA,3
49914,898.429,362.1192665,177.6862916,2.037969634,0.871337348,50702,252.0961694,0.602738734,0.984458207,0.777078181,0.696168894,0.007254864,0.001051157,0.48465113,0.987704285,HOROZ,2
76274,1085.99,420.7147372,237.5968264,1.770708572,0.825265004,79162,311.6329139,0.775142276,0.963517849,0.812708373,0.7407226,0.005515834,0.001024267,0.54866997,0.971534619,CALI,2
71441,1051.138,339.36874,270.0722711,1.256584908,0.605549367,72590,301.5982532,0.749769111,0.984171373,0.812527214,0.888703695,0.004750336,0.001827814,0.789794258,0.992443545,BARBUNYA,3
45360,784.586,290.296352,199.1389298,1.457757919,0.727615724,45785,240.3209224,0.765182186,0.990717484,0.925980415,0.827846856,0.006399831,0.001854165,0.685330418,0.999045844,SIRA,0
65268,1025.72,415.2303341,201.9397597,2.056208915,0.873774157,65962,288.2738257,0.807752283,0.989478791,0.779565339,0.6942504,0.006361928,0.00091166,0.481983618,0.991059013,HOROZ,2
74553,1068.695,363.2833119,261.7500136,1.387901788,0.693442389,75840,308.0971077,0.732527634,0.983030063,0.82029003,0.848090451,0.004872819,0.001554994,0.719257413,0.998258649,BARBUNYA,3
68309,1097.068,381.5750796,229.1517604,1.665163204,0.799593412,69725,294.913072,0.70008814,0.979691646,0.713215375,0.772883471,0.005586015,0.001229527,0.59734886,0.994683342,BARBUNYA,3
90015,1167.663,418.7300668,274.5442236,1.525182578,0.755056954,91331,338.5419584,0.771178164,0.985590873,0.829640056,0.808496894,0.004651781,0.001226062,0.653667228,0.996961868,BARBUNYA,3
60633,957.86,365.2227575,212.5224049,1.718514138,0.813261752,61556,277.8494796,0.705773484,0.985005523,0.830452593,0.760767159,0.006023498,0.001244617,0.57876667,0.994618705,CALI,2
224267,1770.662,640.4429454,449.3396784,1.425298001,0.712563462,226132,534.3646816,0.78005913,0.991752605,0.898884524,0.834367348,0.002855716,0.000853737,0.696168871,0.9922481,BOMBAY,1
202280,1715.349,652.9293624,396.3776547,1.647240591,0.794643882,204687,507.4947242,0.78379101,0.988240582,0.863888756,0.777258236,0.003227849,0.000726699,0.604130365,0.995148059,BOMBAY,1
184715,1664.133,643.8353874,368.5698852,1.746847513,0.81993278,187214,484.9602484,0.798733028,0.986651639,0.838177431,0.753236398,0.003485561,0.000692114,0.567365072,0.991100265,BOMBAY,1
84228,1118.273,426.1572737,253.547419,1.68077938,0.803753769,85117,327.4788854,0.764340227,0.989555553,0.846390293,0.768446078,0.005059568,0.001088295,0.590509374,0.99251598,CALI,3
63958,1016.103,381.8207997,213.8962783,1.785074536,0.828356915,65090,285.3661767,0.758020741,0.982608696,0.778447398,0.747382481,0.005969868,0.00114899,0.558580573,0.997107957,BARBUNYA,2
39463,756.557,293.6881473,171.4977095,1.712490203,0.811793262,39969,224.1558658,0.72877193,0.987340189,0.866396429,0.763244509,0.007442114,0.001557869,0.58254218,0.997597776,SIRA,2
60353,950.902,344.2840281,224.5974163,1.532893983,0.75790853,61174,277.2071901,0.78564176,0.986579266,0.838759023,0.805170056,0.005704506,0.001478932,0.648298819,0.993773359,BARBUNYA,3
79453,1159.254,404.9254315,250.1697402,1.618602758,0.786322061,80866,318.0608457,0.727245268,0.982526649,0.742955766,0.785480044,0.005096415,0.0011967,0.616978899,0.998643748,BARBUNYA,3
36481,689.428,230.618257,201.7355247,1.143171275,0.484557236,36781,215.5204209,0.781345042,0.991843615,0.964492297,0.934533214,0.006321599,0.002974306,0.873352328,0.998391295,SEKER,0
30530,724.734,270.3348303,144.8744959,1.865993243,0.844276626,31370,197.159842,0.652880544,0.973222824,0.730431335,0.729317202,0.008854727,0.001545328,0.531903581,0.992528488,DERMASON,2
86530,1150.904,420.9216751,262.953781,1.600743954,0.780857225,87713,331.9238133,0.686631593,0.986512832,0.820915336,0.788564317,0.004864459,0.00116028,0.621833682,0.995396507,BARBUNYA,3
139841,1430.241,524.8024563,341.3400849,1.537476785,0.759577912,141672,421.9610067,0.780275639,0.987075781,0.859064827,0.804037789,0.003752851,0.000967491,0.646476766,0.99394302,BOMBAY,1
67997,1047.09,347.9688677,250.1699541,1.390929894,0.695068522,69185,294.2387964,0.795984782,0.982828648,0.7793483,0.84558943,0.005117415,0.00161387,0.715021484,0.994544757,BARBUNYA,3
68400,1028.492,404.3096895,216.1529048,1.87048002,0.845091229,69136,295.1094456,0.767676768,0.989354316,0.81257626,0.729909407,0.00591096,0.001034936,0.532767742,0.996531416,CALI,2
26426,621.017,236.6239061,142.7664828,1.657419174,0.797478267,26918,183.4301726,0.711064471,0.981722268,0.861061788,0.775197129,0.008954208,0.001994599,0.600930588,0.995993879,DERMASON,0
176826,1632.597,640.2908694,354.9426494,1.803927678,0.83228635,179666,474.4911545,0.809576134,0.984192891,0.833677343,0.741055631,0.003621022,0.000673619,0.549163449,0.990651145,BOMBAY,1
41043,797.806,331.2374602,158.5452197,2.089230195,0.878008414,41600,228.5991484,0.619610507,0.986610577,0.810315909,0.690136762,0.008070498,0.00112933,0.476288751,0.99507684,HOROZ,2
71536,1020.47,341.8985225,267.1090837,1.279995865,0.624215102,72443,301.7987145,0.790260931,0.987479812,0.863244923,0.882714299,0.004779391,0.001789917,0.779184533,0.99735298,BARBUNYA,3
75959,1091.585,393.8976883,245.7920119,1.602565052,0.781424636,77304,310.9887499,0.706647937,0.982601159,0.801076486,0.789516565,0.005185662,0.001242879,0.623336407,0.998937141,BARBUNYA,3
87082,1139.167,449.7991249,249.5827637,1.80220428,0.831933029,88847,332.9808494,0.737046128,0.980134388,0.84326382,0.740287899,0.005165237,0.000956913,0.548026174,0.987655116,CALI,2
87745,1179.474,415.3573846,270.4369885,1.535874907,0.75899651,89355,334.2460229,0.713652482,0.981981982,0.792602611,0.804719105,0.004733687,0.001224494,0.647572838,0.994590873,BARBUNYA,3
87240,1252.96,431.990195,258.3226384,1.672289342,0.801509051,89042,333.2827897,0.774722933,0.979762359,0.698314577,0.77150545,0.004951745,0.001082166,0.595220659,0.995381164,BARBUNYA,3
151590,1499.481,569.2305202,341.2910881,1.667873965,0.80032555,153708,439.3294693,0.791175411,0.986220626,0.847224454,0.771795351,0.003755066,0.000821875,0.595668064,0.993499256,BOMBAY,1
61076,982.932,417.4746289,187.2771103,2.229181283,0.893735059,61597,278.8626516,0.824070701,0.991541796,0.794389513,0.667975087,0.00683533,0.000839422,0.446190717,0.994639994,HOROZ,2
57812,906.071,289.5485579,254.9310128,1.135791816,0.474151929,58725,271.3089098,0.769390471,0.984452959,0.88491875,0.9370066,0.005008451,0.002381517,0.877981369,0.997204053,BARBUNYA,0
38953,726.039,270.9486889,183.3295906,1.477932111,0.736331402,39343,222.7027166,0.788522267,0.990087182,0.928604695,0.821936868,0.006955785,0.001958302,0.675580214,0.998461692,SIRA,0
200116,1773.379,636.1081262,402.3250586,1.581080056,0.774577472,202634,504.7728249,0.773419082,0.987573655,0.799629034,0.793533055,0.003178697,0.00077748,0.62969471,0.995597747,BOMBAY,1
46119,774.893,258.1131983,227.8827401,1.132657954,0.469600415,46508,242.3232027,0.7909278,0.991635848,0.965175458,0.938825307,0.005596678,0.002681941,0.881392957,0.998316744,SEKER,0
57516,957.43,340.9225204,215.4891803,1.582086488,0.774905833,58509,270.6134617,0.690261026,0.983028252,0.788468733,0.793768219,0.005927438,0.001451515,0.630067985,0.996822045,BARBUNYA,3
40991,757.012,273.837271,191.1642146,1.432471404,0.716005913,41456,228.454289,0.723672828,0.988783288,0.898861646,0.834270252,0.006680424,0.001996231,0.696006853,0.997009914,SIRA,0
71608,1065.545,393.2833861,232.9271862,1.688439175,0.805744733,72706,301.9505544,0.702039216,0.984898083,0.792552093,0.767768396,0.005492171,0.001177185,0.589468309,0.995281386,BARBUNYA,3
56567,915.89,326.4419563,220.9832273,1.477225038,0.736033669,57388,268.3716478,0.72307653,0.985693873,0.847395935,0.822111382,0.00577089,0.001626092,0.675867124,0.998407838,BARBUNYA,3
39997,743.153,274.3001734,186.0736166,1.474148664,0.73473187,40469,225.6673704,0.704668781,0.988336752,0.910082601,0.822702252,0.006858019,0.001937979,0.676838996,0.997761301,DERMASON,0
61484,971.295,386.0691043,203.3579528,1.898470647,0.850026594,62193,279.7925306,0.807364026,0.988600003,0.818973165,0.724721371,0.00627918,0.001068481,0.525221066,0.997116776,BARBUNYA,2
40232,746.036,272.0725938,188.9822626,1.439672645,0.719393896,40685,226.3293471,0.777520099,0.988865675,0.908368189,0.831871171,0.006762592,0.00199764,0.692009644,0.996267355,SIRA,0
69923,1053.345,368.8079483,242.6859011,1.519692519,0.752993592,71044,298.3768233,0.756087803,0.984221046,0.791933366,0.809030349,0.005274487,0.00139386,0.654530106,0.994684506,BARBUNYA,3
28734,638.018,200.5247957,182.7344194,1.097356461,0.411785251,29172,191.2727505,0.783968133,0.984985603,0.887033637,0.953860842,0.006978659,0.003563624,0.909850506,0.998430331,SEKER,0
61570,1001.035,372.7920342,211.1471681,1.765555454,0.824134605,62673,279.9881404,0.744354176,0.982400715,0.772112339,0.751057197,0.006054767,0.001188418,0.564086914,0.995926727,BARBUNYA,2
63278,1028.037,358.9810719,226.0999955,1.587709328,0.776726355,64508,283.8451196,0.767731916,0.980932598,0.752393642,0.790696618,0.005673079,0.001367849,0.625201142,0.992637686,BARBUNYA,3
190505,1693.703,648.0574493,376.3201004,1.722090977,0.814125178,192570,492.5022837,0.781703289,0.989276627,0.834529569,0.759967013,0.003401787,0.000699948,0.57754986,0.994593403,BOMBAY,1
75780,1073.277,364.9634589,265.3948536,1.375171576,0.686444722,77156,310.6221059,0.742722729,0.982166001,0.826686451,0.851104675,0.004816092,0.001558858,0.724379167,0.99614564,BARBUNYA,3
172746,1599.927,601.7414307,369.4322407,1.628827602,0.789353849,176302,468.9851153,0.79651967,0.979830064,0.848042327,0.779379799,0.003483389,0.000792827,0.607432871,0.989403427,BOMBAY,1
79500,1114.478,384.1038177,264.4901705,1.452242315,0.725150586,80894,318.1549054,0.78420928,0.982767572,0.804329492,0.82830446,0.004831495,0.001402882,0.686088279,0.996366431,BARBUNYA,3
82596,1180.392,436.6842287,241.4348694,1.808704061,0.83325953,84186,324.2907545,0.657402101,0.981113249,0.744931544,0.742620716,0.00528699,0.000991874,0.551485527,0.997474113,BARBUNYA,2
49005,847.62,333.3544164,188.8445145,1.765232193,0.824063312,49613,249.7901197,0.700872426,0.987745147,0.85713231,0.749322965,0.006802457,0.001322884,0.561484906,0.991151232,SIRA,2
53316,935.056,378.8140396,179.7800154,2.107097603,0.880208889,54000,260.5456574,0.599595142,0.987333333,0.766288275,0.687793033,0.007105072,0.000980798,0.473059257,0.996782026,HOROZ,2
67792,1064.282,403.333845,214.9557913,1.876357192,0.846148268,68830,293.7949203,0.803099049,0.984919367,0.752098767,0.728416234,0.005949579,0.0010332,0.53059021,0.995576756,BARBUNYA,2
61669,972.795,355.4939039,221.4226451,1.60549931,0.782333963,62489,280.2131501,0.723721116,0.98687769,0.818906109,0.788236161,0.005764548,0.001372684,0.621316246,0.997522804,BARBUNYA,3
84648,1132.054,439.91571,248.9619409,1.766999841,0.824452603,86779,328.2943511,0.767183875,0.975443368,0.830027112,0.746266486,0.005197001,0.000994279,0.556913668,0.984066364,CALI,2
71243,1053.652,348.7025741,260.9807271,1.336123851,0.663209717,72741,301.1800207,0.761403471,0.979406387,0.80641328,0.863716081,0.004894552,0.001680261,0.746005468,0.996755699,BARBUNYA,3
82952,1154.249,404.4525056,261.9958139,1.543736518,0.76182836,84639,324.9888717,0.708918743,0.98006829,0.782415979,0.803527898,0.004875741,0.001253788,0.645657083,0.996724417,BARBUNYA,3
64725,954.98,354.4853828,233.2095572,1.520029398,0.753121011,65283,287.0721678,0.802860403,0.991452599,0.891853191,0.809827941,0.005476792,0.001453038,0.655821295,0.996867648,BARBUNYA,3
79701,1082.378,384.9517294,264.5390641,1.455179146,0.7264677,80706,318.5568473,0.819412744,0.987547394,0.854900797,0.827524136,0.004829949,0.001397156,0.684796196,0.996501143,BARBUNYA,3
65231,1026.265,363.4665476,229.786481,1.581757752,0.774798663,66343,288.1921039,0.824957001,0.983238624,0.778296119,0.792898565,0.005571991,0.001358503,0.628688134,0.994432329,BARBUNYA,3
61055,977.927,346.6179887,226.6670806,1.529194216,0.756547129,62594,278.8147062,0.805262464,0.975412979,0.802265702,0.804386141,0.005677143,0.001466115,0.647037063,0.989445335,BARBUNYA,3
63975,1027.084,339.1857145,241.0475071,1.407132223,0.703530294,65434,285.4040993,0.794779735,0.977702723,0.762093454,0.841439032,0.005301848,0.001639448,0.708019645,0.996277256,BARBUNYA,3
51977,917.804,383.5462639,174.2546169,2.201068015,0.890836061,52622,257.2531279,0.79110225,0.987742769,0.775391759,0.670722549,0.007379154,0.000921209,0.449868738,0.990191691,HOROZ,2
70692,1006.43,378.5744663,238.1779057,1.589460891,0.777288656,71443,300.0130829,0.787865279,0.989488123,0.877027043,0.79248103,0.005355266,0.001302916,0.628026183,0.998223056,BARBUNYA,3
194330,1672.373,628.0549768,395.8854849,1.586456187,0.776322666,196056,497.4219946,0.717082225,0.991196393,0.873139066,0.792003906,0.003231899,0.000784417,0.627270187,0.995136668,BOMBAY,1
68120,1010.368,368.9500199,235.4532033,1.566978129,0.769894651,69182,294.504801,0.706316619,0.984649186,0.838542999,0.798224109,0.005416178,0.001356351,0.637161729,0.998418493,BARBUNYA,3
52448,882.474,336.9594211,199.0051127,1.69321992,0.80697124,53082,258.4160747,0.789190165,0.988056215,0.84632069,0.766905623,0.006424638,0.00137087,0.588144234,0.995857534,CALI,3
80056,1086.236,430.5035118,238.2034467,1.807293378,0.832973027,80817,319.2655086,0.80519794,0.990583664,0.852619707,0.741609534,0.00537753,0.001003376,0.5499847,0.993983707,CALI,2
64437,1082.767,367.789471,223.9394257,1.64236141,0.793262818,65869,286.4327784,0.823349774,0.978259879,0.690677255,0.778795482,0.005707737,0.001295202,0.606522403,0.996128989,BARBUNYA,3
55660,936.905,325.913361,217.9664207,1.495245736,0.743454614,56773,266.2114067,0.705449937,0.980395611,0.796823168,0.816816487,0.005855432,0.001607817,0.667189174,0.997611767,BARBUNYA,3
38589,734.308,269.0442127,184.1483256,1.461019056,0.729056265,39252,221.659741,0.776001448,0.983109141,0.89932542,0.823878495,0.006972044,0.001981493,0.678775774,0.991704341,SIRA,0
52655,915.993,310.9966465,216.5300928,1.436274481,0.717803496,53696,258.9255264,0.740951818,0.980613081,0.788615251,0.83256694,0.005906308,0.001750542,0.69316771,0.995579093,BARBUNYA,3
64734,1032.092,372.8922116,224.1463197,1.663610681,0.799172181,66426,287.0921258,0.691802122,0.974528046,0.763669567,0.769906469,0.005760376,0.001248483,0.59275597,0.986115164,BARBUNYA,2
138659,1415.439,509.8275207,347.5854183,1.466769012,0.731566018,139826,420.1739188,0.71073283,0.991653913,0.869712301,0.824149152,0.003676844,0.001046353,0.679221824,0.996261525,BOMBAY,1
202236,1685.383,633.5119695,408.9218693,1.549224967,0.763773753,203633,507.439526,0.79706455,0.993139619,0.894686971,0.800994378,0.003132538,0.000795415,0.641591994,0.993970335,BOMBAY,1
33685,697.902,266.4420075,161.8765843,1.645957682,0.794282173,34140,207.0967746,0.809735577,0.986672525,0.869075546,0.777267731,0.007909812,0.001780855,0.604145126,0.994397311,DERMASON,0
64260,984.886,370.82883,221.1452216,1.676856625,0.802721631,65203,286.0391112,0.744801688,0.985537475,0.832489294,0.771350791,0.005770757,0.001260144,0.594982042,0.997699579,BARBUNYA,3
75253,1126.203,392.5394922,244.9674984,1.602414585,0.781377843,76962,309.5401355,0.723183225,0.977794236,0.745590425,0.788557945,0.005216264,0.001244153,0.621823633,0.996419259,BARBUNYA,3
37968,724.161,269.7300926,179.5210501,1.502498412,0.746346036,38324,219.8689588,0.774161977,0.990710782,0.909823858,0.815144342,0.007104143,0.001934771,0.664460298,0.998350542,DERMASON,0
65151,1023.543,414.1674064,202.973033,2.040504594,0.87168035,66073,288.0153287,0.644039146,0.986045737,0.781481615,0.695408002,0.006357038,0.000917051,0.48359229,0.986772289,HOROZ,2
66555,1032.397,339.4009912,250.4302968,1.355271289,0.674954173,67917,291.1021434,0.734173166,0.979946111,0.784688132,0.857693852,0.005099557,0.001702321,0.735638743,0.996990068,BARBUNYA,3
74880,1059.737,367.6958053,259.6779415,1.415968577,0.707982116,75991,308.7720472,0.758063536,0.985379848,0.837875525,0.839748626,0.004910467,0.00150626,0.705177754,0.998509541,BARBUNYA,3
37318,724.77,267.1270422,178.4003095,1.497346294,0.744297525,37722,217.978791,0.820175824,0.989290069,0.892745783,0.816011697,0.007158129,0.001957784,0.665875089,0.997045597,SIRA,0
42837,789.064,279.5822057,197.5449882,1.41528372,0.707641051,43683,233.5417787,0.739346554,0.980633198,0.864578543,0.835324187,0.006526652,0.001960155,0.697766497,0.987537564,SIRA,0
76997,1099.457,413.3606939,237.6076807,1.739677323,0.818280416,78041,313.106412,0.79293335,0.986622416,0.800437028,0.757465373,0.00536853,0.00109015,0.573753791,0.998146458,BARBUNYA,3
79019,1147.917,391.1573731,258.3241977,1.514211121,0.750905305,80416,317.1909765,0.700448534,0.982627835,0.753564478,0.810903739,0.004950169,0.001320313,0.657564875,0.995692046,BARBUNYA,3
61089,986.967,379.3360923,210.1829062,1.804790404,0.832462786,63250,278.8923279,0.812461764,0.965833992,0.788075119,0.735211686,0.006209565,0.001119156,0.540536223,0.975554588,HOROZ,2
81636,1137.112,397.2341766,262.9920858,1.510441561,0.749452556,83078,322.4006568,0.790985195,0.982642818,0.793387028,0.811613592,0.004865919,0.001302393,0.658716622,0.994952963,BARBUNYA,3
64990,1014.883,416.4828688,199.4805122,2.087837374,0.877834267,65630,287.6592394,0.696077801,0.990248362,0.792911005,0.690686847,0.006408415,0.000899612,0.47704832,0.995999312,HOROZ,2
42047,768.936,292.9750073,183.1391409,1.599739989,0.780543407,42446,231.3782685,0.773890157,0.990599821,0.89364389,0.789754289,0.006967798,0.001672027,0.623711836,0.997776767,DERMASON,0
81940,1222.335,396.7937766,263.548622,1.505580919,0.747558961,84256,323.0003844,0.722574956,0.972512343,0.689168357,0.814025832,0.004842492,0.0013116,0.662638056,0.997655213,BARBUNYA,3
66931,1037.359,341.6177344,250.189667,1.365435026,0.680909758,68309,291.9232707,0.779699914,0.979826963,0.781590045,0.854531956,0.005104029,0.001678828,0.730224863,0.997074605,BARBUNYA,3
76921,1108.051,387.1340581,254.7372005,1.519738999,0.753011178,78431,312.9518478,0.740023474,0.980747409,0.787290998,0.808381079,0.005032879,0.001325747,0.65347997,0.993118995,BARBUNYA,3
37123,731.932,278.7859993,170.6059162,1.634093386,0.790888614,37539,217.4085362,0.675160047,0.988918192,0.870786043,0.779840224,0.007509792,0.001713287,0.608150775,0.99377516,DERMASON,0
198281,1725.184,650.6859375,392.475928,1.657900246,0.797610692,201595,502.453192,0.708956665,0.9835611,0.837182461,0.772190028,0.003281635,0.000719725,0.596277439,0.988568512,BOMBAY,1
75139,1047.276,358.6643425,267.3510418,1.341548326,0.666609228,76250,309.305587,0.786087921,0.985429508,0.860900525,0.86238176,0.004773345,0.001628549,0.7437023,0.997712576,BARBUNYA,3
72058,1035.943,397.7170239,233.4102154,1.703940092,0.809677482,73724,302.8978295,0.764541114,0.977402203,0.843762748,0.761591311,0.005519401,0.001145407,0.580021325,0.988321589,CALI,3
86838,1185.231,402.6771524,275.5243084,1.461494105,0.729265067,88351,332.5140231,0.708736992,0.982875123,0.776807969,0.825758356,0.004637108,0.001329961,0.681876862,0.996559013,BARBUNYA,3
191584,1634.627,580.6355825,421.0280125,1.379090144,0.688626991,193466,493.8950546,0.771318719,0.990272193,0.901014467,0.850611071,0.00303071,0.000978697,0.723539194,0.997825771,BOMBAY,1
144704,1442.997,545.1107486,338.9575733,1.608197579,0.783164843,145929,429.2351979,0.759708725,0.991605507,0.873292125,0.787427507,0.003767075,0.00089336,0.620042079,0.99715017,BOMBAY,1
49513,866.919,352.2008702,180.3496075,1.952878495,0.858946923,50023,251.08148,0.827865837,0.98980469,0.827888905,0.712892844,0.007113301,0.001133308,0.508216207,0.992484501,HOROZ,2
68062,1016.666,375.2806726,232.5483356,1.613774924,0.784866335,69176,294.3793979,0.737383805,0.983896149,0.827480886,0.784424617,0.005513806,0.001287764,0.61532198,0.992991181,BARBUNYA,3
69339,1031.231,374.9121254,236.398999,1.585929412,0.776152622,70486,297.1281824,0.711453812,0.983727265,0.819361433,0.792527535,0.005406945,0.001315798,0.628099893,0.996122094,BARBUNYA,3
78027,1183.251,366.68607,273.4072184,1.341171869,0.666375191,79713,315.1936896,0.752553456,0.978849121,0.70032723,0.859573666,0.004699477,0.001582565,0.738866888,0.990947485,BARBUNYA,3
48478,837.905,332.5086584,186.5632334,1.78228396,0.827763057,49088,248.4433671,0.692325269,0.987573338,0.867690803,0.74717864,0.00685896,0.001318669,0.55827592,0.995006217,SIRA,2
72561,1056.868,427.2206514,217.6196084,1.963153296,0.860538993,73203,303.9531783,0.801646136,0.991229868,0.816341033,0.711466492,0.005887745,0.000930565,0.50618457,0.993717906,CALI,2
26405,622.432,236.5653307,143.0248573,1.6540155,0.796537401,26835,183.3572747,0.68045355,0.983976151,0.856470111,0.775080922,0.008959111,0.001994495,0.600750436,0.993650532,DERMASON,0
188362,1657.968,639.8234602,377.824013,1.69344308,0.807028193,191016,489.7243583,0.810619362,0.986105876,0.861094606,0.765405442,0.003396776,0.000719139,0.585845491,0.992095992,BOMBAY,1
72980,1056.868,408.4822731,231.7964839,1.762245338,0.823402427,75011,304.8294966,0.785009735,0.972923971,0.821054955,0.746249021,0.005597181,0.00107074,0.556887602,0.98137258,CALI,2
63703,1010.611,360.8357262,225.5198267,1.600017752,0.780630302,64811,284.7967323,0.723634587,0.982904137,0.78379359,0.789269775,0.005664344,0.001355911,0.622946777,0.996725902,BARBUNYA,3
49699,821.93,300.5880917,210.9711763,1.424782745,0.712313545,50144,251.5526429,0.802243745,0.991125558,0.924459415,0.836868292,0.006048172,0.001829921,0.700348538,0.997844512,SIRA,0
51695,880.771,306.3289695,216.056113,1.417821349,0.708901517,52714,256.5543184,0.773483556,0.980669272,0.837398908,0.837512426,0.005925698,0.001798392,0.701427063,0.994498265,BARBUNYA,0
59844,997.552,350.946619,217.9793747,1.6099992,0.783716806,61098,276.0357718,0.77998045,0.979475597,0.755717346,0.78654632,0.005864358,0.001384514,0.618655114,0.996034239,BARBUNYA,3
78563,1162.569,376.7077104,267.2532896,1.409553128,0.704761104,81224,316.2744352,0.712757657,0.967238747,0.730449921,0.839575157,0.004794976,0.001469618,0.704886445,0.993574893,BARBUNYA,3
72205,1085.425,375.9111693,245.4604219,1.531453285,0.757379861,73563,303.2066314,0.708419999,0.981539633,0.770153859,0.806591174,0.005206165,0.001359288,0.650589322,0.996347154,BARBUNYA,3
63717,1005.087,408.4304507,199.6062077,2.046181106,0.872443329,64338,284.8280254,0.808550327,0.99034785,0.792606943,0.69737216,0.00641007,0.000935192,0.486327929,0.995115019,HOROZ,2
66884,1022.644,352.6405248,242.6009755,1.453582469,0.725752906,68186,291.8207561,0.771548542,0.980905171,0.803679985,0.827530404,0.00527242,0.001525196,0.68480657,0.995422825,BARBUNYA,3
176352,1626.129,588.8901819,386.3377341,1.524288543,0.754722846,180410,473.854767,0.764090121,0.97750679,0.83806994,0.804657272,0.003339288,0.00086353,0.647473325,0.986936171,BOMBAY,1
54440,1027.543,334.1376839,209.8596803,1.592195716,0.778162098,55695,263.2777256,0.728489228,0.977466559,0.647929824,0.787931857,0.006137724,0.00145929,0.620836611,0.988493392,BARBUNYA,3
80972,1107.587,422.9895057,245.7143718,1.721468315,0.813975324,82215,321.08683,0.744378459,0.984881104,0.829447746,0.759089353,0.005223898,0.001069907,0.576216645,0.991938697,CALI,3
58322,978.773,374.0041617,198.8382226,1.880947017,0.846965983,59273,272.5029848,0.726482312,0.983955595,0.765029728,0.728609499,0.006412746,0.001114816,0.530871802,0.998541732,BARBUNYA,2
196212,1747.118,682.7367865,370.0172739,1.845148415,0.840403107,199571,499.8248469,0.838269221,0.983168897,0.807776013,0.732090107,0.003479587,0.000616546,0.535955924,0.988918224,BOMBAY,1
175738,1572.654,575.7955136,393.0693545,1.464870021,0.730741362,178091,473.029144,0.744810341,0.986787654,0.892913061,0.821522803,0.003276443,0.000920579,0.674899715,0.98864036,BOMBAY,1
37866,730.356,273.9633121,176.5962002,1.551354513,0.764521701,38306,219.5734242,0.782161448,0.988513549,0.892051837,0.801470177,0.007235074,0.001841502,0.642354444,0.996519465,DERMASON,0
69100,1011.142,377.8914472,233.9976046,1.614937246,0.785218248,70276,296.6156647,0.774828719,0.98326598,0.849304864,0.784922937,0.005468762,0.001280492,0.616104017,0.994969325,CALI,3
72828,1057.896,378.0114378,246.1248438,1.535852423,0.758988333,73854,304.5118874,0.715951318,0.986107726,0.817753285,0.805562628,0.005190468,0.001348291,0.648931148,0.996662477,BARBUNYA,3
87516,1210.109,444.8966593,251.5492961,1.768626135,0.824809572,89724,333.8095745,0.671443916,0.9753912,0.751014534,0.750308116,0.005083604,0.000993825,0.56296227,0.995669783,BARBUNYA,2
63557,1023.845,372.0830453,218.3550724,1.704027487,0.809699298,64632,284.4701843,0.714115572,0.983367372,0.761912022,0.764534122,0.00585432,0.001233797,0.584512424,0.996025236,BARBUNYA,2
60408,999.737,369.4875345,208.9364254,1.768420867,0.824764579,61404,277.3334715,0.742477876,0.983779558,0.759508765,0.750589521,0.006116533,0.001197554,0.563384629,0.996301134,BARBUNYA,2
63357,972.487,330.4497412,245.5370454,1.345824377,0.669248118,64428,284.0222488,0.76490402,0.983376793,0.841854156,0.859502107,0.005215678,0.001755813,0.738743872,0.994219511,BARBUNYA,3
64001,971.208,358.8447694,228.1479985,1.572859599,0.771866485,64745,285.4620887,0.703965242,0.988508765,0.852652602,0.795502995,0.005606862,0.001385055,0.632825015,0.995344899,BARBUNYA,3
63608,972.463,322.7578655,251.5858028,1.282893796,0.626417469,64527,284.584295,0.780791987,0.9857579,0.845231029,0.881726909,0.005074171,0.001891826,0.777442342,0.997375957,BARBUNYA,0
39659,742.829,280.2756751,180.6504477,1.551480656,0.764565886,40165,224.7118313,0.736499034,0.987401967,0.903179191,0.801752886,0.007067139,0.001801298,0.642807689,0.997303696,DERMASON,0
67986,1030.513,360.4515938,240.5559876,1.498410401,0.744722815,69183,294.2149957,0.722870813,0.982698062,0.80449325,0.816239963,0.00530185,0.001451706,0.666247678,0.99831245,BARBUNYA,3
59387,930.813,361.3864657,210.6642569,1.715461707,0.812519908,59877,274.9797753,0.820035902,0.991816557,0.86134348,0.760902251,0.006085279,0.001258275,0.578972236,0.9932047,CALI,3
67658,1068.824,366.2396263,236.3578371,1.54951336,0.763875267,69020,293.5044141,0.762051721,0.980266589,0.744246199,0.801399939,0.005413102,0.001377283,0.642241862,0.995162346,BARBUNYA,3
43844,826.338,338.9045386,165.7581755,2.044572086,0.872227774,44434,236.2708501,0.822619986,0.98672188,0.806871886,0.697160478,0.007729781,0.001126362,0.486032732,0.993728956,HOROZ,2
79669,1142.445,399.2322776,255.9725168,1.559668525,0.76740566,81174,318.4928905,0.771836853,0.981459581,0.767058748,0.797763378,0.005011137,0.001252023,0.636426408,0.992614236,BARBUNYA,3
75703,1082.381,389.2202343,248.5031087,1.566259016,0.769651686,76726,310.4642544,0.780443299,0.98666684,0.812012349,0.797657026,0.005141411,0.001283887,0.63625673,0.99654284,BARBUNYA,3
82885,1156.62,412.9039409,257.1367989,1.60577538,0.782419206,84160,324.8575991,0.810325949,0.984850285,0.778582092,0.786763135,0.004981649,0.001177413,0.618996231,0.993968908,BARBUNYA,3
54643,933.139,379.4556544,185.2539748,2.048299664,0.87272629,55412,263.7681339,0.602153263,0.98612214,0.78859082,0.695122423,0.006944268,0.001000118,0.483195183,0.989728531,HOROZ,2
89968,1233.517,422.4816447,272.7682103,1.548866872,0.763647606,91792,338.4535646,0.784547635,0.980128987,0.743032229,0.801108329,0.00469591,0.001193066,0.641774555,0.994023348,BARBUNYA,3
36766,750.839,285.5181836,164.4025316,1.736701867,0.817587717,37323,216.3606367,0.787567209,0.985076226,0.819525746,0.757782338,0.007765821,0.001579593,0.574234072,0.997273385,DERMASON,2
40783,751.422,284.9988079,182.6373103,1.560463234,0.767678355,41172,227.8739308,0.759799538,0.990551831,0.907655871,0.799560996,0.006988177,0.001761773,0.639297787,0.997600692,DERMASON,0
68384,985.315,364.7629557,239.0638114,1.525797458,0.755286314,69193,295.0749278,0.7482493,0.988308066,0.885144501,0.808949821,0.005334039,0.001409037,0.654399813,0.998481572,BARBUNYA,3
92544,1177.29,460.67346,259.348064,1.776274914,0.8264733,94340,343.2647381,0.792735995,0.980962476,0.839056528,0.745136779,0.004977886,0.000946605,0.555228819,0.986239023,CALI,3
54358,923.33,326.4177656,214.2647816,1.523431724,0.754401954,55744,263.0793705,0.714043638,0.975136338,0.80123413,0.805959106,0.006004963,0.001562939,0.64957008,0.989575667,BARBUNYA,3
52836,932.617,321.6612199,209.4603282,1.535666552,0.758920721,53871,259.370169,0.715789474,0.980787437,0.763366576,0.806345785,0.006087918,0.001587573,0.650193526,0.99848045,BARBUNYA,3
147218,1459.129,531.2387,353.5033198,1.502782775,0.746458324,148914,432.9477789,0.744732622,0.988610876,0.868927214,0.81497786,0.003608517,0.000981955,0.664188912,0.998131657,BOMBAY,1
67573,1024.508,396.9407079,221.5445158,1.791697287,0.829753522,69713,293.3199887,0.761883823,0.969302713,0.809007144,0.738951644,0.00587425,0.001080429,0.546049532,0.978355465,CALI,2
66086,1045.614,358.6010989,235.8286936,1.520599946,0.753336569,67353,290.0746603,0.72976435,0.981188663,0.759585299,0.808906222,0.005426279,0.001433094,0.654329277,0.994973063,BARBUNYA,3
51035,861.296,336.8272348,193.1697963,1.743684785,0.819206855,51483,254.9113182,0.77950543,0.991298098,0.864516174,0.756801386,0.006599926,0.001335508,0.572748338,0.998692563,SIRA,2
69473,1021.704,351.0587716,252.6363032,1.389581653,0.694346281,70650,297.4151491,0.756893678,0.98334041,0.836326253,0.847194752,0.005053168,0.001605745,0.717738948,0.997356874,BARBUNYA,3
42269,776.825,283.9212175,189.8355744,1.4956165,0.743603722,42786,231.9882806,0.742655844,0.987916608,0.880208281,0.817086805,0.006717008,0.001846836,0.667630847,0.998519712,SIRA,0
40619,750.107,276.4574257,187.3624136,1.475522334,0.735314443,41042,227.4152965,0.744756142,0.989693485,0.907178303,0.82260513,0.006806111,0.001922403,0.676679199,0.998455271,SIRA,0
80107,1128.926,393.6625627,260.4238339,1.511622637,0.749909203,81661,319.3671871,0.705459125,0.980970108,0.789858655,0.811271422,0.004914209,0.001313101,0.658161321,0.994891551,BARBUNYA,3
71881,1073.977,376.0912027,243.9444327,1.541708489,0.761102987,73314,302.5255885,0.781281249,0.980453938,0.783130274,0.804394217,0.005232136,0.001351247,0.647050056,0.997562564,BARBUNYA,3
73664,1072.943,383.1261626,245.8605848,1.558306562,0.766937122,74759,306.2546617,0.79526709,0.985352934,0.804103329,0.799357213,0.005200996,0.001309875,0.638971954,0.99571419,BARBUNYA,3
35315,682.216,240.6337005,187.2693793,1.284960208,0.627974128,35619,212.0482363,0.777692138,0.991465229,0.953510046,0.881207561,0.006813923,0.002534486,0.776526765,0.997805994,DERMASON,0
37861,712.99,253.5201789,190.3512936,1.331854248,0.660492197,38226,219.5589269,0.747871605,0.990451525,0.935912111,0.866041227,0.006696077,0.002323563,0.750027408,0.998927189,SEKER,0
85601,1136.724,407.760352,268.7694158,1.517138216,0.752023999,87003,330.1372113,0.781594397,0.983885613,0.832489267,0.809635389,0.0047635,0.001262594,0.655509463,0.994498458,BARBUNYA,3
135898,1385.644,509.4433176,341.4900636,1.491824717,0.742072131,137538,415.9695994,0.754787612,0.988076023,0.889446024,0.816517923,0.003748718,0.00102784,0.666701518,0.994601804,BOMBAY,1
80294,1088.569,425.7610892,242.4923647,1.755771114,0.821956466,81493,319.7397317,0.804758755,0.98528708,0.851492904,0.75098392,0.005302527,0.001040364,0.563976848,0.990214258,CALI,3
56277,944.618,335.3126339,213.9215297,1.567456227,0.770055958,57408,267.6828382,0.698243133,0.980298913,0.792553099,0.798308239,0.005958254,0.00149273,0.637296044,0.998933653,BARBUNYA,3
50583,1054.35,350.2291098,185.1516121,1.891580127,0.848834578,52449,253.7799754,0.771670481,0.964422582,0.57180091,0.724611314,0.00692385,0.001177465,0.525061556,0.993196005,HOROZ,2
65901,1054.483,347.0589763,242.8538335,1.429085847,0.71438974,67385,289.6683608,0.771692545,0.977977295,0.744770907,0.834637282,0.005266369,0.001576457,0.696619393,0.995528915,BARBUNYA,3
71483,1093.388,372.0698312,245.1075814,1.517985813,0.752346421,72960,301.6868946,0.720413202,0.979756031,0.751387608,0.810834067,0.005205011,0.001387808,0.657451885,0.998002634,BARBUNYA,3
90260,1196.254,420.4780916,274.0689009,1.534205779,0.758388284,91653,339.0023618,0.74560534,0.98480137,0.792607883,0.806230737,0.004658521,0.00121413,0.650008002,0.997246033,BARBUNYA,3
62298,992.583,327.6850936,242.658033,1.350398705,0.672032077,63353,281.6385577,0.801157407,0.983347276,0.794603188,0.859479309,0.005259962,0.001770533,0.738704682,0.997545846,BARBUNYA,3
38806,743.685,269.7196657,183.8611997,1.46697436,0.731654945,39305,222.282104,0.770204827,0.987304414,0.881720015,0.824122718,0.006950463,0.001977703,0.679178255,0.996337085,SIRA,0
61348,949.061,356.9393556,219.2460922,1.628030639,0.789120006,62159,279.4829147,0.73998842,0.986952815,0.855898014,0.782998317,0.005818272,0.001349016,0.613086364,0.998123385,BARBUNYA,3
156250,1509.428,568.1211216,352.3572272,1.612344171,0.784431887,157716,446.031029,0.791620225,0.990704811,0.861797215,0.78509848,0.003635975,0.000852113,0.616379623,0.993816093,BOMBAY,1
75180,1059.084,372.1528356,258.7489339,1.438277755,0.718742852,76407,309.3899626,0.765518084,0.983941262,0.842270076,0.831351888,0.004950157,0.001458607,0.691145962,0.994059863,BARBUNYA,3
56857,952.885,328.1323757,221.256783,1.483038717,0.738465529,57866,269.058694,0.794047819,0.982563163,0.786887822,0.819969969,0.005771187,0.001609299,0.67235075,0.997122194,BARBUNYA,3
77418,1116.981,364.8569284,270.7538285,1.347559628,0.670308901,79163,313.9612382,0.765726381,0.977956874,0.77975872,0.860505074,0.004712818,0.001593948,0.740468982,0.997826106,BARBUNYA,3
55377,921.337,322.9626948,219.5998638,1.470687136,0.733254519,56515,265.5337761,0.714025994,0.979863753,0.819789335,0.822180953,0.005832073,0.001643888,0.675981519,0.994157324,BARBUNYA,3
62145,1051.69,328.9746105,241.2600003,1.363568806,0.679830076,63727,281.2925017,0.767933272,0.975175357,0.706058308,0.855058393,0.005293662,0.001745497,0.731124855,0.996939045,BARBUNYA,3
41130,751.167,278.9962563,187.7938233,1.485651932,0.739546771,41511,228.8413041,0.719005664,0.99082171,0.916000209,0.820230734,0.006783279,0.001893929,0.672778457,0.999514615,SIRA,0
52341,904.349,289.7805138,230.4202782,1.257617238,0.6064069,53407,258.1523407,0.765723063,0.98004007,0.804229046,0.890854728,0.005536396,0.002150971,0.793622146,0.998072891,BARBUNYA,0
74846,1024.352,390.6549574,244.3383937,1.598827559,0.780257579,75491,308.7019387,0.797948784,0.991455935,0.896354947,0.790216361,0.00521945,0.001255419,0.624441897,0.998374913,CALI,3
184491,1656.324,618.6363355,383.1531609,1.614592802,0.785114057,187848,484.6661086,0.766795511,0.982129168,0.845073453,0.78344268,0.003353206,0.000779236,0.613782433,0.991008698,BOMBAY,1
57641,938.653,333.5431815,223.8544724,1.490000079,0.74132981,59171,270.9073653,0.779775433,0.974142739,0.822112451,0.812210773,0.005786561,0.001553371,0.65968634,0.982932699,BARBUNYA,3
70413,1068.42,371.2253173,243.1744321,1.526580381,0.755577854,71731,299.420467,0.716627992,0.981625796,0.775137404,0.806573402,0.005272113,0.001376385,0.650560652,0.993133129,BARBUNYA,3
37690,744.443,288.0076329,167.4450954,1.720012355,0.813624179,38265,219.0625446,0.672459321,0.984973213,0.854620095,0.760613677,0.007641487,0.001577663,0.578533165,0.995084192,DERMASON,2
204774,1739.277,659.2536003,398.65381,1.653699485,0.796449695,209024,510.6137038,0.811526085,0.979667407,0.850642682,0.774533053,0.00321942,0.000714689,0.59990145,0.992056719,BOMBAY,1
22333,545.278,201.0372975,142.0385806,1.415371068,0.707684588,22596,168.6275741,0.799434422,0.988360772,0.943889116,0.83878751,0.009001804,0.002748636,0.703564486,0.995804819,DERMASON,0
102015,1271.97,456.791895,286.8944214,1.592195111,0.778161905,103901,360.4019037,0.804972738,0.981848105,0.792355654,0.788984891,0.004477693,0.001070308,0.622497159,0.991136932,BARBUNYA,3
64231,990.631,361.9877894,226.349489,1.599242795,0.78038773,65039,285.9745604,0.780924012,0.987576685,0.822490175,0.790011621,0.005635718,0.001354138,0.624118362,0.998116793,BARBUNYA,3
60108,921.726,351.5022062,218.5511185,1.608329477,0.783205329,60547,276.6439635,0.80944814,0.992749434,0.889075137,0.787033363,0.005847844,0.001384038,0.619421515,0.996233882,CALI,3
40644,760.4,286.7542768,180.6244549,1.587571721,0.776682083,41112,227.48527,0.78790346,0.988616462,0.88332819,0.793310818,0.007055267,0.00172372,0.629342054,0.999125649,SIRA,0
60409,946.447,359.7523847,215.0499722,1.67287808,0.801666018,61368,277.335767,0.731414665,0.984372963,0.847459422,0.770907376,0.005955278,0.00129745,0.594298183,0.994188403,BARBUNYA,3
67686,1044.47,368.6010689,234.2025027,1.573856234,0.772197935,69063,293.5651407,0.708383046,0.980061683,0.77968068,0.796430519,0.005445751,0.001351541,0.634301572,0.998299483,BARBUNYA,3
67085,1019.709,369.7382109,232.5206522,1.590130629,0.777503063,68180,292.2589175,0.770233188,0.983939572,0.810742208,0.790448238,0.005511489,0.001327218,0.624808418,0.993527002,BARBUNYA,3
68136,1020.991,377.382631,230.311324,1.6385761,0.79218119,69141,294.5393855,0.799830962,0.985464486,0.821377251,0.780479443,0.005538667,0.001267742,0.60914816,0.998135617,BARBUNYA,3
83039,1114.391,434.3883107,247.8111906,1.752900301,0.82130934,85152,325.1592511,0.707027791,0.975185551,0.840265984,0.748545122,0.005231136,0.001013089,0.5603198,0.982184746,CALI,2
64137,1007.701,393.1304149,213.5250628,1.841144125,0.839641806,66763,285.7652265,0.798707364,0.960666836,0.793697709,0.726896764,0.006129542,0.001055598,0.528378906,0.972821718,CALI,2
234898,1869.885,695.1376297,432.5894199,1.606922402,0.782772808,238265,546.883372,0.799467698,0.985868676,0.844227291,0.786726756,0.002959317,0.000699305,0.618938988,0.994586925,BOMBAY,1
73353,1059.701,381.7712858,245.9856928,1.552006059,0.76474978,74671,305.6074939,0.67776361,0.982349239,0.820844809,0.800498899,0.005204576,0.001318281,0.640798487,0.994523135,BARBUNYA,3
80784,1264.547,394.3957508,261.8484588,1.50619848,0.747800833,82343,320.7138653,0.696672042,0.981067,0.634841437,0.813177791,0.004882102,0.001316827,0.661258119,0.995985974,BARBUNYA,3
52025,908.41,371.8667481,181.5221973,2.048602065,0.8727666,53596,257.3718852,0.618241236,0.970688111,0.792242507,0.692107822,0.007147847,0.001011696,0.479013238,0.981307508,HOROZ,2
79877,1106.017,363.8330073,280.2539367,1.298226214,0.637703676,81101,318.9083804,0.779439891,0.984907708,0.820555583,0.876524048,0.004554916,0.0016585,0.768294407,0.99741994,BARBUNYA,3
47937,853.142,337.1537579,184.1836671,1.830530161,0.83759622,48712,247.0532009,0.805474342,0.984090163,0.827633517,0.732761226,0.007033268,0.001250797,0.536939014,0.98288306,HOROZ,2
51906,896.485,327.3825036,202.8131801,1.61420724,0.784997333,52774,257.0773654,0.776327007,0.983552507,0.811598754,0.785250777,0.006307219,0.001479283,0.616618783,0.995350504,BARBUNYA,3
69824,1055.572,389.0487083,229.1127995,1.698066233,0.808202134,70943,298.1655211,0.688395938,0.984226774,0.78747879,0.766396379,0.005571848,0.001185749,0.587363409,0.997381971,BARBUNYA,3
80410,1233.037,404.0786746,255.83869,1.579427547,0.774036655,82818,319.9706108,0.681221302,0.970924195,0.664611281,0.791852258,0.005025229,0.001218743,0.627029998,0.990348452,BARBUNYA,3
203793,1754.602,664.2640948,397.0850735,1.67285083,0.801658757,207056,509.3891504,0.797811619,0.984240978,0.831843996,0.766847334,0.003259504,0.000695292,0.588054834,0.983728017,BOMBAY,1
38730,727.406,269.0956667,183.6507878,1.46525735,0.730909899,39151,222.064332,0.741783498,0.989246763,0.919821598,0.825224482,0.00694799,0.001987593,0.680995445,0.997833581,DERMASON,0
178200,1593.538,578.0201216,395.9361941,1.459881996,0.728555411,180886,476.3310686,0.757266701,0.985150869,0.881845931,0.824073507,0.003243659,0.000922739,0.679097145,0.991401695,BOMBAY,1
93084,1338.893,405.8493977,293.8842226,1.380983961,0.689672559,96777,344.264767,0.728596252,0.961840107,0.652518996,0.84825743,0.004360034,0.001392452,0.719540667,0.993674121,BARBUNYA,3
144079,1462.012,534.5994627,346.3307358,1.543609641,0.761783083,146415,428.3072266,0.6931207,0.984045351,0.847049275,0.801174069,0.003710461,0.000943007,0.641879888,0.990811984,BOMBAY,1
71434,1123.503,432.5271945,213.0488037,2.03017894,0.870274289,72650,301.5834771,0.634157168,0.983262216,0.711158427,0.697258995,0.006054921,0.000882805,0.486170107,0.987012312,HOROZ,2
51887,909.041,369.93346,181.4819734,2.038403336,0.871396132,52740,257.03031,0.674347577,0.983826318,0.789044474,0.694801465,0.007129598,0.001024915,0.482749076,0.984037327,HOROZ,2
37202,722.697,259.5978011,183.2721586,1.416460651,0.708226766,37691,217.6397426,0.746803172,0.98702608,0.8950837,0.838372828,0.00697806,0.00212649,0.702868998,0.995586279,SIRA,0
35763,727.767,267.0238367,171.703531,1.555144703,0.765843525,36421,213.3890012,0.73712307,0.9819335,0.848514149,0.799138398,0.007466483,0.001878382,0.63862218,0.9931499,DERMASON,0
192106,1680.348,605.2438765,407.4641658,1.485391667,0.739439411,194851,494.5674433,0.814008475,0.985912312,0.854972855,0.817137459,0.003150572,0.000866462,0.667713627,0.991816257,BOMBAY,1
67083,1023.333,370.0467248,231.3792165,1.599308401,0.780408282,67999,292.2545609,0.789592627,0.986529214,0.804986101,0.789777456,0.005516252,0.001323862,0.62374843,0.997566104,BARBUNYA,3
79519,1135.829,415.9245222,243.97465,1.704785814,0.809888429,80702,318.1929216,0.811335578,0.985341132,0.774559648,0.765025635,0.005230505,0.001105166,0.585264222,0.997750143,BARBUNYA,3
39642,748.914,278.4701824,182.1280998,1.528979783,0.756467846,40182,224.6636642,0.726962645,0.986561147,0.88818109,0.80677817,0.007024625,0.001835775,0.650891016,0.995199204,SIRA,0
166639,1586.606,581.6554036,367.4490468,1.582955266,0.775188668,170464,460.6206297,0.768063237,0.977561245,0.831856339,0.791913265,0.003490512,0.000846797,0.627126619,0.992713384,BOMBAY,1
41513,748.568,274.4578049,193.3277513,1.419650325,0.709804421,41885,229.9043132,0.796641719,0.991118539,0.930960957,0.837667245,0.00661137,0.002007971,0.701686413,0.996149344,DERMASON,0
158001,1493.196,552.6877073,365.1189622,1.51371954,0.750716629,159353,448.5232673,0.779620456,0.991515692,0.890504388,0.811531108,0.003498001,0.000935881,0.658582739,0.99690956,BOMBAY,1
206979,1795.101,712.4086751,379.0117206,1.879648138,0.846735265,214037,513.3554789,0.607021043,0.967024393,0.807157656,0.72059128,0.003441937,0.000572451,0.519251792,0.976010665,BOMBAY,1
54825,929.507,384.1827162,182.747826,2.102256013,0.879618698,55405,264.2070363,0.816321973,0.989531631,0.797412749,0.687711928,0.007007437,0.000966864,0.472947695,0.994257137,HOROZ,2
84975,1178.198,428.4313179,252.9555608,1.693701916,0.807094217,86293,328.9278497,0.750145659,0.984726455,0.769244633,0.767749312,0.005041851,0.001080557,0.589439007,0.998333975,BARBUNYA,3
40350,739.414,271.152412,189.7138297,1.429270668,0.71447836,40740,226.6610148,0.775484317,0.990427099,0.927423432,0.835917383,0.00672001,0.002023966,0.698757872,0.99871413,DERMASON,0
55779,924.817,365.215337,195.4545206,1.868543822,0.844740516,56388,266.4958322,0.807198055,0.98919983,0.819537781,0.729695074,0.006547542,0.001145048,0.5324549,0.994915315,HOROZ,2
56988,902.722,345.5850376,211.0016028,1.637831338,0.791967321,57852,269.3684747,0.757718389,0.985065339,0.878790243,0.779456416,0.006064172,0.001380761,0.607552304,0.995068203,BARBUNYA,3
52377,888.1,346.0571882,194.580319,1.77847991,0.826948324,53242,258.2411037,0.738224101,0.983753428,0.834500774,0.74623823,0.006607045,0.001263854,0.556871496,0.990384769,SIRA,2
64478,974.289,361.6608793,227.7020864,1.58830727,0.776918566,65268,286.5238897,0.687325445,0.987896059,0.85358313,0.79224463,0.005609059,0.001363035,0.627651555,0.996903527,BARBUNYA,3
76673,1061.077,363.0571425,269.5013743,1.347143937,0.67005531,77754,312.4469485,0.791014134,0.986097178,0.855772879,0.860599922,0.004735137,0.001602203,0.740632226,0.997738213,BARBUNYA,3
40580,925.731,259.0915135,200.5185355,1.29210755,0.633271907,41753,227.3060948,0.751258886,0.97190621,0.595048401,0.877319723,0.00638471,0.002333203,0.769689896,0.994522125,SEKER,0
146007,1466.009,530.0595389,353.3292622,1.500185792,0.745429832,147648,431.1634101,0.770383854,0.988885728,0.853709804,0.81342449,0.003630371,0.000980392,0.661659401,0.992612032,BOMBAY,1
96243,1207.214,476.6116146,260.2091823,1.831647947,0.83781356,98057,350.0577002,0.713889404,0.981500556,0.829870811,0.734471611,0.004952169,0.000888946,0.539448547,0.988079823,CALI,2
23562,612.084,246.2504516,122.5126535,2.010000148,0.867456864,23959,173.2052833,0.698257468,0.983430026,0.790314521,0.703370419,0.010451169,0.001577906,0.494729946,0.994407265,DERMASON,2
214138,1763.646,653.1324411,422.1838463,1.547033234,0.762999966,217249,522.157993,0.800456041,0.985680026,0.865128802,0.799467244,0.003050054,0.000768582,0.639147875,0.988783004,BOMBAY,1
80641,1131.43,373.9364916,275.7130155,1.356252591,0.675537337,82437,320.4298833,0.733833834,0.978213666,0.791608391,0.856909904,0.004637052,0.001542277,0.734294584,0.995888933,BARBUNYA,3
54543,974.042,335.9046656,207.4933402,1.618869624,0.786402071,55730,263.5266675,0.671158035,0.978700879,0.72242625,0.784528155,0.006158529,0.0014391,0.615484426,0.996389041,BARBUNYA,3
64979,1032.629,413.2250931,201.0289509,2.055550164,0.873687391,65841,287.6348942,0.716614282,0.986907854,0.765762778,0.696073155,0.006359364,0.000920901,0.484517837,0.995950719,HOROZ,2
67437,1041.175,380.6478801,226.5663953,1.680072103,0.803568305,68653,293.0246665,0.799983392,0.982287737,0.781736955,0.769805066,0.005644496,0.001222723,0.59259984,0.995610459,BARBUNYA,3
72098,1155.934,454.2319853,205.4310707,2.211116282,0.891886017,73989,302.9818884,0.579156224,0.974442147,0.678058252,0.667020153,0.006300202,0.00076929,0.444915885,0.983760757,HOROZ,2
237270,1921.685,738.1445017,412.9216472,1.787613962,0.828894543,240671,549.6376504,0.784114793,0.985868675,0.807399161,0.744620666,0.00311099,0.000589955,0.554459936,0.991160323,BOMBAY,1
64948,1087.705,352.1132678,235.8523974,1.492939108,0.742523799,66338,287.566274,0.771647182,0.9790467,0.689847979,0.816686846,0.005421464,0.001487711,0.666977404,0.99575665,BARBUNYA,3
81401,1126.97,443.1299594,236.7420284,1.871784078,0.845326745,82933,321.9362859,0.679428753,0.981527257,0.805406061,0.726505349,0.00544379,0.000935484,0.527810022,0.987946396,CALI,2
98399,1207.523,475.4600796,267.2661418,1.778976104,0.827054939,99895,353.9569154,0.715785262,0.985024275,0.848027089,0.744451386,0.00483196,0.000915479,0.554207867,0.985922551,CALI,2
39901,716.133,239.5019006,212.5000815,1.127067335,0.461272663,40196,225.3963866,0.79623643,0.992660961,0.977701475,0.941104793,0.006002403,0.002904403,0.885678231,0.998219004,SEKER,0
178043,1635.951,632.9955102,362.3502488,1.746916174,0.819948488,181333,476.1211907,0.816112028,0.981856584,0.835976722,0.752171513,0.003555296,0.000701977,0.565761985,0.988338762,BOMBAY,1
54515,937.25,367.2654562,191.910564,1.913732358,0.852615318,55802,263.4590173,0.706802889,0.976936311,0.779857014,0.71735311,0.006736962,0.001100464,0.514595485,0.984798031,HOROZ,2
77531,1118.121,405.2793115,244.3628738,1.658514263,0.797779513,79291,314.1902849,0.673573464,0.977803282,0.77930532,0.775243828,0.00522732,0.001164695,0.601002993,0.996772036,BARBUNYA,3
41945,779.596,305.9030809,175.3677635,1.74435184,0.819360343,42389,231.0974528,0.725390841,0.989525584,0.86726308,0.75545971,0.007292957,0.001465307,0.570719374,0.995535389,SIRA,2
39882,773.165,297.0555479,171.3736421,1.733379441,0.816809323,40377,225.3427157,0.662337662,0.987740545,0.838382919,0.758587804,0.007448361,0.001521472,0.575455456,0.997482657,SIRA,2
68403,1048.268,431.3049813,203.1637487,2.122942622,0.882109561,69280,295.1159172,0.784996213,0.987341224,0.782240606,0.684239529,0.006305352,0.000852554,0.468183733,0.993927201,HOROZ,2
73078,1012.867,378.1351805,246.944057,1.531258477,0.757308232,73829,305.0340956,0.790237467,0.989827845,0.895141462,0.806680022,0.005174405,0.001351591,0.650732657,0.996439897,BARBUNYA,3
181181,1601.361,576.0441326,403.3586388,1.428118992,0.713925403,183119,480.2986716,0.768292321,0.989416718,0.887859041,0.833787976,0.003179385,0.000947863,0.69520239,0.992831736,BOMBAY,1
68035,1022.207,355.8995951,244.0281087,1.458436887,0.727916676,69243,294.3210024,0.797017408,0.982554193,0.818209564,0.826977626,0.005231125,0.001509211,0.683891994,0.997413311,BARBUNYA,3
61684,984.878,412.1156482,191.4732795,2.15234026,0.885515123,62303,280.2472267,0.784723812,0.990064684,0.799130156,0.680020834,0.006681079,0.000881283,0.462428334,0.995303121,HOROZ,2
72652,1058.689,394.5933711,234.8318162,1.680323295,0.803634205,73772,304.143715,0.738355844,0.984818088,0.814555418,0.770777558,0.00543128,0.001182492,0.594098044,0.998276783,BARBUNYA,3
79893,1115.52,410.7433014,248.9338548,1.650009806,0.795421214,81400,318.9403188,0.768394022,0.981486486,0.80679625,0.776495484,0.005141168,0.001152915,0.602945237,0.994865554,BARBUNYA,3
49099,888.027,367.9231979,171.1597722,2.1495892,0.885202888,49674,250.0295751,0.58185201,0.988424528,0.782402393,0.67957002,0.007493497,0.000985828,0.461815413,0.992713423,HOROZ,2
87979,1148.631,443.7386916,255.6539528,1.735700491,0.817353658,89768,334.691413,0.692835318,0.980070849,0.837968743,0.754253391,0.005043689,0.001006925,0.568898178,0.987436848,CALI,2
41201,755.565,277.0849468,190.0066281,1.458290954,0.727852037,41629,229.0387358,0.724859254,0.989718706,0.906930395,0.82660115,0.0067252,0.001936729,0.683269462,0.996405675,SIRA,0
37560,722.862,280.5802493,171.0444468,1.640393795,0.792701704,37925,218.684424,0.791820386,0.990375742,0.903284707,0.779400633,0.007470188,0.001700413,0.607465347,0.996482387,DERMASON,0
62260,978.069,379.9616253,210.0652357,1.808779183,0.833274765,62976,281.5526488,0.818618105,0.988630589,0.817861928,0.741002854,0.006102821,0.001134984,0.54908523,0.993173933,HOROZ,2
77927,1137.739,409.9604281,242.8502039,1.688120585,0.805662561,79344,314.9916475,0.773945257,0.982141057,0.756506268,0.768346469,0.005260827,0.001130999,0.590356297,0.996592617,BARBUNYA,3
67454,1014.674,343.9890329,249.9889963,1.376016696,0.686917539,68666,293.061598,0.731676628,0.982349343,0.823312119,0.851950411,0.005099609,0.001657196,0.725819503,0.998739755,BARBUNYA,3
186519,1621.151,583.4342733,410.5504252,1.421102592,0.710518061,188837,487.3226515,0.833016239,0.987724863,0.891838066,0.835265725,0.003128015,0.000939177,0.697668832,0.991458985,BOMBAY,1
68470,1015.665,344.1346446,255.5808844,1.346480373,0.669649818,69737,295.2604132,0.811948582,0.981831739,0.834082901,0.857979334,0.005026065,0.001680023,0.736128538,0.991182628,BARBUNYA,3
53364,919.64,314.3128688,216.9357311,1.448875513,0.723627793,54228,260.6629146,0.766525898,0.984067272,0.792907515,0.829310348,0.00588998,0.001718549,0.687755653,0.996472325,BARBUNYA,3
168344,1550.635,577.5104099,374.4465735,1.542303898,0.761316318,170623,462.9710984,0.778606183,0.986643067,0.879808881,0.801667105,0.003430538,0.000874014,0.642670147,0.991192673,BOMBAY,1
218738,1810.955,682.4655468,412.0814484,1.65614237,0.797126135,223507,527.7365551,0.703064081,0.978662861,0.838144276,0.77327941,0.003120014,0.000688148,0.597961045,0.990308623,BOMBAY,1
132851,1369.46,511.9757505,333.4049732,1.535597222,0.758895493,134466,411.2798886,0.686341468,0.987989529,0.89017622,0.803319079,0.003853759,0.000989958,0.645321543,0.990953969,BOMBAY,1
64413,998.511,333.03266,247.2226217,1.347096223,0.670026181,65455,286.3794315,0.75831744,0.984080666,0.81185353,0.859913954,0.005170271,0.001743866,0.739452008,0.996113008,BARBUNYA,3
68894,1040.782,369.5564513,238.5738341,1.549023398,0.76370276,70189,296.1732013,0.783197863,0.981549815,0.799229894,0.801428849,0.005364131,0.00136502,0.6422882,0.99491945,BARBUNYA,3
78004,1080.753,433.656758,230.140815,1.884310516,0.847560932,78679,315.1472314,0.746528343,0.991420837,0.83921616,0.726720443,0.005559417,0.000956486,0.528122603,0.995146974,CALI,2
85681,1126.8,439.1739956,250.0541417,1.756315623,0.822078792,86751,330.2914432,0.782760826,0.987665848,0.848009493,0.752074227,0.005125687,0.00101152,0.565615643,0.993399589,CALI,3
72477,1038.598,388.0337684,240.6997532,1.612107047,0.784359749,73544,303.7771922,0.808173506,0.985491678,0.844335615,0.782862774,0.005353888,0.001240485,0.612874122,0.988018692,CALI,3
59565,1004.123,413.9685868,184.8160323,2.239895434,0.894808875,60486,275.3915639,0.566767527,0.984773336,0.742381567,0.665247492,0.006949863,0.000839632,0.442554225,0.991275188,HOROZ,2
72568,1068.047,403.7838785,229.7071155,1.757820508,0.822416185,73709,303.9678392,0.79794159,0.984520208,0.799418674,0.752798354,0.005564214,0.001102296,0.566705362,0.996166308,BARBUNYA,3
78753,1088.013,376.4923472,267.1436747,1.409325329,0.70464565,79877,316.6566498,0.741051265,0.985928365,0.836004859,0.841070615,0.004780673,0.001475702,0.707399779,0.996956425,BARBUNYA,3
91233,1271.386,440.8110544,264.470605,1.666767671,0.800027268,93179,340.8246813,0.684008097,0.979115466,0.709262454,0.773176348,0.004831706,0.00106511,0.597801665,0.99639649,BARBUNYA,3
41449,784.715,303.1167782,174.3190352,1.738862184,0.81809106,41924,229.7270247,0.71433003,0.988669974,0.845862969,0.757882906,0.007313006,0.001488278,0.574386499,0.998778962,SIRA,2
74216,1170.726,401.5684115,237.9803503,1.687401548,0.805476902,76494,307.3999773,0.657640095,0.970219887,0.680451038,0.765498402,0.005410806,0.001146091,0.585987804,0.988796727,BARBUNYA,2
37877,734.382,276.3658087,175.144446,1.577930759,0.773545006,38345,219.6053147,0.812601905,0.987795019,0.88255421,0.794618248,0.007296402,0.001794414,0.63141816,0.996334137,SIRA,0
85816,1200.368,397.8603704,276.0131662,1.441454319,0.720221866,87299,330.5515463,0.801898781,0.983012406,0.74842677,0.830822999,0.004636203,0.001362625,0.690266856,0.994988141,BARBUNYA,3
75899,1141.825,377.2658014,257.4320968,1.465496363,0.731013814,77693,310.8659007,0.747096228,0.976909117,0.73155473,0.823997032,0.004970629,0.001413493,0.678971109,0.99502969,BARBUNYA,3
38927,723.221,266.3881902,186.7249656,1.42663403,0.713209812,39270,222.6283804,0.766189033,0.991265597,0.935230675,0.835729167,0.006843276,0.002059236,0.698443241,0.996422896,DERMASON,0
38180,724.522,262.1790259,186.3858232,1.406646822,0.703282487,38554,220.4819399,0.702975401,0.99029932,0.913992503,0.84095949,0.006866921,0.002118566,0.707212864,0.994798727,DERMASON,0
78179,1130.225,402.7518923,248.6246739,1.619919238,0.786716295,79646,315.5005457,0.676523018,0.981580996,0.769077589,0.783362044,0.005151663,0.001196678,0.613656093,0.99407331,BARBUNYA,3
73097,1028.668,376.5884966,249.0108788,1.512337527,0.750184951,74018,305.0737468,0.731606498,0.987557081,0.868078415,0.810098422,0.005151901,0.001368669,0.656259453,0.992485799,BARBUNYA,3
25038,582.663,210.7664856,151.8401402,1.388081474,0.693539286,25462,178.5479536,0.721680982,0.983347734,0.926775657,0.847136361,0.008417864,0.002674207,0.717640014,0.996142808,DERMASON,0
84964,1106.69,427.7566023,255.9742087,1.671092586,0.801189371,86555,328.9065592,0.806033583,0.981618624,0.87175178,0.768910538,0.005034563,0.001085537,0.591223415,0.987989066,CALI,3
24482,593.198,230.138582,135.7760329,1.694986789,0.80742144,24743,176.5543841,0.689828121,0.989451562,0.874293806,0.767165516,0.009400318,0.002008531,0.588542929,0.99757249,DERMASON,0
80217,1194.35,398.6535152,257.7597309,1.546608983,0.762849713,81872,319.5863836,0.751011122,0.979785519,0.706664138,0.801664532,0.004969689,0.001266134,0.642666021,0.993953042,BARBUNYA,3
54085,940.816,389.9310456,177.6057363,2.195486777,0.89024609,54839,262.4179125,0.600197532,0.986250661,0.767851627,0.67298543,0.007209597,0.000912249,0.452909389,0.994356575,HOROZ,2
61811,978.904,389.9334902,202.7154975,1.923550469,0.85424418,62553,280.5355762,0.811657956,0.988138059,0.810579148,0.719444683,0.006308481,0.001042543,0.517600652,0.995630976,HOROZ,2
186401,1757.418,672.2481021,359.7590937,1.868606281,0.844751849,191438,487.1684764,0.773047175,0.973688609,0.758416829,0.724685536,0.003606462,0.000613563,0.525169126,0.981334328,BOMBAY,1
181992,1639.252,642.9683401,363.7281438,1.767716771,0.824610109,184472,481.3724247,0.808117049,0.986556225,0.851080651,0.748672049,0.003532948,0.000684674,0.560509837,0.990822639,BOMBAY,1
176276,1616.13,621.159964,365.5225515,1.699375213,0.808532472,178364,473.7526506,0.800454091,0.988293602,0.848106647,0.762690254,0.003523792,0.0007355,0.581696423,0.988520484,BOMBAY,1
66926,1043.841,429.1510473,199.4556918,2.151610934,0.885432475,67662,291.9123666,0.812524281,0.989122403,0.771855549,0.680208911,0.006412322,0.000846768,0.462684163,0.995516304,HOROZ,2
83470,1156.057,416.9460405,256.495605,1.625548479,0.788389045,84731,326.0020012,0.814262023,0.985117607,0.78484118,0.781880554,0.00499516,0.001151571,0.611337201,0.993758257,BARBUNYA,3
60108,1028.464,416.7736375,184.519177,2.258700935,0.89665381,61050,276.6439635,0.593225692,0.984570025,0.71410809,0.663775101,0.006933747,0.000830293,0.440597385,0.995177726,HOROZ,2
39430,755.532,236.7695239,213.2600465,1.110238546,0.434426403,40085,224.0621236,0.782807227,0.983659723,0.868022364,0.946330085,0.006004807,0.002970636,0.89554063,0.994263726,SEKER,0
65159,974.379,332.8213221,250.3496317,1.32942605,0.658929952,65995,288.0330111,0.840576906,0.987332374,0.862439112,0.86542836,0.005107833,0.001767425,0.748966247,0.99569524,BARBUNYA,3
52596,887.942,312.6866807,214.5149593,1.457645106,0.727565667,53574,258.7804225,0.752920293,0.981744876,0.838288258,0.82760296,0.005945066,0.001720381,0.68492666,0.998379994,BARBUNYA,3
75058,1114.942,399.9784317,239.5075109,1.67000371,0.800897799,76233,309.138826,0.764275823,0.984586728,0.758756284,0.77288874,0.005328925,0.001172971,0.597357004,0.997588413,BARBUNYA,3
61442,992.086,337.9085988,232.4402151,1.453744132,0.725825418,62709,279.6969505,0.709164358,0.979795564,0.784470408,0.827729604,0.005499635,0.001592457,0.685136297,0.996012871,BARBUNYA,3
74367,1073.76,407.2304241,233.0212942,1.747610344,0.820107183,75422,307.7125367,0.675572311,0.986012039,0.810542298,0.755622661,0.005475956,0.001101183,0.570965606,0.997825398,BARBUNYA,2
87691,1135.452,397.0760407,282.7102053,1.404533806,0.702199728,89021,334.1431563,0.767173502,0.985059705,0.854726812,0.841509238,0.004528128,0.001400664,0.708137797,0.994603476,BARBUNYA,3
58481,926.502,348.7394788,214.4989431,1.625833087,0.788473062,59402,272.8741868,0.697447823,0.984495472,0.856114656,0.78245855,0.005963295,0.001378832,0.612241382,0.995402296,BARBUNYA,3
73154,1072.009,367.8554795,255.7090088,1.438570668,0.718879771,74911,305.1926697,0.752411906,0.976545501,0.799928332,0.829653728,0.005028508,0.001469625,0.688325308,0.990204597,BARBUNYA,3
39019,732.383,268.4644149,185.2726228,1.449023665,0.723695093,39467,222.8913049,0.772041947,0.988648745,0.914133214,0.830245249,0.006880351,0.002016582,0.689307173,0.998822406,DERMASON,0
205358,1737.704,653.993204,404.0643305,1.618537333,0.786302439,207809,511.3413013,0.812147529,0.988205516,0.854613775,0.781875558,0.003184649,0.000734162,0.611329388,0.989459438,BOMBAY,1
67856,1036.144,372.7244725,232.5676809,1.602649479,0.781450884,69052,293.9335683,0.810201547,0.98267972,0.794251212,0.788608181,0.005492874,0.001310462,0.621902863,0.996692299,BARBUNYA,3
39373,745.525,287.8294568,174.8563959,1.646090526,0.794319675,39750,223.900113,0.74381305,0.990515723,0.890192535,0.777891587,0.007310326,0.001651174,0.605115322,0.996074598,SIRA,0
172546,1574.542,597.1470818,370.9714792,1.609684612,0.783620587,174186,468.7135484,0.750382702,0.990584777,0.874593531,0.784921442,0.003460799,0.000810328,0.61610167,0.991729378,BOMBAY,1
61645,952.199,335.1391362,235.8439696,1.421020588,0.710477842,62499,280.1586189,0.795522003,0.986335781,0.854382371,0.835947189,0.005436599,0.001637655,0.698807703,0.993020133,BARBUNYA,3
60566,994.857,350.5354114,220.6672633,1.58852476,0.776988414,61848,277.6959241,0.707877513,0.979271763,0.768984234,0.792205053,0.00578766,0.001406155,0.627588846,0.996940421,BARBUNYA,3
181168,1672.524,653.0310215,360.1947076,1.812994493,0.834126191,186215,480.2814402,0.752708901,0.97289692,0.813854253,0.735464969,0.003604561,0.000650549,0.540908721,0.980664533,BOMBAY,1
164981,1541.203,554.9226251,382.8316956,1.449521112,0.723920866,167564,458.3233938,0.793868703,0.984584994,0.872818824,0.825923062,0.003363555,0.000965465,0.682148905,0.988789239,BOMBAY,1
36899,735.698,278.228234,169.2945686,1.643456351,0.793574024,37354,216.7516227,0.7494922,0.987819243,0.85669318,0.779042514,0.007540265,0.001713212,0.606907238,0.997425555,DERMASON,0
62499,1002.996,353.6828434,225.352307,1.569466264,0.77073215,63749,282.092535,0.723745006,0.980391849,0.780700631,0.797586143,0.005659016,0.001412639,0.636143656,0.998406007,BARBUNYA,3
65957,995.361,371.0944283,229.5151343,1.616862563,0.785799157,67572,289.7914089,0.793448579,0.976099568,0.836583929,0.780910159,0.005626308,0.001290647,0.609820676,0.985996221,CALI,3
37231,726.753,269.4122528,176.7364301,1.52437306,0.754754462,37633,217.7245542,0.729590437,0.989317886,0.885810653,0.808146444,0.007236235,0.001903937,0.653100676,0.995569075,DERMASON,0
45937,785.38,286.12968,204.6624782,1.398056364,0.698839265,46393,241.8445885,0.755269475,0.990170931,0.935864165,0.845227201,0.006228741,0.001960983,0.714409021,0.998784078,SIRA,0
47701,856.953,352.2382779,173.6578246,2.028346714,0.870022306,48228,246.4443132,0.825276817,0.989072738,0.816250275,0.699652277,0.007384295,0.001091485,0.489513309,0.992902711,HOROZ,2
37756,721.451,267.3252143,180.5920041,1.480271597,0.737312617,38179,219.2542639,0.722672026,0.988920611,0.911553498,0.820178016,0.007080337,0.001976361,0.672691978,0.995766829,DERMASON,0
52808,928.664,332.5824783,202.7321462,1.640501936,0.792732605,54100,259.3014344,0.702682563,0.976118299,0.769471189,0.779660539,0.006297956,0.001435495,0.607870557,0.997212825,BARBUNYA,3
166256,1577.223,597.5389312,360.2287358,1.658776416,0.797851523,169300,460.0909842,0.696476897,0.982020083,0.839848572,0.769976583,0.003594089,0.000779253,0.592863938,0.983428718,BOMBAY,1
73499,1071.953,377.9944357,247.9504439,1.524475737,0.754792863,74611,305.9114795,0.743766444,0.985096031,0.803784831,0.809301541,0.005142851,0.001360897,0.654968985,0.998484326,BARBUNYA,3
166654,1529.386,572.6117316,372.5460256,1.53702279,0.759413364,168540,460.6413606,0.726731205,0.988809778,0.895347005,0.804456729,0.003435932,0.000887636,0.647150629,0.994685265,BOMBAY,1
84292,1151.256,427.410553,251.9554875,1.696373265,0.807773556,85440,327.6032779,0.718761192,0.98656367,0.799194358,0.766483831,0.005070595,0.00107957,0.587497463,0.996614989,BARBUNYA,3
189503,1676.898,651.1912386,373.2266916,1.744760633,0.819454304,191559,491.2053679,0.796686342,0.989267014,0.846862028,0.754318146,0.003436311,0.000686263,0.568995866,0.992761587,BOMBAY,1
171028,1553.271,564.123032,387.7362456,1.454914361,0.726349373,172608,466.6472038,0.788961878,0.990846311,0.890804933,0.827208211,0.003298425,0.000952677,0.684273424,0.995559231,BOMBAY,1
159369,1510.578,570.1506315,358.5791326,1.59002736,0.777470025,160867,450.4607785,0.809086478,0.99068796,0.877662214,0.790073278,0.00357755,0.000859874,0.624215785,0.992520177,BOMBAY,1
40647,750.745,281.1800423,184.5515684,1.523585222,0.754459491,41131,227.4936654,0.75367129,0.98823272,0.906261362,0.809067612,0.006917609,0.001828416,0.654590401,0.997324261,SIRA,0
73494,1078.935,435.0816095,216.5033815,2.009583437,0.867397687,74356,305.901074,0.701626761,0.988407122,0.793361618,0.703088955,0.005919961,0.000892359,0.494334078,0.993405576,HOROZ,2
80033,1100.196,395.7101113,258.4131871,1.531307731,0.757326346,81267,319.219643,0.80065026,0.984815485,0.830881018,0.806700749,0.004944337,0.001291629,0.650766098,0.996523157,BARBUNYA,3
58208,941.588,331.7551132,224.1314497,1.480181,0.73727473,59272,272.2365284,0.788982867,0.982048859,0.825031844,0.820594823,0.005699476,0.001594152,0.673375864,0.996718159,BARBUNYA,3
40223,738.399,276.8571285,185.2304238,1.494663365,0.743220121,40546,226.3040305,0.729404298,0.992033739,0.927047791,0.817403661,0.006883055,0.001895428,0.668148745,0.998657452,DERMASON,0
46267,854.523,341.6146656,174.9660702,1.952462356,0.85888185,47026,242.7117097,0.685223856,0.983859992,0.796221117,0.71048387,0.007383549,0.001160545,0.50478733,0.985578259,HOROZ,2
175545,1617.952,628.5570239,358.5796123,1.752907868,0.82131105,177735,472.7693263,0.730831519,0.987678285,0.842688489,0.752150256,0.003580603,0.000706894,0.565730007,0.991672581,BOMBAY,1
186618,1640.612,609.8680528,391.8326654,1.556450257,0.766296076,188480,487.4519642,0.802865256,0.990120968,0.871267726,0.799274469,0.003268002,0.000822708,0.638839677,0.99432218,BOMBAY,1
75192,1029.627,391.0597948,245.334784,1.593984303,0.778730376,75850,309.4146536,0.81462141,0.991324984,0.89129538,0.791220825,0.005200817,0.001257309,0.626030394,0.997882622,BARBUNYA,3
37194,719.414,274.6529472,172.8749915,1.5887373,0.777056638,37588,217.6163404,0.79501539,0.989517931,0.903077414,0.792332078,0.007384335,0.00179523,0.627790122,0.997393584,DERMASON,0
71493,1036.269,386.9127318,235.8921157,1.640210529,0.792649318,72432,301.7079959,0.766812536,0.987036117,0.836620251,0.779783065,0.005411897,0.001234311,0.608061628,0.997349085,BARBUNYA,3
157309,1514.284,571.2437728,354.8137969,1.609981849,0.7837115,160099,447.5399865,0.801309121,0.982573283,0.862082377,0.783448342,0.003631348,0.000843896,0.613791304,0.988192859,BOMBAY,1
198323,1689.617,646.5186691,393.3605137,1.643577956,0.793608541,201273,502.5064042,0.738922111,0.98534329,0.872984246,0.777249642,0.003259928,0.000733888,0.604117006,0.992913394,BOMBAY,1
40983,722.675,242.2001644,215.5958688,1.123398912,0.455656386,41281,228.4319948,0.779737443,0.992781183,0.986114961,0.943153756,0.005909771,0.002884566,0.889539008,0.999307154,SEKER,0
41915,803.1,305.6487655,175.2261643,1.744310085,0.819350741,42534,231.014795,0.682399101,0.985446937,0.81665774,0.755817857,0.007292109,0.001467917,0.571260633,0.996455684,SIRA,2
40552,741.016,276.3576019,187.4512838,1.47429026,0.734792017,40892,227.2276612,0.819298529,0.991685415,0.92804059,0.822223306,0.006814895,0.001921313,0.676051166,0.996695649,DERMASON,0
168744,1573.509,602.3624915,357.8278181,1.683386425,0.804435008,170252,463.5208018,0.73513344,0.991142542,0.856445518,0.769504756,0.003569682,0.000772066,0.592137569,0.996796345,BOMBAY,1
39911,743.694,288.3252975,176.6128556,1.632527238,0.790434007,40230,225.4246292,0.683173571,0.992070594,0.906805025,0.781841313,0.007224206,0.001665115,0.611275839,0.997924458,SIRA,0
166458,1576.623,590.7963786,365.0398184,1.618443657,0.786274338,170734,460.3704032,0.761183997,0.974955193,0.841509108,0.779237009,0.003549222,0.000807219,0.607210317,0.982735685,BOMBAY,1
164326,1532.137,575.6881804,366.3518001,1.571408085,0.771382372,165918,457.4126818,0.842464138,0.990404899,0.879672361,0.794549371,0.00350333,0.00086128,0.631308703,0.9920436,BOMBAY,1
38806,734.606,273.2448178,181.2382255,1.507655557,0.74837002,39239,222.282104,0.764650246,0.98896506,0.90364906,0.813490649,0.007041303,0.001902143,0.661767035,0.997716748,DERMASON,0
49991,911.824,329.2584334,193.819678,1.698787433,0.808384249,51285,252.290543,0.737417394,0.974768451,0.755578602,0.766238667,0.006586354,0.001400494,0.587121694,0.997394956,BARBUNYA,2
66506,986.389,325.0822839,261.6285179,1.242533828,0.593536513,67473,290.9949642,0.762124129,0.985668341,0.858962593,0.895142487,0.004888014,0.001935891,0.801280072,0.995617596,BARBUNYA,0
76793,1070.925,396.0083845,247.5292685,1.599844685,0.780576166,77758,312.6913564,0.821245241,0.987589701,0.841421072,0.789607919,0.005156829,0.001236541,0.623480666,0.997472229,BARBUNYA,3
73674,1092.816,378.1779296,249.5971542,1.515153211,0.751266248,75048,306.2754483,0.813897481,0.981691717,0.775229024,0.809871291,0.005133126,0.001362152,0.655891509,0.993776125,BARBUNYA,3
78502,1111.104,388.4329683,258.2775381,1.503936313,0.746913004,79717,316.1516262,0.730604572,0.984758583,0.799063261,0.813915532,0.004948065,0.001339468,0.662458494,0.996295385,BARBUNYA,3
64184,971.191,345.9484882,236.6505301,1.461853849,0.729423014,65308,285.8699126,0.743601923,0.982789245,0.855120553,0.826336644,0.005389949,0.001550217,0.682832249,0.998200951,BARBUNYA,3
68164,1012.348,352.5717043,250.020105,1.410173411,0.705075097,69862,294.5998987,0.792088872,0.975694941,0.835805594,0.835574424,0.005172403,0.001555295,0.698184618,0.984561384,BARBUNYA,3
193432,1682.466,638.9842855,387.7218947,1.64804798,0.794871003,195899,496.2713689,0.788032363,0.987406776,0.858708166,0.77665661,0.003303405,0.000741409,0.60319549,0.994095108,BOMBAY,1
62930,996.486,354.619499,226.4525909,1.56597678,0.769556215,64015,283.0635345,0.771721136,0.983050847,0.79638889,0.798217625,0.005635142,0.001411139,0.637151378,0.997764262,BARBUNYA,3
69584,1047.351,367.0781473,242.0498115,1.516539695,0.751795914,71131,297.6526507,0.753367113,0.978251395,0.797140273,0.810869982,0.005275324,0.001406805,0.657510128,0.997140209,BARBUNYA,3
70023,1025.656,363.0341855,246.508518,1.472704426,0.734117108,71050,298.5901081,0.719808799,0.985545391,0.836463755,0.822484824,0.005184499,0.001463518,0.676481285,0.996256983,BARBUNYA,3
75332,1064.37,371.6035604,258.655144,1.436675701,0.717992046,76292,309.7025692,0.758821456,0.987416767,0.835610929,0.833421964,0.004932878,0.001468047,0.694592171,0.997903694,BARBUNYA,3
88389,1123.692,421.2854667,267.7575758,1.573383929,0.772040957,89351,335.4703714,0.777285319,0.989233472,0.879657291,0.796301791,0.004766266,0.00118214,0.634096542,0.997677308,BARBUNYA,3
67162,1026.783,367.1483309,233.5014956,1.572359655,0.771699928,68174,292.4265964,0.697424714,0.985155631,0.800527297,0.7964808,0.005466608,0.00135706,0.634381665,0.997476136,BARBUNYA,3
40242,755.512,282.0370656,182.0451326,1.549270017,0.763789615,40729,226.3574734,0.805548883,0.988042918,0.885944849,0.802580586,0.007008525,0.001793746,0.644135597,0.997939967,SIRA,0
153237,1527.853,573.8191367,342.735575,1.674232786,0.802026459,155159,441.7096423,0.662148265,0.987612707,0.824917207,0.769771543,0.003744651,0.000811033,0.592548228,0.992063672,BOMBAY,1
37891,713.155,227.0114265,212.784271,1.066861876,0.348447064,38377,219.6458959,0.783665281,0.987336165,0.936220331,0.967554362,0.00599117,0.003238866,0.936161443,0.998754954,SEKER,0
203536,1735.247,648.1573185,401.698875,1.613540288,0.784795183,206049,509.0678579,0.774879315,0.987803872,0.849431759,0.785407868,0.003184485,0.000747481,0.61686552,0.995337369,BOMBAY,1
29447,634.132,239.3146307,157.9483621,1.515144744,0.751263008,29784,193.6313117,0.83136646,0.9886852,0.920219817,0.809107705,0.008126961,0.00214849,0.654655279,0.991897505,DERMASON,0
93368,1170.46,442.9813402,269.07607,1.646305226,0.794380261,94486,344.7895442,0.73505377,0.988167559,0.85643571,0.778338754,0.004744466,0.001074093,0.605811215,0.99735017,BARBUNYA,3
38559,741.248,249.1681867,197.8475328,1.259394965,0.60787586,39182,221.5735625,0.77118,0.984099842,0.881878099,0.88925302,0.006461998,0.002492574,0.790770934,0.995892933,SEKER,0
63988,992.483,351.3899746,233.0086792,1.508055304,0.748525812,65106,285.4330955,0.790287521,0.982828004,0.816323402,0.812297208,0.005491498,0.001474791,0.659826755,0.995055238,BARBUNYA,3
160641,1514.903,544.8924394,376.7901627,1.446142955,0.722381659,161945,452.2548769,0.778638941,0.991947884,0.879623071,0.829989268,0.003391989,0.000992942,0.688882185,0.996222119,BOMBAY,1
140964,1425.6,538.2389592,334.9105788,1.607112445,0.782831306,142173,423.651908,0.815197779,0.991496276,0.871611006,0.787107475,0.003818272,0.00090403,0.619538177,0.995667514,BOMBAY,1
59802,1015.517,375.2640085,206.2712911,1.819274057,0.835382017,61962,275.9388904,0.665361208,0.965139924,0.728704039,0.73531936,0.006275108,0.001131631,0.540694561,0.983671587,BARBUNYA,2
65617,977.81,351.8985886,238.9379581,1.472761345,0.734141381,66608,289.0435248,0.715491391,0.985121907,0.862416954,0.821383018,0.005362918,0.001505788,0.674670063,0.993627989,BARBUNYA,3
73569,1080.363,374.9920482,250.6295428,1.496200504,0.743838301,74768,306.057119,0.695096372,0.983963728,0.792073188,0.816169624,0.005097148,0.001395175,0.666132855,0.996668313,BARBUNYA,3
76993,1130.503,388.9391407,252.6599842,1.539377682,0.760264916,78256,313.0982789,0.794569603,0.983860662,0.757037979,0.805005838,0.005051617,0.001308598,0.648034399,0.997569691,BARBUNYA,3
51288,860.608,327.5437965,202.6067629,1.616647894,0.785734511,52300,255.5423835,0.681568106,0.980650096,0.870191567,0.780177754,0.006386363,0.001459512,0.608677328,0.98401692,SIRA,2
86246,1179.304,418.3337201,263.9303155,1.5850158,0.775857215,88043,331.3786622,0.799551303,0.979589519,0.779286733,0.792139496,0.004850471,0.001178068,0.627484981,0.994573609,BARBUNYA,3
142238,1425.362,516.4426267,351.4148645,1.469609509,0.732791853,143764,425.5620359,0.767464321,0.989385382,0.879782154,0.824025775,0.003630834,0.001032641,0.679018478,0.997892013,BOMBAY,1
73187,1095.733,373.3533521,250.6776512,1.489376298,0.741075239,74557,305.2614987,0.69623661,0.981624797,0.766009801,0.817620886,0.005101362,0.001406286,0.668503914,0.995653884,BARBUNYA,3
39473,748.749,293.4344414,171.9005647,1.707001032,0.810439222,39937,224.1842647,0.787695562,0.988381701,0.884784463,0.764001198,0.007433801,0.001562309,0.58369783,0.996372799,DERMASON,0
77878,1093.529,427.3748936,233.5378483,1.830002703,0.837493504,78711,314.8925996,0.800793822,0.989416981,0.818397029,0.7368065,0.005487749,0.000997672,0.542883819,0.993478855,CALI,2
72624,1080.984,378.0504781,246.5251457,1.533516904,0.758136538,73969,304.0851011,0.725072633,0.981816707,0.781000834,0.804350526,0.005205586,0.001344098,0.646979769,0.992154413,BARBUNYA,3
34942,701.872,250.9163364,178.0581443,1.409182025,0.704572983,35396,210.925428,0.786503703,0.987173692,0.8913367,0.840620547,0.007180938,0.002211877,0.706642904,0.995788479,SIRA,0
88907,1210.626,405.2430606,280.9582347,1.442360503,0.720641443,91061,336.4519404,0.780680341,0.976345527,0.762299836,0.830247259,0.004558056,0.001335947,0.689310511,0.994234256,BARBUNYA,3
62524,977.204,359.2187289,224.1367188,1.602676843,0.781459391,63879,282.1489488,0.71538576,0.978788021,0.822784585,0.785451665,0.005745293,0.001348869,0.616934318,0.988746346,BARBUNYA,3
80609,1116.248,416.6129173,247.1405223,1.685732932,0.805044977,81672,320.3663004,0.822456892,0.986984523,0.812965302,0.768978318,0.005168318,0.00111477,0.591327654,0.9968205,BARBUNYA,3
146015,1454.654,540.1550175,346.0038751,1.561124185,0.767904761,147529,431.1752221,0.806899944,0.989737611,0.867137416,0.798243482,0.003699312,0.000926493,0.637192657,0.994736867,BOMBAY,1
156041,1480.302,540.3492309,370.2427825,1.459445684,0.728362821,157801,445.7326237,0.803076622,0.988846712,0.89484525,0.824897304,0.003462867,0.000989043,0.680455562,0.993087933,BOMBAY,1
55275,926.543,380.8891288,186.158914,2.046042925,0.872424839,55773,265.2891174,0.602084831,0.991070948,0.809109791,0.696499578,0.006890803,0.001000306,0.485111662,0.992559284,HOROZ,2
74540,1031.421,391.0550708,244.1425726,1.601748792,0.781170599,75112,308.0702447,0.802540913,0.992384706,0.88049585,0.787792482,0.005246245,0.001246452,0.620616994,0.994072521,CALI,3
168972,1604.737,615.6769034,353.5306222,1.741509405,0.818704878,171065,463.8338413,0.82385178,0.987764885,0.824549773,0.753372164,0.003643662,0.000724029,0.567569618,0.988427828,BOMBAY,1
154568,1481.09,526.7970164,375.0376977,1.404650838,0.70225987,156202,443.6238158,0.75938372,0.989539186,0.885455117,0.842115278,0.003408189,0.001057279,0.709158141,0.996119577,BOMBAY,1
85695,1156.716,406.8040568,268.7567432,1.513651535,0.750690509,87339,330.3184263,0.713275014,0.981176794,0.804844279,0.811984101,0.004747115,0.001272916,0.65931818,0.997977976,BARBUNYA,3
70344,1037.985,378.6510949,237.9097732,1.591574359,0.777964132,71521,299.2737251,0.82135351,0.983543295,0.820455006,0.790368044,0.005382848,0.001295715,0.624681645,0.994227288,BARBUNYA,3
59489,973.613,361.7646633,210.1600776,1.721376712,0.813953262,60627,275.2158195,0.692497526,0.981229485,0.788630927,0.760759265,0.006081203,0.001256488,0.57875466,0.996254793,BARBUNYA,2
32857,668.106,233.8049677,179.500919,1.30252797,0.640764092,33185,204.535649,0.775569456,0.990116016,0.925011278,0.874813102,0.007115834,0.002570791,0.765297963,0.996822002,SIRA,0
58188,967.634,390.0822027,192.3134372,2.028366859,0.870025081,58986,272.1897548,0.610859158,0.986471366,0.780946089,0.697775374,0.006703826,0.000980314,0.486890472,0.987592498,HOROZ,2
71431,1014.658,348.1377519,262.195098,1.327781315,0.657864774,72348,301.5771442,0.75454219,0.987325151,0.871881026,0.866258091,0.004873763,0.001692908,0.75040308,0.996371188,BARBUNYA,3
163479,1560.254,607.2519204,344.1510194,1.764492581,0.823900024,165102,456.2323175,0.810972101,0.990169713,0.843881036,0.751306504,0.003714556,0.000730054,0.564461463,0.995988064,BOMBAY,1
70040,1048.175,363.109535,247.0075134,1.470034372,0.732974419,71356,298.6263513,0.782919741,0.981557262,0.80110309,0.822413962,0.005184317,0.001462962,0.676364725,0.994279394,BARBUNYA,3
204023,1700.494,621.6446109,422.1989012,1.47239751,0.733986166,207033,509.6765167,0.802766083,0.985461255,0.886622576,0.819884075,0.003046934,0.000849283,0.672209896,0.989760177,BOMBAY,1
68676,1082.871,373.7116265,235.1590922,1.58918638,0.77720068,69854,295.7042424,0.706630448,0.983136256,0.735972199,0.79126316,0.005441663,0.001315816,0.626097388,0.994985442,BARBUNYA,3
151091,1464.044,536.354184,361.5721968,1.483394433,0.738613139,153478,438.6057866,0.761159893,0.984447282,0.88580923,0.817754014,0.003549875,0.000979227,0.668721627,0.991977938,BOMBAY,1
68572,1010.432,360.1303413,242.9688457,1.482207895,0.738120237,69571,295.4802566,0.743989237,0.985640569,0.844000098,0.820481428,0.005251857,0.001468141,0.673189773,0.997807197,BARBUNYA,3
58835,921.619,349.560119,214.554192,1.629239288,0.789474484,59540,273.6988283,0.77516469,0.988159221,0.870447902,0.782980705,0.005941363,0.001377432,0.613058784,0.998819457,BARBUNYA,3
84700,1159.78,417.0012702,259.1163751,1.609320407,0.783509107,86013,328.3951727,0.805010645,0.984734866,0.7913016,0.787516001,0.004923274,0.001168076,0.620181452,0.998070666,BARBUNYA,3
23794,562.795,197.8808649,153.6225584,1.288097705,0.630316064,24105,174.0559155,0.771405414,0.987098112,0.944010577,0.879599529,0.008316419,0.003070832,0.773695331,0.99659518,DERMASON,0
88455,1228.134,441.9800302,257.483197,1.716539314,0.812782332,90344,335.5955958,0.670052722,0.97909103,0.736954613,0.75930036,0.004996665,0.001024506,0.576537036,0.989648488,BARBUNYA,2
146862,1422.934,534.4641251,352.7566956,1.515106961,0.751248548,148492,432.4239887,0.819414377,0.989022978,0.911485552,0.80907954,0.003639227,0.000961953,0.654609703,0.991803717,BOMBAY,1
64628,1062.545,355.8287169,233.2860028,1.525289613,0.755096905,66408,286.8569771,0.764041756,0.973196,0.719342825,0.806165898,0.005505798,0.001434491,0.649903455,0.991290989,BARBUNYA,3
70292,1075.449,391.716943,229.8640755,1.70412424,0.809723445,71620,299.1630894,0.77441389,0.981457693,0.763723447,0.763722619,0.00557271,0.001169469,0.583272238,0.993968359,BARBUNYA,3
72102,1072.061,377.6167303,243.503876,1.550762708,0.764314228,73400,302.990293,0.70845206,0.982316076,0.788348383,0.802375183,0.005237257,0.00133904,0.643805934,0.998390234,BARBUNYA,3
56823,948.496,313.2609837,231.2833806,1.354446579,0.674462696,57838,268.9782345,0.766035752,0.982450984,0.793712126,0.858639437,0.005512926,0.001848439,0.737261682,0.998581563,BARBUNYA,3
76132,1124.522,395.3319522,248.1753268,1.592954293,0.778403401,77886,311.3426939,0.806688141,0.977479907,0.756556192,0.787547508,0.005192717,0.001232201,0.620231078,0.987999758,BARBUNYA,3
24417,606.972,237.3346044,131.4330586,1.805745122,0.832657696,24738,176.3198513,0.755523238,0.987024012,0.832846285,0.742916743,0.009720056,0.001826456,0.551925287,0.996636394,DERMASON,0
63550,990.734,347.8183919,233.0616804,1.492387729,0.742300483,64683,284.4545185,0.725655431,0.982483806,0.813600645,0.817824833,0.005473145,0.001510282,0.668837458,0.998164815,BARBUNYA,3
70877,1088.816,348.9139716,261.2204117,1.33570715,0.66294613,72790,300.4053914,0.723183038,0.973718917,0.751287569,0.860972663,0.00492281,0.001668592,0.741273927,0.990124885,BARBUNYA,3
51484,918.664,386.5580068,171.625927,2.252328733,0.896034256,52017,256.0302028,0.821588153,0.98975335,0.766599885,0.662333203,0.007508313,0.000891309,0.438685272,0.988063442,HOROZ,2
171055,1550.608,581.8116212,376.6415788,1.54473551,0.76218437,172890,466.6840369,0.816803553,0.989386315,0.894008395,0.802122233,0.003401313,0.000868538,0.643400077,0.993882946,BOMBAY,1
67136,1025.963,403.1741023,213.0299277,1.892570244,0.849006767,68108,292.3699883,0.744540928,0.985728549,0.801497051,0.725170557,0.006005334,0.001024419,0.525872337,0.995250337,BARBUNYA,2
97746,1326.664,447.6472123,279.0098748,1.604413509,0.781998177,99567,352.7804878,0.695919007,0.981710808,0.69788999,0.788077035,0.004579699,0.001089661,0.621065413,0.996445738,BARBUNYA,3
26045,600.417,221.417928,151.2578941,1.463843784,0.730293982,26544,182.1030586,0.700134409,0.981201025,0.907879616,0.822440442,0.00850136,0.002399308,0.676408281,0.990156057,DERMASON,0
40549,766.116,292.290762,177.6857511,1.644987064,0.794007841,41106,227.219256,0.710339149,0.986449667,0.868162349,0.777374059,0.007208335,0.001623809,0.604310427,0.994082836,DERMASON,0
69354,1088.995,373.5001394,237.3093375,1.573895673,0.772211035,70740,297.1603193,0.758464567,0.980407125,0.7349023,0.795609661,0.005385416,0.001331065,0.632994733,0.996267671,BARBUNYA,3
60736,985.501,342.4453022,226.7417755,1.510287645,0.749392947,61680,278.0853772,0.789353296,0.984695201,0.785854079,0.812057795,0.005638259,0.00151242,0.659437863,0.995940857,BARBUNYA,3
57271,990.081,355.8043692,206.0400353,1.726870065,0.815269045,58861,270.0364827,0.669640456,0.972987207,0.734181062,0.758946506,0.006212645,0.001271455,0.575999798,0.994676809,BARBUNYA,2
79627,1087.128,412.8808937,246.931618,1.672045472,0.801443974,80395,318.4089277,0.813799236,0.990447167,0.846659634,0.771188332,0.005185187,0.001131321,0.594731443,0.994418017,CALI,3
53525,959.13,319.9928691,213.4049615,1.499463118,0.745142424,54660,261.0558305,0.782872605,0.979235273,0.731158595,0.81581765,0.005978381,0.001633563,0.665558438,0.997980331,BARBUNYA,3
65974,1020.876,374.4587697,225.5123262,1.660480276,0.798318561,66946,289.8287524,0.766141769,0.985480835,0.795493604,0.773993764,0.005675854,0.001256495,0.599066346,0.994737852,BARBUNYA,3
47712,812.843,296.4923678,205.1168993,1.445479962,0.722077921,48276,246.472727,0.743108121,0.988317176,0.90745301,0.831295351,0.00621421,0.001830573,0.691051961,0.998901762,SIRA,0
45257,888.846,361.5649462,159.9572261,2.260385198,0.896816621,45957,240.0479162,0.615909091,0.98476837,0.719850949,0.663913686,0.00798915,0.000957474,0.440781383,0.996335713,HOROZ,2
83242,1136.826,401.0345748,265.7398989,1.509124435,0.748941712,84536,325.5564562,0.705590167,0.984692912,0.80940219,0.811791493,0.004817695,0.001290616,0.659005428,0.994521194,BARBUNYA,3
57929,917.333,330.4535312,223.8870374,1.475983313,0.735509477,58707,271.5833087,0.799152963,0.986747747,0.865071216,0.821850224,0.005704458,0.001605332,0.675437791,0.996934909,BARBUNYA,3
39722,744.336,286.9304966,176.5014251,1.62565541,0.788420618,40051,224.8902426,0.702484747,0.991785474,0.900954632,0.783779505,0.007223466,0.001681516,0.614310312,0.998656882,DERMASON,0
88341,1136.526,439.2807344,256.9921582,1.709315714,0.811012062,89092,335.3792698,0.76882441,0.991570511,0.859435768,0.763473659,0.004972558,0.001042163,0.582892029,0.996346504,CALI,3
69561,1008.883,339.905328,260.9274305,1.302681467,0.640872466,70592,297.6034542,0.798450413,0.985394946,0.858804028,0.875548071,0.004886435,0.001771299,0.766584425,0.998615323,BARBUNYA,3
62821,998.256,348.3495134,230.7214201,1.509827363,0.749214551,64071,282.8182834,0.779368526,0.980490393,0.792192727,0.811880805,0.005545113,0.001486138,0.659150442,0.995203374,BARBUNYA,3
39572,744.104,273.2721788,185.3032621,1.474729456,0.734978438,40306,224.4652206,0.726145038,0.981789312,0.89811218,0.821397998,0.006905695,0.001939107,0.674694671,0.994992105,SIRA,0
161603,1533.725,575.4908218,361.954692,1.58995265,0.777446118,163875,453.6070217,0.826351745,0.986135774,0.863305066,0.788208959,0.003561139,0.00084788,0.621273363,0.987795231,BOMBAY,1
34125,678.726,242.355486,179.681698,1.348804517,0.671066371,34511,208.4449555,0.784302459,0.98881516,0.930879684,0.860079377,0.007101992,0.002397254,0.739736535,0.997759981,DERMASON,0
63911,1007.098,364.0668165,224.3046931,1.6230905,0.787661225,65289,285.2613057,0.706667404,0.978893841,0.791848339,0.783541078,0.005696466,0.00132444,0.61393662,0.996474696,BARBUNYA,3
159806,1560.008,600.0758879,347.0466396,1.729092921,0.815797311,164335,451.0779519,0.772009662,0.972440442,0.825181141,0.751701511,0.003755027,0.000739562,0.565055162,0.977032881,BOMBAY,1
70574,1055.918,383.8421793,235.4960879,1.629930173,0.789676684,71425,299.7625854,0.71413104,0.988085404,0.795415795,0.780952698,0.005438861,0.00124792,0.609887116,0.994073413,BARBUNYA,3
51512,887.745,276.6573221,237.6136081,1.164315984,0.512187978,52436,256.0998154,0.742119518,0.982378519,0.821375617,0.925693249,0.005370735,0.002432663,0.856907992,0.997711672,BARBUNYA,0
69112,1103.241,396.1407983,223.2682399,1.774281906,0.826042184,70526,296.6414189,0.675581623,0.979950656,0.713546924,0.748828245,0.005731867,0.001111744,0.560743741,0.994917474,BARBUNYA,2
72779,1065.022,361.2907741,258.664936,1.396752029,0.698154946,74246,304.4094296,0.729153517,0.98024136,0.806303955,0.842560761,0.004964217,0.001543247,0.709908636,0.991566328,BARBUNYA,3
46529,815.026,289.608245,205.3813982,1.410099686,0.705037806,47156,243.3979515,0.77828516,0.986703707,0.880218833,0.840438612,0.006224253,0.001915539,0.706337061,0.996005667,BARBUNYA,0
61786,966.634,327.7161336,241.1030575,1.359236739,0.677299928,62957,280.4788379,0.734219032,0.981400003,0.830951757,0.855859108,0.005304052,0.001755483,0.732494814,0.995633862,BARBUNYA,3
79395,1108.267,392.8401659,258.9016322,1.517333678,0.752098412,80739,317.9447336,0.74759887,0.98335377,0.812295811,0.809348843,0.004947921,0.001309621,0.655045549,0.993922672,BARBUNYA,3
72775,1047.307,372.3997455,249.1056703,1.494946884,0.743334324,73788,304.4010642,0.786892868,0.98627148,0.833765778,0.817404061,0.005117138,0.00140914,0.668149398,0.998847861,BARBUNYA,3
166686,1562.858,600.5925994,356.094922,1.686608155,0.805271719,168333,460.6855834,0.825832342,0.990215822,0.857570728,0.767051715,0.003603138,0.000769412,0.588368333,0.992346829,BOMBAY,1
169165,1581.568,591.8558128,366.3766662,1.615429877,0.785367124,171119,464.0986615,0.683992399,0.988581046,0.849854618,0.784141427,0.00349869,0.000815949,0.614877777,0.993291932,BOMBAY,1
34874,717.294,277.5076202,162.0154755,1.712846377,0.811880594,35671,210.7200889,0.673100307,0.97765692,0.85175998,0.75933082,0.007957436,0.001631838,0.576583295,0.987598608,DERMASON,2
84614,1122.443,432.0825362,250.9730018,1.72162955,0.814014146,85567,328.2284126,0.808813268,0.988862529,0.843963177,0.759642858,0.005106514,0.001048919,0.577057271,0.99347885,CALI,3
73978,1043.225,352.3956689,268.4079885,1.312910509,0.647969203,75082,306.9066878,0.731839541,0.985296076,0.854193924,0.870915039,0.00476352,0.001690483,0.758493006,0.995833438,BARBUNYA,3
182090,1621.335,617.0719422,379.3651246,1.626591118,0.788696578,183882,481.5020132,0.770881842,0.99025462,0.870463257,0.780301259,0.003388829,0.000774959,0.608870054,0.990382622,BOMBAY,1
76077,1133.565,403.5801067,241.3428439,1.672227359,0.801492514,77477,311.230212,0.800700957,0.981930121,0.743995633,0.771173323,0.00530489,0.001157348,0.594708294,0.99448748,BARBUNYA,3
84664,1143.2,396.7575391,272.9980833,1.453334523,0.725641632,86180,328.3253764,0.759134559,0.982408912,0.814074621,0.827521456,0.00468626,0.001355574,0.68479176,0.995231506,BARBUNYA,3
44665,762.969,256.4415942,221.8978366,1.155674153,0.501261573,45067,238.4727328,0.756418507,0.991079948,0.964191763,0.929930004,0.005741444,0.002648512,0.864769812,0.99939212,SEKER,0
82624,1160.196,418.8289347,251.6113121,1.664587062,0.799437256,84071,324.345717,0.70739726,0.982788357,0.771353319,0.774410959,0.005069095,0.001124595,0.599712334,0.998273391,BARBUNYA,3
38376,725.063,267.0181216,183.5968536,1.454371992,0.726106739,38757,221.047146,0.777597666,0.990169518,0.917314128,0.827835746,0.006957946,0.002015754,0.685312023,0.996698612,DERMASON,0
37140,711.337,254.9999867,186.7010133,1.365820047,0.681131745,37575,217.4583102,0.752903971,0.988423154,0.922361072,0.852777732,0.006865912,0.002239863,0.72722986,0.993265121,SIRA,0
41549,757.851,287.6825516,184.0931776,1.562700777,0.768443391,41985,230.0039779,0.713826753,0.989615339,0.909081424,0.79950618,0.006923934,0.001745099,0.639210132,0.99889417,DERMASON,0
105542,1265.623,466.1359799,288.9993416,1.61293094,0.784610228,107112,366.5791156,0.747888322,0.985342445,0.827992621,0.786420983,0.004416592,0.001042047,0.618457963,0.997529984,BARBUNYA,3
73609,1071.166,393.9251894,238.6648443,1.65053714,0.79556871,74988,306.1403104,0.763634289,0.981610391,0.806171096,0.777153426,0.00535159,0.001204175,0.603967447,0.996870702,BARBUNYA,3
166265,1527.732,568.5672845,374.0466381,1.52004383,0.753126467,167521,460.1034372,0.75575,0.992502433,0.895192324,0.809233049,0.003419645,0.000904597,0.654858127,0.995413056,BOMBAY,1
169128,1572.037,602.5377947,360.9070447,1.669509652,0.80076528,171304,464.0479046,0.770669291,0.987297436,0.86000277,0.770155679,0.003562614,0.000773148,0.59313977,0.990252572,BOMBAY,1
64839,953.714,370.2297237,223.8928761,1.653602071,0.796422647,65397,287.3248664,0.707764351,0.991467499,0.895797521,0.776071849,0.005709985,0.001277681,0.602287515,0.995943883,CALI,3
137518,1417.944,519.7799999,339.9302724,1.529078291,0.756504273,139153,418.4415798,0.778239315,0.988250343,0.859510632,0.805035938,0.003779723,0.000979266,0.648082862,0.990969434,BOMBAY,1
44675,784.947,289.0498958,197.5121715,1.463453587,0.73012356,45099,238.499427,0.766032236,0.990598461,0.911158136,0.825115077,0.006470059,0.001849891,0.68081489,0.996340992,SIRA,0
160568,1505.45,542.6695257,380.3112274,1.426909033,0.713342556,162914,452.1521063,0.805809408,0.985599764,0.890299624,0.833199737,0.003379687,0.001004738,0.694221802,0.990591361,BOMBAY,1
64222,977.412,337.0460686,243.183425,1.385974676,0.692399946,65307,285.9545244,0.716299717,0.983386161,0.844769756,0.848413766,0.00524814,0.00167732,0.719805919,0.997632774,BARBUNYA,3
36013,692.489,251.219347,182.6927204,1.375092267,0.68640029,36327,214.1335465,0.776677881,0.991356291,0.943720538,0.852376813,0.006975796,0.002271434,0.726546232,0.999068105,SEKER,0
67535,990.949,351.4178372,245.5381501,1.431214812,0.715407814,68489,293.2375021,0.748343417,0.986070756,0.864243577,0.834441144,0.005203492,0.001556172,0.696292023,0.996543456,BARBUNYA,3
68616,1034.512,369.4588388,237.8680867,1.55320894,0.765169925,69973,295.5750406,0.778948324,0.980606805,0.805682992,0.800021571,0.005384442,0.00136059,0.640034514,0.994107329,BARBUNYA,3
69886,1084.538,386.1316045,231.5513156,1.667585449,0.800247828,71333,298.2978693,0.777686281,0.979714858,0.746638708,0.772529018,0.005525164,0.001213903,0.596801084,0.995216803,BARBUNYA,3
152089,1489.976,553.2596944,353.3888462,1.565583352,0.769423025,154964,440.0519618,0.800788737,0.981447304,0.860892893,0.795380481,0.003637736,0.000898071,0.63263011,0.990435168,BOMBAY,1
65686,1015.675,352.4510301,237.8380449,1.481895087,0.73799004,66838,289.1954577,0.771723295,0.982764296,0.800153215,0.820526635,0.005365695,0.001500294,0.673263958,0.997706552,BARBUNYA,3
90045,1160.436,441.4573406,262.6408175,1.680840567,0.8037698,91330,338.598368,0.790707681,0.985930143,0.840285907,0.767001331,0.00490263,0.00104663,0.588291042,0.988823449,CALI,3
66082,968.17,349.9262465,243.8653848,1.434915606,0.71716336,66793,290.0658815,0.772527473,0.989355172,0.8859104,0.828934338,0.005295334,0.001542246,0.687132137,0.985976626,CALI,3
86674,1136.184,443.934221,250.4562947,1.772501752,0.82565569,87892,332.1998861,0.689909338,0.986142083,0.84372587,0.748308804,0.005121885,0.000990679,0.559966067,0.992540834,CALI,2
91571,1179.116,408.1216527,286.5159999,1.424428837,0.712141681,93026,341.4554412,0.741687793,0.984359211,0.827665315,0.836651128,0.004456888,0.001347067,0.699985111,0.997078977,BARBUNYA,3
65909,1076.99,386.9199994,217.4342813,1.779480205,0.827163147,67278,289.6859423,0.666413889,0.979651595,0.71405431,0.748697257,0.005870518,0.00113784,0.560547583,0.997483327,BARBUNYA,2
75720,1097.632,390.0755693,248.1221037,1.572111325,0.771617124,77033,310.4991116,0.703848299,0.982955357,0.789781488,0.79599733,0.005151553,0.001275746,0.633611749,0.996108207,BARBUNYA,3
94287,1217.589,440.1625026,274.6010294,1.602916433,0.781533848,96147,346.4822318,0.81100818,0.980654623,0.799208786,0.787168897,0.004668327,0.001105637,0.619634873,0.993222921,BARBUNYA,3
50702,910.362,379.5664218,171.5962551,2.211973809,0.891974902,51298,254.0783174,0.723487443,0.988381613,0.768788206,0.669390923,0.007486222,0.000927175,0.448084208,0.991150532,HOROZ,2
92312,1164.952,453.0084874,262.9812192,1.722588741,0.814244836,94180,342.8342002,0.767552466,0.98016564,0.854775295,0.75679421,0.004907363,0.000992977,0.572737476,0.986591128,CALI,3
71461,1013.813,341.3752204,267.5111633,1.276115793,0.621230424,72475,301.6404666,0.788439472,0.986008969,0.873701823,0.883603872,0.004777084,0.001796276,0.780755803,0.996334811,BARBUNYA,3
169553,1587.35,625.2960707,348.7432745,1.792998221,0.830025772,171550,464.6305893,0.781537511,0.988359079,0.845609688,0.743056947,0.003687909,0.000693503,0.552133627,0.98997461,BOMBAY,1
68882,1003.476,356.9580685,246.8182474,1.446238567,0.722425416,69727,296.1474064,0.778855721,0.987881309,0.859610343,0.829642002,0.005182168,0.001514447,0.688305851,0.995454467,BARBUNYA,3
73611,1116.098,390.9581355,240.5775022,1.625081863,0.788251183,75022,306.1444694,0.773891377,0.981192184,0.742587991,0.783062025,0.005311137,0.001231833,0.613186135,0.996477667,BARBUNYA,3
69002,1037.299,369.3259433,238.3257423,1.5496687,0.763929918,70098,296.4052548,0.714476532,0.984364746,0.805867468,0.802557362,0.005352395,0.001369721,0.644098319,0.998139006,BARBUNYA,3
34475,677.676,241.0431821,182.3691135,1.321732487,0.65389796,34878,209.511177,0.776463964,0.988445438,0.943343645,0.869185244,0.006991825,0.002461613,0.755482988,0.99854641,SEKER,0
174927,1615.125,639.234094,351.3940655,1.819137421,0.835354851,177314,471.9364087,0.720575877,0.986538006,0.842663986,0.738284164,0.003654291,0.000669695,0.545063507,0.991545422,BOMBAY,1
70878,1026.542,360.2270008,251.1336472,1.434403573,0.716921532,71854,300.4075106,0.732998263,0.986416901,0.845216317,0.83393946,0.005082353,0.001516291,0.695455023,0.99756317,BARBUNYA,3
64778,984.123,367.3746149,225.3327197,1.630365157,0.789803831,65656,287.1896781,0.801956051,0.986627269,0.840501776,0.781735228,0.005671287,0.001306472,0.611109966,0.996332396,BARBUNYA,3
152533,1504.648,548.8942349,354.891811,1.546652298,0.762865061,154915,440.6938251,0.774908555,0.984623826,0.846649881,0.802875667,0.003598528,0.000922354,0.644609337,0.996986512,BOMBAY,1
22869,565.655,207.1308529,141.2546429,1.466364918,0.731390883,23192,170.6391372,0.788368726,0.986072784,0.898160141,0.823822887,0.009057276,0.002573433,0.678684149,0.995198626,DERMASON,0
38760,738.594,271.1452449,182.28296,1.48749639,0.74030556,39191,222.1503202,0.720459488,0.989002577,0.892857358,0.819303766,0.006995491,0.001944365,0.67125866,0.998494834,SIRA,0
175144,1584.943,601.6749504,372.9726482,1.613187866,0.784688244,176889,472.2290406,0.821994443,0.990135056,0.876148722,0.784857406,0.003435316,0.000804099,0.616001147,0.993725576,BOMBAY,1
63464,954.362,359.2114569,226.2459368,1.587703461,0.776724467,64109,284.2619821,0.738726574,0.98993901,0.875610636,0.791349988,0.005660082,0.001369232,0.626234804,0.994275165,CALI,3
47981,809.088,291.6539681,210.0431569,1.388543061,0.693787968,48451,247.1665564,0.769777478,0.990299478,0.9210594,0.84746509,0.00607853,0.001934041,0.718197079,0.997247571,BARBUNYA,0
156343,1506.752,555.7075541,359.7475096,1.5447155,0.762177247,158163,446.1637481,0.746377746,0.988492884,0.865375812,0.802875082,0.003554413,0.000911044,0.644608397,0.995736583,BOMBAY,1
168684,1534.945,583.5431611,368.6418716,1.582954097,0.775188288,169806,463.4383879,0.770021546,0.99339246,0.899700823,0.794180137,0.003459387,0.000848897,0.630722091,0.998404118,BOMBAY,1
167124,1525.144,537.0799916,397.5550317,1.3509576,0.672369501,168590,461.290457,0.748729896,0.991304348,0.902873663,0.858885947,0.003213662,0.001078753,0.737685069,0.996581251,BOMBAY,1
67724,969.983,359.9504777,240.5130294,1.496594503,0.743996364,68288,293.6475352,0.799310736,0.991740862,0.904532591,0.815799821,0.005314962,0.00145216,0.665529348,0.996027563,BARBUNYA,3
66091,1043.887,424.0714337,199.3814395,2.126935359,0.882581182,66928,290.0856335,0.694817073,0.987494023,0.762158344,0.684048984,0.006416478,0.000866613,0.467923013,0.995242001,HOROZ,2
37016,722.111,275.9506091,171.265728,1.611242438,0.784096391,37446,217.0949907,0.776016771,0.988516798,0.892054584,0.786716838,0.007454901,0.001761552,0.618923384,0.997235621,DERMASON,0
68389,1030.293,344.6779154,253.653765,1.358851959,0.677073566,69587,295.085715,0.792006856,0.982784141,0.80960768,0.856120168,0.005039961,0.001670113,0.732941743,0.995959323,BARBUNYA,3
90343,1173.139,472.0359631,246.2945413,1.916550649,0.853085765,91713,339.1581935,0.767179008,0.985062096,0.824907831,0.71850075,0.005224931,0.000858953,0.516243328,0.989406485,CALI,2
74466,1030.978,399.0801854,239.7014623,1.664905093,0.799523478,75530,307.9172875,0.789001907,0.985912882,0.880377823,0.771567466,0.005359227,0.001171595,0.595316355,0.991145232,CALI,3
71385,1066.275,377.31638,241.9376684,1.559560289,0.76736848,72551,301.480024,0.701117703,0.983928547,0.789002491,0.799011228,0.005285654,0.001328893,0.638418942,0.99565283,BARBUNYA,3
64181,1001.764,357.1130804,229.2063705,1.558041688,0.766845824,65138,285.8632317,0.784858268,0.985308115,0.803684333,0.800483789,0.005564156,0.001409254,0.640774296,0.998353066,BARBUNYA,3
54991,906.255,356.9962841,198.2208731,1.80100248,0.831685953,55868,264.6067191,0.734535497,0.984302284,0.841396401,0.741203007,0.006491904,0.00120865,0.549381897,0.989438159,HOROZ,2
46704,813.324,295.3600895,203.0207835,1.454826863,0.726310254,47182,243.8552433,0.701735407,0.989869018,0.887231119,0.825620157,0.006324086,0.001812586,0.681648643,0.991680757,SIRA,0
80759,1236.831,415.8544334,248.1715437,1.675673315,0.802408598,82623,320.6642362,0.789340449,0.977439696,0.663407035,0.771097313,0.005149326,0.001122967,0.594591066,0.996340383,BARBUNYA,3
39434,728.011,265.9602824,189.8956657,1.400560046,0.700145607,39831,224.0734884,0.723294204,0.990032889,0.934985366,0.842507334,0.006744441,0.002096141,0.709818608,0.994143582,SIRA,0
60979,984.025,403.3630037,193.5767818,2.083736489,0.877319295,61683,278.6411208,0.621587735,0.988586807,0.79136693,0.690794937,0.006614785,0.000929163,0.477197645,0.994354146,HOROZ,2
49317,886.931,310.5630747,202.4588914,1.533956215,0.758297131,50400,250.5840271,0.713085599,0.978511905,0.787819715,0.806869997,0.006297282,0.001646445,0.651039191,0.998665614,BARBUNYA,3
80021,1134.74,370.51982,275.6128445,1.344348884,0.668341564,81760,319.1957105,0.760106767,0.978730431,0.780946189,0.861480799,0.004630282,0.001573148,0.742149167,0.997707404,BARBUNYA,3
172967,1599.26,604.4735422,370.185916,1.632891788,0.790539965,175602,469.285014,0.746432193,0.984994476,0.849835692,0.776353275,0.003494733,0.000783125,0.602724407,0.984183735,BOMBAY,1
56430,946.46,330.9432846,217.743578,1.519876212,0.753063084,57314,268.0464652,0.716571429,0.984576194,0.791617499,0.809946833,0.005864669,0.001556859,0.656013872,0.997059879,BARBUNYA,3
50954,895.158,358.9366715,184.3979667,1.946532697,0.857949528,52105,254.7089472,0.681075734,0.977909989,0.799077224,0.709620853,0.007044328,0.001101856,0.503561756,0.980199423,HOROZ,2
38261,734.029,271.8838261,179.5208841,1.514496921,0.751014893,38662,220.7156955,0.713931184,0.989628059,0.892359279,0.811801491,0.00710603,0.001903734,0.659021661,0.998086276,DERMASON,0
68838,1021.546,324.8827085,270.189651,1.202424694,0.555295806,69878,296.0528057,0.757527071,0.985116918,0.828938389,0.911260581,0.004719526,0.002007467,0.830395846,0.998488472,BARBUNYA,0
68153,1029.375,358.2789264,242.6969575,1.476239876,0.735617924,69257,294.5761272,0.761996869,0.984059373,0.808253527,0.82219775,0.00525698,0.001481908,0.67600914,0.997951649,BARBUNYA,3
57761,910.99,330.2813373,223.64553,1.476807237,0.735857484,58490,271.1892132,0.791268254,0.987536331,0.874615859,0.821085488,0.005718068,0.001603181,0.674181379,0.99563594,BARBUNYA,3
80946,1093.51,422.8378095,245.3976852,1.723071712,0.814360823,81704,321.0352756,0.678280543,0.990722608,0.8506673,0.759239757,0.005223702,0.001070715,0.576445008,0.993256087,CALI,2
72373,1041.799,335.8512882,275.5786822,1.218712875,0.571592244,73521,303.5591632,0.786654493,0.984385414,0.837950891,0.90384993,0.004640561,0.001910449,0.816944696,0.995621019,BARBUNYA,3
75710,1077.037,367.9145312,263.1446424,1.398145628,0.698886003,77071,310.4786078,0.776098901,0.982340958,0.820166193,0.843887864,0.004859524,0.001520241,0.712146727,0.995684832,BARBUNYA,3
81995,1186.252,409.0478139,255.5614799,1.600584776,0.780807517,83446,323.1087688,0.76777939,0.982611509,0.73222292,0.789904646,0.004988692,0.001198023,0.62394935,0.998683831,BARBUNYA,3
204635,1706.37,635.1262868,412.6639162,1.539088498,0.760160606,206334,510.4403729,0.807044459,0.991765778,0.883168083,0.803683273,0.003103703,0.000798729,0.645906803,0.994107731,BOMBAY,1
40306,739.706,277.807734,185.2207396,1.499873797,0.745305816,40698,226.5373989,0.734532466,0.990368077,0.925680855,0.815446696,0.006892466,0.001879908,0.664953314,0.997346052,SIRA,0
55722,897.584,318.9323359,225.0086389,1.417422626,0.708704064,56736,266.3596327,0.779274177,0.98212775,0.869133231,0.835160323,0.005723634,0.001717636,0.697492765,0.988642027,CALI,0
34668,704.917,268.2745335,166.9007759,1.607389373,0.782916503,35416,210.0968075,0.747670807,0.978879602,0.876723572,0.783141079,0.007738391,0.001795521,0.613309949,0.985827894,SIRA,0
43255,775.342,295.9427576,186.4394666,1.587339649,0.776607387,43605,234.6784534,0.702191558,0.991973398,0.904189709,0.792985966,0.006841816,0.001668834,0.628826742,0.99816162,SIRA,0
185896,1652.683,618.1100834,387.6740194,1.594406776,0.778864267,187616,486.5081072,0.806693224,0.990832338,0.855265176,0.787089744,0.003325032,0.000787177,0.619510265,0.987751364,BOMBAY,1
75562,1077.868,402.7975336,239.9578761,1.678617681,0.803186052,76928,310.1749933,0.679917937,0.982243136,0.817301227,0.770051868,0.005330689,0.001156227,0.59297988,0.995386511,BARBUNYA,3
41741,756.956,281.0310209,189.7241324,1.481261331,0.737725936,42253,230.5347953,0.747711599,0.987882517,0.915443282,0.820317965,0.006732733,0.001880616,0.672921564,0.996772692,SIRA,0
60966,988.175,387.2990467,209.459412,1.849041029,0.841137785,63362,278.6114177,0.616503185,0.962185537,0.784566646,0.719370265,0.006352706,0.001049418,0.517493578,0.956866857,HOROZ,2
70069,1111.06,393.3433339,227.8881262,1.726036983,0.815070447,71813,298.6881679,0.740514891,0.975714703,0.713281169,0.759357391,0.005613657,0.001151358,0.576623648,0.995273741,BARBUNYA,2
69714,1023.301,370.4865925,240.0561473,1.543333077,0.761684342,70851,297.9305651,0.73056327,0.983952238,0.836610034,0.80416018,0.005314379,0.00137089,0.646673596,0.998032751,BARBUNYA,3
61955,941.725,356.2676132,221.8502492,1.605892328,0.782455301,62655,280.8621655,0.74689572,0.988827707,0.877885803,0.78834605,0.005750426,0.001370084,0.621489494,0.99804521,BARBUNYA,3
68823,1054.403,368.6293354,239.0642829,1.54196742,0.761195798,70191,296.0205486,0.705153689,0.980510322,0.777911511,0.803030362,0.005356194,0.001373928,0.644857762,0.994349659,BARBUNYA,3
45200,873.211,357.1308499,162.8601044,2.19286885,0.88996767,45850,239.8967016,0.751279835,0.985823337,0.74492046,0.671733348,0.007901125,0.00099233,0.451225691,0.989478763,HOROZ,2
233751,1849.371,706.9930758,423.527988,1.669294818,0.800707613,237344,545.5465304,0.819204525,0.984861635,0.858845917,0.771643385,0.003024556,0.000661467,0.595433514,0.99395408,BOMBAY,1
88892,1120.911,417.8434661,271.7476179,1.537615929,0.759628308,89503,336.4235569,0.8111176,0.993173413,0.889058379,0.805142557,0.004700574,0.00121849,0.648254538,0.996766503,CALI,3
80951,1107.182,395.5388204,261.61346,1.511920757,0.750024254,82239,321.0451906,0.779927355,0.984338331,0.829839396,0.81166544,0.004886151,0.001308142,0.658800786,0.996054583,BARBUNYA,3
205476,1746.64,679.0974408,386.4526105,1.757259292,0.822290479,207384,511.4881902,0.773850951,0.990799676,0.846377604,0.753188216,0.003304996,0.000656092,0.567292489,0.996879998,BOMBAY,1
183243,1653.91,621.0828564,380.4553283,1.632472488,0.790418086,187180,483.0240511,0.783571942,0.97896677,0.841808896,0.777712742,0.003389395,0.000764854,0.604837109,0.98737994,BOMBAY,1
40319,747.433,278.4560902,184.6588803,1.507948547,0.748484221,40744,226.5739288,0.778569498,0.989569016,0.906932738,0.8136792,0.006906324,0.00186741,0.662073841,0.998373286,SIRA,0
67359,1028.02,375.7874784,230.2702608,1.631940994,0.790263433,68721,292.8551562,0.762721652,0.980180731,0.800944396,0.779310576,0.005578876,0.001269313,0.607324974,0.991118521,BARBUNYA,3
154721,1475.51,538.8861415,367.7969602,1.465172907,0.730873171,155903,443.8433233,0.803895793,0.992418363,0.893048023,0.823630985,0.003482954,0.000988686,0.678367999,0.993926413,BOMBAY,1
62787,942.187,359.461842,223.1302895,1.610995275,0.784021012,63429,282.7417396,0.81130637,0.989878447,0.888802733,0.786569551,0.0057251,0.001351797,0.618691658,0.996709338,BARBUNYA,3
37098,705.621,257.2452183,183.9486381,1.398462206,0.699051663,37453,217.3353184,0.779107863,0.990521454,0.936305051,0.844856592,0.006934207,0.002179258,0.713782661,0.998198075,DERMASON,0
147930,1439.844,519.3579714,364.7947757,1.423699039,0.711786739,149429,433.9934629,0.760034115,0.98996848,0.896675367,0.835634546,0.003510836,0.00105598,0.698285095,0.994147819,BOMBAY,1
40000,742.236,280.963795,181.5970177,1.54718287,0.763052924,40340,225.6758334,0.71404345,0.991571641,0.912401154,0.803220335,0.007024095,0.00180347,0.645162906,0.998184996,DERMASON,0
79796,1110.388,431.5476329,238.2902876,1.811016459,0.833727508,81173,318.7466435,0.687517232,0.983036231,0.813282573,0.738612888,0.005408136,0.000992876,0.545548998,0.987998215,CALI,2
47099,833.628,327.7793514,185.2744074,1.769156118,0.824925657,47960,244.8842774,0.693754603,0.98204754,0.85168101,0.747100988,0.00695937,0.001337417,0.558159887,0.987471979,SIRA,2
195076,1671.831,629.855816,397.1060279,1.586114971,0.776212545,196829,498.3758395,0.796257822,0.991093792,0.8770593,0.79125385,0.003228771,0.000780693,0.626082656,0.993039073,BOMBAY,1
80677,1122.027,362.2990523,285.4455253,1.269240609,0.615838161,82097,320.501399,0.733860918,0.982703387,0.805291266,0.884632176,0.004490735,0.001696478,0.782574087,0.99327481,BARBUNYA,3
63127,989.856,351.1002035,229.1462507,1.532210116,0.757657815,64252,283.5062482,0.718528046,0.982490817,0.809619528,0.807479589,0.005561807,0.001458552,0.652023287,0.999036677,BARBUNYA,3
74734,1062.473,381.3988414,250.9818411,1.519627236,0.752968887,75706,308.4708805,0.826740121,0.987160859,0.831940538,0.808788195,0.005103418,0.001347039,0.654138344,0.994046444,BARBUNYA,3
51487,909.858,377.6142924,174.9837576,2.157996249,0.886152967,52007,256.0376622,0.762487967,0.990001346,0.781556205,0.678040178,0.007334168,0.000956208,0.459738483,0.992113922,HOROZ,2
154875,1532.26,580.3288416,343.3166651,1.690360244,0.806239061,157383,444.0641558,0.808147483,0.984064353,0.828946028,0.765194014,0.003747079,0.000792426,0.585521879,0.989742907,BOMBAY,1
69963,1080.634,379.312389,236.9762145,1.600634856,0.780823158,71325,298.4621555,0.78246136,0.980904311,0.752871804,0.786850533,0.005421614,0.001281968,0.619133761,0.991007079,BARBUNYA,3
58299,913.932,348.2718994,213.7338655,1.629465217,0.78954064,58881,272.4492471,0.71911928,0.990115657,0.877088066,0.782288917,0.005973891,0.001380085,0.61197595,0.997193524,BARBUNYA,3
81817,1092.464,404.7418654,258.0855879,1.568246676,0.770322252,82640,322.7578656,0.732339778,0.990041142,0.861467992,0.797441266,0.004946916,0.001233983,0.635912573,0.997267779,CALI,3
36805,722.071,269.0060866,174.8412733,1.538573138,0.759974532,37326,216.4753599,0.69607565,0.986041901,0.887067933,0.804722907,0.007308955,0.001890691,0.647578956,0.996347587,DERMASON,0
215107,1772.436,680.4892103,406.9402925,1.672208977,0.801487609,217799,523.3380731,0.819143184,0.98763998,0.860445332,0.76906153,0.003163492,0.000682639,0.591455637,0.989037425,BOMBAY,1
85099,1161.055,428.0509995,255.1448778,1.677678201,0.80293851,86211,329.1677566,0.799607239,0.987101414,0.793284072,0.768991912,0.005030036,0.00108502,0.591348561,0.99209259,BARBUNYA,3
38071,717.993,264.2306153,183.7717131,1.43781984,0.718528586,38445,220.1669882,0.797081423,0.990271817,0.928033659,0.833237996,0.00694047,0.002063692,0.694285557,0.998257549,DERMASON,0
78791,1164.715,414.6113966,243.3587512,1.703704488,0.80961865,80403,316.7330374,0.807897381,0.979950997,0.729872733,0.763927475,0.005262167,0.001105485,0.583585187,0.994256703,BARBUNYA,3
49777,861.277,300.7570338,211.6168613,1.42123379,0.710582389,50590,251.7499649,0.801910654,0.98392963,0.843243269,0.837054288,0.006042088,0.001829706,0.700659882,0.995801499,BARBUNYA,0
62934,992.28,368.3417168,218.1674481,1.688344068,0.805720208,64268,283.0725305,0.678892353,0.979243169,0.803205593,0.768505216,0.005852825,0.00125931,0.590600266,0.997136456,BARBUNYA,2
71540,1034.456,401.2763801,231.4388537,1.733833251,0.816915952,72721,301.8071521,0.8225825,0.983759849,0.840107291,0.752117909,0.005609119,0.00110718,0.565681349,0.980797133,CALI,3
53519,877.465,331.9782172,206.4390997,1.608116959,0.783140091,54178,261.0411983,0.755725945,0.987836391,0.873490627,0.786320261,0.006202997,0.001462781,0.618299552,0.994297996,SIRA,3
68978,1054.813,373.103519,236.8188821,1.57548045,0.772736449,70161,296.3537031,0.823598242,0.983138781,0.779057503,0.794293508,0.005409022,0.001328075,0.630902177,0.993974046,BARBUNYA,3
68247,1088.754,370.3681457,237.863792,1.557059789,0.76650688,70172,294.7792042,0.76768279,0.972567406,0.723492282,0.795908632,0.005426878,0.00134333,0.63347055,0.986351522,BARBUNYA,3
73324,1108.382,368.8511345,255.1156056,1.445819568,0.722233573,75042,305.5470772,0.78814197,0.977106154,0.750027322,0.82837505,0.005030428,0.001461143,0.686205224,0.992128941,BARBUNYA,3
64828,1021.97,419.9637378,198.5741932,2.114895853,0.881150171,65825,287.3004929,0.728592782,0.984853779,0.780002856,0.684107857,0.006478123,0.00087524,0.468003561,0.98977879,HOROZ,2
65994,1024.72,343.7082805,245.3333569,1.400984705,0.700366245,67205,289.8726798,0.754544831,0.981980507,0.789775926,0.843368334,0.005208175,0.001625303,0.711270146,0.996478596,BARBUNYA,3
53855,923.149,387.4442295,177.6853692,2.180507214,0.888638218,54371,261.8593433,0.805248206,0.990509647,0.794131251,0.67586332,0.007194211,0.000925973,0.456791228,0.996036567,HOROZ,2
37713,717.219,252.764546,190.9237129,1.323903365,0.655330644,38160,219.1293749,0.715820442,0.988286164,0.921292155,0.866930819,0.006702319,0.0023353,0.751569045,0.995004788,DERMASON,0
61978,1036.289,354.0364832,223.5834024,1.583464959,0.775354336,63295,280.9142939,0.774453941,0.979192669,0.725246506,0.793461429,0.005712293,0.001396669,0.629581039,0.996919515,BARBUNYA,3
50836,923.618,358.5151472,181.3888992,1.976499934,0.862565817,51671,254.4138469,0.804761829,0.983840065,0.748852801,0.709632072,0.007052387,0.001103186,0.503577678,0.995321247,HOROZ,2
83906,1206.297,447.4269964,239.8060077,1.86578727,0.84423907,85675,326.8523172,0.647547752,0.979352203,0.724593421,0.730515413,0.005332479,0.000936756,0.533652769,0.995682543,BARBUNYA,2
76574,1077.011,418.7522476,236.7029829,1.769104228,0.824914296,78444,312.2451679,0.680162015,0.976161338,0.829565954,0.7456561,0.005468596,0.001042821,0.55600302,0.983627293,CALI,2
176570,1601.037,610.4912665,369.668142,1.651457611,0.795825763,178203,474.1475576,0.802714965,0.990836293,0.865613546,0.776665587,0.003457503,0.00077603,0.603209434,0.99617481,BOMBAY,1
69053,1142.711,400.1190566,221.0364114,1.810195226,0.833561544,70386,296.5147725,0.667875658,0.981061575,0.664537662,0.741066359,0.005794376,0.00107799,0.549179348,0.994121834,BARBUNYA,2
81837,1095.937,433.8381856,241.5270264,1.796230393,0.830699236,82554,322.797312,0.771996189,0.991314776,0.856225949,0.744050023,0.005301247,0.001002228,0.553610437,0.994411893,CALI,2
63164,965.899,351.8699366,229.2060113,1.535168884,0.758739538,63999,283.5893203,0.71455722,0.986952921,0.850777618,0.805949275,0.005570735,0.00144985,0.649554234,0.997175449,BARBUNYA,3
54160,929.492,349.4594503,202.9347314,1.722028791,0.81411022,55623,262.5997977,0.749505266,0.973697931,0.787765954,0.75144569,0.006452353,0.001269078,0.564670625,0.972379074,HOROZ,2
70019,1031.181,367.3811442,243.0767597,1.511379141,0.749815169,71281,298.5815796,0.737414694,0.982295422,0.827477061,0.812729734,0.005246878,0.0014121,0.660529621,0.998310691,BARBUNYA,3
64410,1004.419,367.1284917,224.4069092,1.6359946,0.791438379,65579,286.3727625,0.757363749,0.982174172,0.802293594,0.780034154,0.005699868,0.001301664,0.608453281,0.995426283,BARBUNYA,3
80789,1130.935,383.9689235,268.6870597,1.429056256,0.714375547,82025,320.7237902,0.783294551,0.984931423,0.793755609,0.835285802,0.004752738,0.001427132,0.697702371,0.997055938,BARBUNYA,3
72422,1021.256,349.4805572,265.1379863,1.318108213,0.65148321,73542,303.6619079,0.756144417,0.984770607,0.872591817,0.868894998,0.004825613,0.001696686,0.754978517,0.995143383,BARBUNYA,3
76328,1162.038,415.4142707,235.1720675,1.766426919,0.824326576,78024,311.7432084,0.792705218,0.978263099,0.710318435,0.750439333,0.005442489,0.00106473,0.563159193,0.994779559,BARBUNYA,3
73346,1040.579,378.6514102,251.0932419,1.508011157,0.748508614,75533,305.5929116,0.705080509,0.971045768,0.851208955,0.807056051,0.005162537,0.001351007,0.651339469,0.982227186,CALI,3
58859,934.994,327.0002503,230.3472397,1.419596999,0.709778162,59798,273.7546463,0.740346155,0.984297134,0.846067661,0.837169531,0.005555654,0.001683328,0.700852824,0.994928566,BARBUNYA,3
169004,1546.598,566.4156578,380.9707667,1.486769347,0.740006893,170517,463.8777598,0.736035259,0.991126984,0.887875269,0.81897058,0.003351493,0.000930018,0.670712811,0.997195248,BOMBAY,1
21101,533.701,185.3819214,146.0322578,1.269458709,0.616011296,21462,163.9104256,0.746356819,0.983179573,0.930929662,0.88417697,0.008785457,0.003312081,0.781768915,0.992423358,DERMASON,0
86333,1152.539,445.7246556,249.5921445,1.785812036,0.828513325,88054,331.545758,0.672228797,0.980455175,0.816724223,0.743835356,0.005162854,0.000974938,0.553291037,0.988073793,CALI,2
156593,1478.855,555.8219854,360.0328103,1.543809257,0.76185431,157868,446.5203243,0.802588284,0.991923632,0.899768988,0.803351318,0.003549469,0.000911938,0.645373339,0.996333336,BOMBAY,1
38427,756.323,306.5338861,160.5917844,1.908776886,0.851782424,38773,221.1939782,0.796976108,0.991076264,0.844173528,0.721597149,0.007977044,0.001334139,0.520702445,0.993904791,HOROZ,2
178573,1634.814,619.885914,373.2696081,1.660692166,0.798376522,183684,476.829325,0.664534328,0.97217504,0.839631962,0.769221101,0.003471331,0.000749688,0.591701102,0.982633384,BOMBAY,1
60075,937.1,350.7512342,218.6123363,1.604443921,0.782007594,60993,276.5680127,0.771706039,0.984949093,0.859669993,0.788501895,0.005838556,0.001392182,0.621735238,0.997539323,BARBUNYA,3
66358,981.292,376.3855561,226.5694504,1.661237009,0.798525438,67547,290.6709991,0.68608354,0.982397442,0.865977555,0.772269271,0.005672045,0.001244499,0.596399827,0.990761465,CALI,3
134012,1385.807,517.7649124,331.9160237,1.559927438,0.767494559,135500,413.0730902,0.76070569,0.98901845,0.876895924,0.79780047,0.003863571,0.000965486,0.636485589,0.992871334,BOMBAY,1
46062,856.672,346.9669215,171.9697081,2.017604876,0.868529666,47106,242.1734088,0.811236351,0.977837218,0.788721193,0.697972613,0.007532607,0.001102754,0.487165768,0.982908029,HOROZ,2
54434,946.419,392.0469996,179.0746985,2.189293087,0.889585627,55300,263.2632169,0.835030987,0.984339964,0.763683156,0.671509327,0.007202245,0.00090335,0.450924777,0.987206496,HOROZ,2
48673,799.093,270.6905941,229.2923642,1.180547792,0.531490274,49078,248.9425403,0.751544068,0.99174783,0.957862843,0.91965715,0.005561412,0.002453966,0.845769273,0.998471048,SEKER,0
55563,873.756,315.9455,224.7293094,1.40589361,0.702897275,56100,265.9793391,0.711333871,0.990427807,0.914566329,0.841851962,0.005686257,0.00176177,0.708714726,0.996377505,SIRA,0
73266,1044.036,379.3120306,247.6354716,1.53173545,0.757483549,74227,305.4262079,0.735454728,0.987053229,0.844658968,0.80521097,0.00517719,0.001342495,0.648364706,0.993123204,BARBUNYA,3
52812,918.444,377.2080714,182.5755884,2.066037824,0.875057906,54026,259.3112547,0.716687701,0.977529338,0.78675066,0.68744885,0.007142469,0.000983988,0.472585921,0.976380388,HOROZ,2
63988,1012.38,342.8844413,238.8867326,1.435343175,0.717365036,65339,285.4330955,0.81523761,0.979323222,0.784551192,0.832446915,0.005358574,0.001587286,0.692967867,0.994646698,BARBUNYA,3
164498,1591.267,616.7934563,345.4119747,1.785674793,0.828484235,168989,457.652006,0.793909266,0.973424306,0.816364993,0.741985832,0.00374955,0.000701038,0.550542975,0.983090713,BOMBAY,1
156208,1462.0,518.8727299,385.1703268,1.347125398,0.670043993,157666,445.9710784,0.810796221,0.990752604,0.918371485,0.859499937,0.003321678,0.001118203,0.738740141,0.995175607,BOMBAY,1
67336,1032.779,399.8204649,217.2274491,1.840561433,0.839530552,68914,292.8051536,0.690370735,0.977101895,0.793308999,0.732341587,0.005937693,0.001053543,0.536324199,0.987137637,CALI,2
72835,1074.908,434.1313881,219.2406024,1.980159621,0.863113613,75191,304.5265214,0.605696466,0.968666463,0.792149949,0.701461654,0.005960478,0.000890177,0.492048451,0.974334475,HOROZ,2
160141,1531.84,560.1979114,367.032833,1.52628828,0.755469149,162846,451.5504999,0.793393875,0.983389214,0.857601612,0.806055308,0.003498154,0.000910915,0.649725159,0.991667895,BOMBAY,1
183754,1630.759,625.5357421,376.067177,1.663361709,0.799104499,185287,483.6970739,0.822621947,0.991726349,0.868294595,0.773252496,0.003404202,0.000750724,0.597919423,0.994556272,BOMBAY,1
52141,916.908,377.0679334,177.5579835,2.123632664,0.882191276,52815,257.6586562,0.584291445,0.987238474,0.779359254,0.68332158,0.007231697,0.000972569,0.466928382,0.991584364,HOROZ,2
76278,1083.778,433.5725897,225.4395882,1.923231821,0.854191755,76973,311.6410852,0.821359349,0.99097086,0.816072042,0.718774878,0.005684111,0.000935866,0.516637325,0.993613343,CALI,2
68272,1000.45,350.8396851,248.4830485,1.411926034,0.705959305,69358,294.8331905,0.779067246,0.984342109,0.857159637,0.840364426,0.005138852,0.001580944,0.706212368,0.997119628,BARBUNYA,3
144458,1440.778,524.9804748,351.9433714,1.491661777,0.742005983,146010,428.870188,0.761836956,0.989370591,0.874494989,0.816925978,0.003634139,0.000998417,0.667368054,0.995487417,BOMBAY,1
41267,759.008,272.2771926,193.7132061,1.405568562,0.70273078,41789,229.2221113,0.711070905,0.987508675,0.900160714,0.841870408,0.00659794,0.002044415,0.708745784,0.996190793,DERMASON,0
175276,1595.654,608.730967,368.7638602,1.650733797,0.795623672,177114,472.4069585,0.789343085,0.989622503,0.865077202,0.776052122,0.003472985,0.000777045,0.602256896,0.994165812,BOMBAY,1
157321,1562.231,587.4104496,346.3148397,1.696174643,0.807723175,160654,447.557056,0.803330338,0.979253551,0.810039244,0.76191538,0.003733834,0.000776179,0.580515047,0.984654902,BOMBAY,1
82115,1105.638,449.1585197,234.3010258,1.917014738,0.85316301,82762,323.3451178,0.804623043,0.992182403,0.844124388,0.719890871,0.005469872,0.000906199,0.518242866,0.993479212,CALI,2
89248,1226.968,426.2697932,267.2871627,1.594800846,0.778989039,91234,337.0965483,0.74029098,0.9782318,0.744975318,0.790805621,0.004776239,0.001152245,0.62537353,0.997346234,BARBUNYA,3
69785,1037.342,367.5228762,242.7852957,1.513777328,0.750738821,70841,298.0822397,0.758549099,0.985093378,0.814944481,0.811057648,0.005266502,0.001405753,0.657814509,0.99578469,BARBUNYA,3
59632,925.853,346.4436997,219.3624607,1.579320813,0.774001653,60256,275.5464036,0.793611924,0.989644185,0.874188649,0.795356948,0.005809694,0.001434106,0.632592674,0.999066777,BARBUNYA,3
59953,933.665,343.388397,223.7786425,1.534500314,0.758495791,60713,276.2870435,0.804986774,0.987482088,0.864248483,0.804590504,0.005727627,0.001480656,0.64736588,0.993383145,BARBUNYA,3
61974,991.559,362.9654923,218.7750977,1.659080472,0.797934992,63233,280.9052288,0.794905341,0.98008951,0.792104116,0.773917176,0.005856738,0.001296025,0.598947795,0.993702591,BARBUNYA,3
79165,1121.15,403.8090315,250.7525213,1.610388719,0.783835848,80401,317.4838713,0.786865856,0.984627057,0.791435702,0.78622281,0.005100853,0.001202279,0.618146306,0.995455839,BARBUNYA,3
86498,1145.822,380.1703566,290.3756566,1.309236322,0.6454482,87924,331.8624326,0.759874201,0.983781448,0.827907119,0.87293085,0.004395135,0.001574241,0.762008269,0.997648903,BARBUNYA,3
56928,935.66,324.0394421,224.1507189,1.445631955,0.722147602,57936,269.2266346,0.77012987,0.982601491,0.817146008,0.83084526,0.005692093,0.00167314,0.690303847,0.9979253,BARBUNYA,3
41631,758.77,287.7112302,184.4771924,1.559603258,0.767383241,42025,230.2308309,0.707649159,0.990624628,0.908670448,0.800214961,0.006910985,0.00174802,0.640343984,0.998682564,DERMASON,0
78630,1108.853,412.0149754,244.0177357,1.688463235,0.805750936,79898,316.4092688,0.805635246,0.984129765,0.803618985,0.767955748,0.005239921,0.001124215,0.589756032,0.995781377,BARBUNYA,3
39013,745.539,271.5765221,183.4064154,1.480736219,0.737506778,39546,222.8741671,0.759924422,0.986522025,0.882020092,0.820668021,0.00696118,0.001947748,0.673496001,0.997269923,DERMASON,0
69673,1063.011,390.0669854,228.7240767,1.705404131,0.810042421,70866,297.8429432,0.744488967,0.983165411,0.774816495,0.763568706,0.005598539,0.001173943,0.583037168,0.994313996,BARBUNYA,3
76305,1164.13,394.7024531,246.7899736,1.599345579,0.780419927,77830,311.6962359,0.7114022,0.980406013,0.707554501,0.789699262,0.005172694,0.001240919,0.623624924,0.997391765,BARBUNYA,3
75526,1059.166,377.0555787,255.7796155,1.47414241,0.734729212,76529,310.1010962,0.761965295,0.986893857,0.846015434,0.822428082,0.004992394,0.001408901,0.676387949,0.997092161,BARBUNYA,3
67718,1046.454,353.627789,244.3069875,1.447473086,0.722989391,69018,293.6345271,0.7664569,0.981164334,0.777094262,0.83034913,0.005222065,0.001531317,0.689479678,0.998003277,BARBUNYA,3
75990,1116.443,379.5325031,256.6100138,1.479024522,0.736790318,77909,311.052203,0.709364848,0.975368699,0.766113647,0.819566705,0.004994506,0.001389983,0.671689584,0.993445366,BARBUNYA,3
231066,1787.859,641.9042752,460.1984968,1.394842181,0.697148261,232903,542.4042484,0.736700143,0.992112596,0.908404716,0.844992422,0.002778013,0.000873625,0.714012194,0.995934326,BOMBAY,1
65881,1027.604,409.5313175,207.2239825,1.976273752,0.862531851,67226,289.6244024,0.631988412,0.97999286,0.784004354,0.707209412,0.006216228,0.000959177,0.500145153,0.988423738,CALI,2
153644,1506.502,559.4930681,354.4902247,1.578303234,0.773667513,157005,442.2958474,0.763957119,0.978593038,0.850718827,0.790529629,0.00364149,0.000877266,0.624937094,0.986340236,BOMBAY,1
40863,737.27,263.7978064,197.7032286,1.334312081,0.662061107,41222,228.0973203,0.809088209,0.991291058,0.944684928,0.864667237,0.006455664,0.002225957,0.74764943,0.997597667,SEKER,0
156513,1500.447,569.2031874,352.8267399,1.613265445,0.784711791,157878,446.4062509,0.791232957,0.991354084,0.873612744,0.784265199,0.003636779,0.000848689,0.615071902,0.992274245,BOMBAY,1
67439,998.962,357.3101094,240.5337456,1.485488485,0.739479357,68597,293.0290116,0.746080915,0.983118795,0.849225545,0.820097176,0.005298271,0.001478343,0.672559378,0.999079211,BARBUNYA,3
69806,1052.445,361.0514468,247.359232,1.4596239,0.728441513,71110,298.1270864,0.719093484,0.981662213,0.791961006,0.82571913,0.005172212,0.001483151,0.681812081,0.995189209,BARBUNYA,3
79790,1160.791,425.1604783,239.5172087,1.775072783,0.826213463,81401,318.7346597,0.680529139,0.980209088,0.744132486,0.749680829,0.005328493,0.001038221,0.562021345,0.997628793,BARBUNYA,2
161008,1496.088,505.5965214,407.8607156,1.239630349,0.590971969,163019,452.7711923,0.814059782,0.987664015,0.903947151,0.895518804,0.003140195,0.001245762,0.801953929,0.994126429,BOMBAY,1
70374,1067.18,394.9477693,227.1444539,1.738751542,0.818065334,71394,299.3375348,0.792339391,0.985713085,0.77650945,0.757916763,0.005612126,0.001142334,0.574437819,0.998804644,BARBUNYA,3
165004,1583.383,607.88317,352.8829749,1.722619716,0.814252278,170614,458.3553401,0.699228748,0.967118759,0.827051171,0.754018803,0.003684051,0.000734572,0.568544355,0.979385716,BOMBAY,1
61787,943.911,361.5859404,218.7760939,1.652767146,0.796190585,62403,280.4811077,0.708176692,0.99012868,0.871454825,0.77569694,0.005852136,0.001306961,0.601705743,0.994479485,BARBUNYA,3
41187,756.309,275.2738998,190.8468223,1.442381363,0.72065109,41706,228.9998191,0.728947648,0.987555747,0.904839366,0.831898045,0.006683514,0.001974536,0.692054357,0.998206307,SIRA,0
43991,808.658,320.6896817,177.0497204,1.811297307,0.833784206,45031,236.6666027,0.746838022,0.976904799,0.845364339,0.737992571,0.007289893,0.001333856,0.544633035,0.986492349,HOROZ,2
73490,1079.891,374.5447781,251.8095533,1.487412901,0.740271291,74875,305.8927494,0.805246318,0.981502504,0.791914451,0.816705418,0.005096541,0.001398676,0.667007739,0.992115916,BARBUNYA,3
61254,961.239,347.3497104,224.9855621,1.543875558,0.761877961,62242,279.2687148,0.786709649,0.984126474,0.83307011,0.803998698,0.005670645,0.001461617,0.646413906,0.99798263,BARBUNYA,3
130070,1362.228,486.7062302,343.114783,1.41849391,0.709234078,131860,406.9524144,0.751536933,0.986424996,0.88082047,0.836135618,0.003741879,0.001128175,0.699122771,0.991701393,BOMBAY,1
66294,1109.72,348.0218186,243.3940844,1.429869668,0.714765262,68370,290.5307942,0.725714286,0.969635805,0.676483583,0.834806264,0.005249673,0.001572732,0.696901498,0.996478314,BARBUNYA,3
80305,1140.603,378.8245559,270.571108,1.400092415,0.699902328,81847,319.7616325,0.751391813,0.981159969,0.775681496,0.844088979,0.004717322,0.001477162,0.712486204,0.99754653,BARBUNYA,3
53983,933.999,397.868178,173.1954391,2.297220875,0.900281303,54549,262.170346,0.797550454,0.989624008,0.777631881,0.65893771,0.007370249,0.000857116,0.434198905,0.997450789,HOROZ,2
68210,1068.247,374.5396102,235.4399837,1.590807153,0.777719308,70112,294.6992863,0.779721079,0.972871976,0.751129035,0.786830761,0.005490978,0.001298239,0.619102646,0.984872917,BARBUNYA,3
58962,931.901,335.844087,224.6666206,1.494855293,0.743297439,59755,273.9940693,0.700128242,0.986729144,0.853183632,0.81583711,0.005695941,0.001556536,0.66559019,0.994961019,BARBUNYA,3
51332,889.637,330.8228042,198.618899,1.66561594,0.799715985,52283,255.651975,0.75168768,0.981810531,0.815027712,0.772776156,0.006444767,0.001417757,0.597182987,0.994677503,BARBUNYA,3
58635,926.523,353.2945175,211.9276991,1.667052108,0.800104026,59458,273.233235,0.728204173,0.986158297,0.858330182,0.77338657,0.006025318,0.001329677,0.598126786,0.997108519,BARBUNYA,3
59468,945.536,370.0789421,205.5291693,1.80061518,0.831606207,60107,275.1672387,0.746710196,0.989368959,0.835866769,0.743536601,0.006223161,0.001173276,0.552846677,0.995464119,CALI,2
80390,1137.745,427.3643818,240.1465772,1.779598055,0.827188429,81621,319.930816,0.669710173,0.984918097,0.780408555,0.748613665,0.005316139,0.001029928,0.560422419,0.997326647,BARBUNYA,2
57644,917.251,360.3840144,204.8277878,1.759448844,0.822780124,58495,270.9144151,0.677479256,0.985451748,0.860969141,0.751738158,0.006251891,0.001231566,0.565110258,0.99428259,SIRA,2
65532,975.528,366.8687666,227.8834095,1.609896777,0.783685486,66381,288.8562512,0.703170771,0.987210196,0.86533408,0.7873558,0.005598315,0.001327154,0.619929156,0.99802195,BARBUNYA,3
69773,1095.057,387.1163104,231.1532909,1.674716847,0.802154999,71055,298.05661,0.762446455,0.981957638,0.731179168,0.769940718,0.005548225,0.001202716,0.592808709,0.992786732,BARBUNYA,3
71282,1025.671,399.7818559,230.8930193,1.731459258,0.816357068,71685,301.2624458,0.831296357,0.994378182,0.851478307,0.75356708,0.005608455,0.001115605,0.567863344,0.983232244,CALI,3
55987,930.964,367.7353836,196.8858536,1.867759298,0.844598059,56791,266.9922516,0.722170627,0.985842827,0.811766802,0.726044497,0.006568228,0.001125851,0.527140611,0.984571778,HOROZ,2
60730,951.837,340.0269706,228.2420069,1.489765075,0.74123395,61724,278.071641,0.745748143,0.983896053,0.842341077,0.817792896,0.005598995,0.001544768,0.668785221,0.996332865,BARBUNYA,3
60756,982.65,352.9421998,219.8903051,1.605083042,0.782205329,61871,278.1311593,0.760153142,0.981978633,0.790681032,0.788036,0.005809174,0.001381906,0.621000737,0.996757752,BARBUNYA,3
102300,1232.892,491.1081828,267.1810117,1.83811035,0.839061241,102966,360.9049812,0.79326308,0.993531845,0.84573719,0.734878778,0.004800666,0.000863663,0.540046818,0.992665646,CALI,2
56247,965.918,395.9652465,182.9866599,2.163902257,0.886813191,57108,267.6114808,0.611746153,0.984923303,0.757580364,0.675845881,0.007039758,0.000906,0.456767655,0.988400559,HOROZ,2
56693,933.372,304.4774001,237.5330527,1.281831714,0.625612942,57737,268.6703733,0.777425813,0.981918008,0.817767348,0.882398409,0.005370635,0.002008465,0.778626952,0.99806872,SEKER,0
34908,747.326,281.8264912,158.9575472,1.772967035,0.825756839,35676,210.8227835,0.715621156,0.978472923,0.785442953,0.748058788,0.008073407,0.001559479,0.55959195,0.992138081,DERMASON,2
182178,1655.89,635.9195747,368.3386072,1.726453763,0.815169845,183979,481.6183487,0.796302124,0.990210839,0.834916083,0.757357326,0.00349065,0.000708418,0.573590119,0.99027682,BOMBAY,1
83580,1218.142,400.899182,266.2635976,1.505647733,0.747585147,85345,326.2167395,0.797458209,0.979319234,0.707809514,0.813712659,0.004796592,0.00129717,0.662128292,0.996931961,BARBUNYA,3
74724,1093.874,373.5049018,255.7186989,1.460608487,0.728875592,76013,308.4502419,0.796096438,0.983042374,0.784757321,0.82582649,0.00499846,0.001434073,0.681989391,0.996119492,BARBUNYA,3
77421,1096.711,386.5125852,256.2132386,1.508558213,0.748721586,78699,313.9673212,0.773243446,0.983760912,0.808880269,0.812308145,0.004992348,0.001340812,0.659844523,0.995413874,BARBUNYA,3
88387,1188.866,412.015053,275.5676518,1.495150284,0.743416204,90121,335.466576,0.783100613,0.980759202,0.785836947,0.814209514,0.004661489,0.001263715,0.662937133,0.991190643,BARBUNYA,3
77147,1158.937,396.2326887,248.8317487,1.592371917,0.778218185,78916,313.4112493,0.702972372,0.97758376,0.721787323,0.790977772,0.005136074,0.001240133,0.625645836,0.996260859,BARBUNYA,3
86044,1181.857,437.0365511,251.2670291,1.739331072,0.81820002,87370,330.9903675,0.695574849,0.984823166,0.774106282,0.757351683,0.005079222,0.001030783,0.573581572,0.99764825,BARBUNYA,3
61731,969.593,363.2265518,218.0080432,1.666115371,0.799851062,63023,280.3539733,0.773755656,0.979499548,0.825152526,0.77184328,0.005884022,0.001288162,0.59574205,0.992574986,BARBUNYA,3
86190,1215.677,401.1833273,274.748003,1.460186509,0.728689692,88116,331.2710618,0.761765876,0.978142449,0.732875738,0.825734868,0.004654639,0.001334837,0.681838072,0.995610754,BARBUNYA,3
62209,977.978,344.174161,231.3978415,1.487369799,0.740253597,63383,281.4373089,0.779874135,0.981477683,0.817344065,0.817717716,0.005532546,0.001525873,0.668662263,0.994548056,BARBUNYA,3
61387,960.455,318.9882422,245.2603572,1.300610689,0.639405632,62237,279.5717366,0.803789347,0.986342529,0.83624249,0.876432732,0.005196348,0.001891265,0.768134334,0.999043726,BARBUNYA,0
192239,1729.088,678.5730082,364.1296181,1.863547963,0.843829857,194337,494.7386147,0.820272231,0.98920432,0.808010806,0.729086788,0.003529841,0.00061525,0.531567544,0.990601614,BOMBAY,1
74933,1081.712,373.0301535,256.024998,1.457006763,0.727282138,76038,308.8813021,0.728211856,0.985467792,0.804747598,0.828033067,0.004978183,0.001443581,0.68563876,0.998980311,BARBUNYA,3
198209,1672.222,617.1342071,412.1567577,1.497328857,0.744290547,200587,502.3619581,0.786762196,0.988144795,0.890728542,0.814023842,0.003113553,0.000843305,0.662634815,0.99218223,BOMBAY,1
87837,1180.408,406.6439618,275.963401,1.473543087,0.734474379,89534,334.4212043,0.777889955,0.981046306,0.792178534,0.822393139,0.004629529,0.001306275,0.676330476,0.996602097,BARBUNYA,3
80378,1110.875,412.633194,248.6089765,1.659767881,0.798123498,81448,319.9069367,0.711832585,0.986862784,0.818496211,0.775281633,0.005133658,0.001144049,0.601061611,0.997622757,BARBUNYA,3
158935,1504.266,546.7005455,372.9206027,1.465997163,0.731231334,160484,449.847004,0.706377778,0.990347947,0.88263294,0.822839867,0.003439774,0.000972682,0.677065446,0.992576023,BOMBAY,1
66444,1009.712,365.9156692,235.4520258,1.554098624,0.7654799,68423,290.859293,0.734074287,0.971076977,0.818974912,0.794880672,0.005507129,0.001356166,0.631835282,0.981934343,BARBUNYA,3
75871,1061.687,361.0556651,268.9466595,1.342480571,0.667187589,76977,310.8085544,0.808514493,0.985632072,0.845848674,0.860832787,0.00475881,0.001611956,0.741033087,0.994822522,BARBUNYA,3
145163,1449.277,535.8624458,346.3839439,1.547018721,0.762994828,146814,429.9154243,0.704613189,0.988754478,0.868486354,0.802286907,0.003691453,0.0009434,0.643664281,0.995760693,BOMBAY,1
58260,952.149,319.5159041,232.9670574,1.371506803,0.684380469,59309,272.3581023,0.735401782,0.982312971,0.80755203,0.852408593,0.00548431,0.001786048,0.72660041,0.996537405,BARBUNYA,3
38343,729.785,279.4803126,175.2427818,1.594817828,0.778994413,38680,220.952085,0.810634249,0.991287487,0.904703121,0.79058193,0.007288953,0.001756436,0.625019788,0.996792701,DERMASON,0
69518,1013.957,393.94202,228.4296567,1.724566003,0.814718959,71385,297.5114564,0.748084539,0.973846046,0.849704773,0.755216355,0.005666763,0.001137104,0.570351743,0.983609225,CALI,2
179759,1663.533,637.2804154,362.5224249,1.757906192,0.822435365,182091,478.4101455,0.776483344,0.987193217,0.816277201,0.750705865,0.003545193,0.000694543,0.563559296,0.990684375,BOMBAY,1
58153,989.011,324.2262804,229.3608779,1.413607601,0.706803541,59388,272.1078816,0.742050327,0.979204553,0.747101734,0.83925301,0.005575401,0.00170619,0.704345614,0.995668314,BARBUNYA,3
79223,1179.638,390.4522828,258.8339865,1.508504691,0.748700763,80831,317.6001518,0.721107197,0.980106642,0.715424222,0.813416046,0.004928522,0.001330906,0.661645663,0.998095587,BARBUNYA,3
68050,1030.992,382.7137348,227.2306962,1.684251913,0.80466034,69160,294.3534457,0.724059414,0.98395026,0.804502509,0.769121719,0.005624008,0.001213964,0.591548219,0.99631622,BARBUNYA,3
73347,1082.968,363.7976463,257.664828,1.411902622,0.705947522,74564,305.5949949,0.814830862,0.983678451,0.785888568,0.840013667,0.004959953,0.001523361,0.70562296,0.996270908,BARBUNYA,3
165950,1572.499,595.2191258,357.0544198,1.667026349,0.800097077,167660,459.6673824,0.743243848,0.989800787,0.843347118,0.772265814,0.003586738,0.000786949,0.596394487,0.994205324,BOMBAY,1
83168,1154.625,400.2559405,265.0542163,1.510090826,0.749316689,84772,325.4117184,0.71336181,0.981078658,0.783942498,0.813009091,0.00481262,0.001297009,0.660983782,0.998145546,BARBUNYA,3
74237,1065.145,369.0360907,257.734038,1.431848481,0.71570968,75569,307.4434649,0.746730909,0.982373725,0.822266905,0.833098639,0.004971053,0.001477114,0.694053342,0.993779224,BARBUNYA,3
48733,863.324,353.4646149,177.2423912,1.994244223,0.865190627,49160,249.0959308,0.6942814,0.991314076,0.821647206,0.704726641,0.007253085,0.001103533,0.496639639,0.99042073,HOROZ,2
69417,1047.174,366.4129998,243.3562738,1.505664901,0.747591875,70839,297.2952564,0.790266393,0.979926312,0.795496006,0.811366563,0.005278433,0.001411085,0.6583157,0.991202843,BARBUNYA,3
60595,956.082,327.7434485,236.1899254,1.387626708,0.69329395,61552,277.7623988,0.738495101,0.984452171,0.833021806,0.84749947,0.005408754,0.001721213,0.718255351,0.996670308,BARBUNYA,3
59758,953.234,350.9536995,220.0849284,1.594628501,0.778934484,60714,275.8373592,0.763836695,0.984254044,0.826431513,0.785965099,0.005872916,0.001382441,0.617741137,0.985067623,CALI,3
187645,1652.744,630.5905427,381.280443,1.653875918,0.79649867,189828,488.7914017,0.796641831,0.988500116,0.863248202,0.775132782,0.003360551,0.000748333,0.60083083,0.99369964,BOMBAY,1
64380,979.195,343.5301553,239.1536556,1.436441163,0.717881852,65278,286.3060633,0.796506161,0.986243451,0.843766856,0.83342338,0.005335976,0.001588021,0.694594531,0.997744176,BARBUNYA,3
94187,1189.983,436.3324045,275.3624198,1.584574993,0.775714461,95403,346.298445,0.788756574,0.98725407,0.835832615,0.793657407,0.004632618,0.001133806,0.62989208,0.998111239,BARBUNYA,3
69949,1119.198,367.4970117,243.0003603,1.512331139,0.750182489,71364,298.432292,0.785449605,0.980172076,0.701742086,0.812067262,0.005253785,0.001409354,0.659453238,0.997311666,BARBUNYA,3
43524,764.419,283.7772267,195.5546114,1.451140552,0.72465378,43869,235.4070474,0.715384615,0.992135677,0.935999721,0.829548763,0.006520017,0.001904567,0.68815115,0.99860404,SEKER,0
83018,1118.78,444.7359468,240.2116079,1.851434037,0.841586819,84398,325.1181332,0.740306759,0.983648902,0.833475316,0.731036327,0.005357103,0.000943769,0.534414112,0.989432476,CALI,2
180097,1628.676,605.1446051,381.9444587,1.584378543,0.775650795,182527,478.8597104,0.733963387,0.986686901,0.853192343,0.791314516,0.003360104,0.000812698,0.626178664,0.992104039,BOMBAY,1
67623,992.572,370.4864029,233.25416,1.588337816,0.776928378,68500,293.4284883,0.684554179,0.98719708,0.862542013,0.792008792,0.005478704,0.001329773,0.627277926,0.996329251,BARBUNYA,3
179180,1624.796,619.7963023,372.5204849,1.663791194,0.79922123,181677,477.6390495,0.800911854,0.986255828,0.852907069,0.770638753,0.003459071,0.000752563,0.593884088,0.988099115,BOMBAY,1
82477,1259.908,416.7420733,253.6238754,1.64315001,0.79348703,85026,324.0570597,0.685628543,0.970020935,0.652927638,0.777596217,0.005052828,0.001139543,0.604655877,0.99354031,BARBUNYA,3
40311,762.303,290.1587642,177.8756005,1.631245451,0.790060771,40886,226.5514495,0.772907679,0.985936506,0.871722344,0.780784445,0.007198005,0.001650124,0.609624349,0.994446946,SIRA,0
37851,726.205,263.247378,184.7009001,1.425263103,0.712546546,38379,219.5299296,0.769172932,0.986242476,0.901921526,0.833930166,0.006954833,0.002074843,0.695439522,0.991184291,SIRA,0
76794,1045.608,395.7538512,248.7498339,1.590971319,0.777771731,78051,312.6933923,0.73412615,0.983895145,0.882672017,0.790120908,0.005153448,0.001238944,0.624291049,0.993229154,CALI,3
71003,1076.435,365.1088878,248.9703306,1.466475491,0.731438824,72459,300.6722924,0.716160332,0.979905878,0.770035846,0.823514032,0.005142161,0.001458846,0.678175361,0.994527545,BARBUNYA,3
164571,1551.378,588.4700029,360.2032856,1.633716366,0.79077932,166960,457.7535419,0.774477277,0.985691184,0.859266569,0.777870647,0.003575782,0.00080757,0.605082743,0.988533581,BOMBAY,1
49426,893.226,361.0223466,175.0976048,2.061834866,0.874511437,49964,250.8607935,0.601487106,0.989232247,0.778471319,0.694862232,0.0073043,0.001050396,0.482833521,0.995522989,HOROZ,2
72900,1053.947,412.5586584,228.0735835,1.80888401,0.833296022,74237,304.6623751,0.65275788,0.981990113,0.824707318,0.738470443,0.005659241,0.001038175,0.545338595,0.986454264,CALI,2
203657,1685.938,605.7621375,432.3898213,1.400962991,0.70035497,206515,509.2191532,0.807355343,0.986160812,0.900380347,0.840625588,0.002974423,0.000916206,0.70665138,0.989992431,BOMBAY,1
72255,1067.662,367.9362959,251.7640547,1.461432993,0.729238221,73640,303.3115944,0.710108892,0.981192287,0.796544784,0.824358993,0.005092191,0.001450608,0.67956775,0.99314273,BARBUNYA,3
82805,1130.202,394.8044776,268.0019704,1.473140205,0.734302849,84138,324.7007861,0.724656072,0.98415698,0.814618526,0.822434406,0.004767882,0.001345583,0.676398353,0.996429608,BARBUNYA,3
174091,1588.111,584.7234815,383.24983,1.525697954,0.755249221,176822,470.8073338,0.750871245,0.984555089,0.867410103,0.805179454,0.003358723,0.000870813,0.648313954,0.989131273,BOMBAY,1
29580,693.583,247.4153091,152.5909797,1.621428145,0.787166732,30358,194.0680956,0.759337697,0.974372488,0.77270043,0.784381922,0.008364277,0.001953073,0.615254999,0.997591772,DERMASON,0
41978,821.864,337.1714639,160.0360674,2.106846721,0.880178416,42593,231.1883423,0.684885466,0.985561008,0.780965218,0.685669954,0.008032099,0.001095139,0.470143286,0.990519842,HOROZ,2
45149,855.291,358.1055864,165.2741151,2.166737279,0.887128025,47022,239.7613234,0.799946846,0.960167581,0.775586419,0.669526901,0.007931639,0.000983139,0.448266271,0.97127524,HOROZ,2
72433,1086.063,399.849623,231.0170136,1.73082327,0.816206888,73768,303.6849683,0.707526252,0.981902722,0.771678322,0.759497948,0.005520269,0.001133043,0.576837133,0.998403134,BARBUNYA,2
75647,1073.393,380.7445838,254.1714793,1.497983113,0.74455218,76811,310.3494028,0.713455753,0.984845921,0.825057195,0.8151118,0.005033175,0.001370536,0.664407246,0.995270834,BARBUNYA,3
146618,1460.102,551.0396701,340.3802019,1.618894598,0.786409556,148342,432.0646197,0.815631954,0.988378207,0.864232837,0.784089863,0.003758336,0.000876272,0.614796914,0.995291403,BOMBAY,1
75636,1108.609,404.0895988,239.0063265,1.690706705,0.806328001,77056,310.3268377,0.682309004,0.981571844,0.773359843,0.767965418,0.005342556,0.001146293,0.589770884,0.997129587,BARBUNYA,3
90861,1154.126,443.925665,262.0564228,1.694007955,0.807172237,92080,340.12912,0.7537267,0.986761512,0.857197561,0.766184852,0.004885767,0.001038596,0.587039228,0.994449122,CALI,3
91582,1202.076,436.0937539,268.1121509,1.626534838,0.788679996,93036,341.4759494,0.753538046,0.984371641,0.796445632,0.783033342,0.004761785,0.001104258,0.613141214,0.997295545,BARBUNYA,3
40142,735.881,265.0161237,193.2607067,1.371288185,0.684256607,40542,226.0760531,0.781855011,0.990133689,0.931523233,0.853065278,0.006601966,0.002156662,0.727720368,0.997914342,SEKER,0
71775,1027.656,353.4174388,259.7694409,1.36050429,0.678043723,72769,302.3024451,0.815032249,0.986340337,0.854058345,0.855369351,0.004923963,0.001625958,0.731656726,0.995422114,BARBUNYA,3
81085,1135.253,411.8972213,251.3405916,1.638801033,0.792245714,82646,321.3107973,0.767327201,0.981112214,0.790615034,0.780075176,0.00507982,0.00116031,0.60851728,0.997238747,BARBUNYA,3
76489,1079.856,423.7662385,234.1039673,1.810162567,0.833554939,78182,312.0718179,0.680053345,0.978345399,0.824284542,0.736424447,0.005540225,0.001005125,0.542320966,0.981689113,CALI,2
73343,1057.08,405.7892808,232.1361587,1.748065803,0.820211186,74096,305.5866619,0.812322789,0.989837508,0.824807919,0.753067359,0.005532761,0.001097633,0.567110447,0.991346379,CALI,3
79569,1096.596,371.6703988,273.0741723,1.361060241,0.678369042,80807,318.2929426,0.794173129,0.984679545,0.831496545,0.856384968,0.004671045,0.00154978,0.733395214,0.998195066,BARBUNYA,3
218983,1845.855,713.9672821,394.0538164,1.81185222,0.833896143,222086,528.032021,0.745626341,0.986027935,0.807653539,0.739574535,0.003260378,0.000601694,0.546970494,0.991029703,BOMBAY,1
46708,836.278,318.5278625,189.1915511,1.683626254,0.804497489,47367,243.8656857,0.762828679,0.98608736,0.839266313,0.765602368,0.006819557,0.00144527,0.586146985,0.986852454,SIRA,2
38542,744.351,276.7167368,177.5913628,1.558165512,0.766888511,39034,221.5247131,0.695478004,0.987395604,0.874155227,0.800546854,0.007179615,0.00181898,0.640875266,0.998589737,DERMASON,0
71223,1077.275,359.8341566,255.009528,1.411061616,0.705523751,72555,301.1377427,0.796945284,0.981641513,0.771217657,0.83687926,0.005052218,0.001528668,0.700366896,0.988260844,BARBUNYA,3
78476,1114.596,416.1887826,242.2492974,1.718018534,0.813141618,80209,316.0992669,0.677966687,0.978393946,0.79380122,0.759509338,0.005303389,0.001088594,0.576854435,0.99104661,BARBUNYA,2
69392,1065.193,383.8567096,230.4881579,1.665407512,0.79965957,70781,297.2417173,0.7613781,0.98037609,0.768533249,0.774355925,0.005531714,0.00122688,0.599627098,0.998623473,BARBUNYA,3
56644,961.412,343.1227678,210.5020018,1.630021401,0.78970336,57622,268.5542418,0.79567355,0.983027316,0.770095705,0.782676835,0.006057531,0.001402185,0.612583027,0.998523444,BARBUNYA,3
33132,671.793,238.166285,178.9587248,1.330844781,0.659844217,33522,205.3898065,0.812556714,0.988365849,0.922542895,0.862379856,0.007188407,0.002452488,0.743699015,0.989747953,DERMASON,0
77590,1074.368,409.1167193,245.2921089,1.667875584,0.800325986,79050,314.3098094,0.79888389,0.981530677,0.844713601,0.768264396,0.005272802,0.001133089,0.590230183,0.98443051,CALI,3
80984,1080.886,414.6725821,252.4371712,1.642676394,0.79335242,82866,321.1106216,0.768815979,0.977288635,0.871062474,0.774371481,0.005120426,0.001135751,0.599651191,0.985032856,CALI,3
52894,918.483,331.6248277,203.507299,1.629547586,0.789564751,53879,259.51249,0.717888165,0.981718295,0.787905315,0.782548435,0.006269611,0.001450325,0.612382053,0.997905697,BARBUNYA,3
66823,1033.42,379.3587849,225.0951627,1.685326243,0.804939475,68016,291.6876516,0.752375698,0.982460009,0.786288835,0.768896525,0.005677069,0.001223983,0.591201867,0.996368021,BARBUNYA,3
38624,727.337,270.6032145,182.7897977,1.480406554,0.737369038,39035,221.7602403,0.78914678,0.989470988,0.917478193,0.819503348,0.00700609,0.001949209,0.671585737,0.994219928,DERMASON,0
58361,919.022,328.5385737,227.1540301,1.446325093,0.722465006,59350,272.5940811,0.717159429,0.983336142,0.868321937,0.829717126,0.00562942,0.001645749,0.688430509,0.99569432,BARBUNYA,3
188980,1696.319,650.0019914,374.7298894,1.734588059,0.817093087,192822,490.5270728,0.645608713,0.980074888,0.82529774,0.754654723,0.003439528,0.000688132,0.569503751,0.987854406,BOMBAY,1
39330,739.666,272.6571892,183.8340801,1.483169982,0.738520015,39753,223.7778168,0.787072243,0.989359294,0.903363415,0.820729567,0.00693255,0.001940319,0.673597022,0.999058883,SIRA,0
32713,660.043,215.4163208,193.4864621,1.113340533,0.43959156,33020,204.0869551,0.799516082,0.990702604,0.943595321,0.947407115,0.006585037,0.003272537,0.897580242,0.999312465,SEKER,0
72515,1103.397,386.0047317,239.8623866,1.60927579,0.783495444,73844,303.8568176,0.698065075,0.9820026,0.748469517,0.787184178,0.005323102,0.001260811,0.619658931,0.997202115,BARBUNYA,3
37423,720.829,265.9007566,179.8417138,1.478526594,0.736581302,37870,218.2852342,0.793364427,0.988196462,0.905073736,0.820927466,0.007105276,0.001990581,0.673921904,0.996411457,DERMASON,0
73849,1063.155,397.3697444,237.6445606,1.672117987,0.801463328,74917,306.638985,0.732985281,0.985744224,0.821034319,0.771671697,0.005380841,0.001176956,0.595477208,0.995708151,BARBUNYA,3
72021,1065.356,388.5145897,237.0745041,1.638786892,0.792241659,73318,302.8200542,0.704899581,0.982309938,0.797406,0.779430328,0.005394463,0.00122811,0.607511637,0.995582107,BARBUNYA,3
75019,1108.267,394.022912,242.8951514,1.622193402,0.787394597,76241,309.0585016,0.744132759,0.983971879,0.767524648,0.784366828,0.005252308,0.001226329,0.615231321,0.998024189,BARBUNYA,3
61788,975.206,337.7904999,233.2393361,1.448256994,0.723346534,62654,280.4833774,0.760187008,0.986178057,0.816434358,0.830347145,0.005466927,0.001603105,0.689476382,0.998538993,BARBUNYA,3
82845,1137.84,404.1093684,261.6892488,1.544233744,0.762005663,84027,324.779202,0.757633954,0.985933093,0.804106869,0.803691346,0.004877897,0.001255364,0.645919779,0.997451118,BARBUNYA,3
66906,1019.347,369.0277304,231.2796933,1.595590711,0.779238792,67928,291.8687462,0.756410256,0.984954658,0.809153342,0.790912775,0.005515615,0.001331337,0.625543017,0.998110628,BARBUNYA,3
79821,1153.44,399.7272703,254.8191037,1.568670734,0.770464909,81088,318.796571,0.718137652,0.984375,0.753940394,0.797535206,0.005007796,0.001249758,0.636062406,0.99777248,BARBUNYA,3
44830,814.955,320.7319468,178.4058376,1.797765988,0.831017734,45297,238.9128058,0.658877131,0.989690266,0.848225541,0.744898686,0.007154404,0.001358758,0.554874053,0.9975337,SIRA,2
59135,1064.665,343.159616,219.8602324,1.560808029,0.767796508,61028,274.395737,0.69358433,0.968981451,0.655584249,0.799615468,0.005802987,0.001463377,0.639384897,0.997957081,BARBUNYA,3
39318,746.921,279.8154344,179.4510188,1.55928585,0.767274166,39764,223.7436757,0.791711973,0.988783825,0.885629231,0.79961163,0.007116726,0.001794636,0.63937876,0.996974253,DERMASON,0
37537,742.621,294.2614873,162.9060461,1.806326372,0.832776187,37949,218.6174577,0.732229245,0.989143324,0.855332496,0.742936018,0.007839238,0.001473192,0.551953927,0.997008934,DERMASON,2
80391,1097.037,396.4838122,259.699313,1.526703354,0.755623595,81413,319.9328058,0.741744402,0.987446722,0.83941117,0.806925267,0.004931943,0.001289826,0.651128386,0.99407989,BARBUNYA,3
46127,862.115,358.660967,166.1243558,2.158990867,0.886264568,47134,242.344219,0.727635543,0.97863538,0.779892369,0.675691646,0.00777551,0.000999776,0.4565592,0.985707143,HOROZ,2
74685,1046.325,404.9604556,235.0267012,1.723040206,0.81435326,75389,308.3697381,0.745336966,0.990661768,0.857255036,0.761481112,0.005422246,0.001124593,0.579853484,0.999110867,BARBUNYA,3
40971,769.264,296.3083827,177.5063445,1.669283335,0.80070453,41552,228.3985494,0.785426731,0.98601752,0.87003277,0.770813662,0.007232149,0.00157487,0.594153701,0.991810871,SIRA,0
91751,1146.703,445.1761203,264.3705338,1.683909753,0.804571307,92725,341.7908739,0.670870989,0.989495821,0.876836809,0.767765516,0.004852003,0.001039957,0.589463888,0.99260399,CALI,3
79755,1101.326,394.7535936,258.281084,1.528387552,0.756248661,81023,318.6647453,0.805020591,0.984350123,0.826296664,0.807249764,0.004949578,0.001296521,0.651652181,0.995977082,BARBUNYA,3
70089,1065.125,438.4463739,207.3544501,2.114477764,0.881099995,71449,298.7307926,0.682343893,0.980965444,0.776351812,0.681339408,0.006255566,0.000831573,0.464223388,0.981590032,HOROZ,2
44870,846.28,354.6021806,161.6441615,2.193720932,0.890058409,45511,239.0193682,0.7169335,0.985915493,0.787295518,0.674049347,0.007902879,0.00100631,0.454342522,0.996700701,HOROZ,2
76455,1065.907,370.7141126,263.9559258,1.404454594,0.702159011,77338,312.0024509,0.765215738,0.988582586,0.845623664,0.841625502,0.004848788,0.001500682,0.708333485,0.994822217,BARBUNYA,3
89817,1219.789,421.6890333,271.8926923,1.550939195,0.764376131,91438,338.1694194,0.796610169,0.982272141,0.7585758,0.801940275,0.00469498,0.001197793,0.643108205,0.997421721,BARBUNYA,3
58910,993.443,358.499459,209.8883902,1.708048066,0.810698681,60140,273.8732217,0.761209459,0.979547722,0.750089315,0.763943194,0.006085545,0.001278567,0.583609204,0.996832571,BARBUNYA,3
68999,1012.123,391.5149719,225.3661337,1.7372396,0.817713211,69656,296.3988113,0.676440889,0.990567934,0.846420303,0.757056135,0.005674212,0.001149735,0.573133991,0.995671065,BARBUNYA,2
25684,596.865,228.310897,143.8543837,1.587097252,0.776529325,25969,180.8366237,0.688357633,0.989025376,0.905983524,0.792063042,0.008889227,0.002158156,0.627363863,0.995687463,DERMASON,0
180948,1578.418,571.5790899,404.2273452,1.414004017,0.707001977,182446,479.9897386,0.7398013,0.991789351,0.912682244,0.839760843,0.003158803,0.000969002,0.705198274,0.997153192,BOMBAY,1
77455,1150.021,416.5159754,239.3780854,1.739992091,0.818353453,79244,314.0362542,0.769211671,0.977424158,0.735949103,0.753959686,0.005377522,0.0010719,0.568455209,0.989107567,BARBUNYA,3
22227,544.406,197.9233017,143.9369164,1.375069765,0.686387682,22438,168.2269163,0.719786269,0.99059631,0.942420897,0.849960135,0.008904634,0.002866752,0.722432231,0.993394718,DERMASON,0
50079,969.891,367.5363943,175.2764155,2.096895884,0.878960055,51359,252.512501,0.621929411,0.975077396,0.668990042,0.687040807,0.007339132,0.001008683,0.472025071,0.989787428,HOROZ,2
78863,1118.732,399.7921103,252.0228442,1.586332825,0.776282863,80572,316.8777212,0.687247281,0.978789158,0.791828331,0.79260624,0.005069451,0.001234158,0.628224651,0.996573386,BARBUNYA,3
32802,712.924,243.6567001,174.2200369,1.398557275,0.699101382,33750,204.3643891,0.660106255,0.971911111,0.811005348,0.83873905,0.007428105,0.002267594,0.703483194,0.983861539,DERMASON,0
73913,1062.106,363.6795049,259.5083294,1.401417464,0.700590814,74902,306.771828,0.727060791,0.98679608,0.823369868,0.843522453,0.004920373,0.001536612,0.711530128,0.997150748,BARBUNYA,3
196264,1668.132,628.0231974,400.8060181,1.566900618,0.769868483,198006,499.8910741,0.834455782,0.991202287,0.886318231,0.795975493,0.00319989,0.000792344,0.633576985,0.99275217,BOMBAY,1
43657,768.419,280.9669904,199.0251555,1.41171597,0.705853558,44059,235.7664497,0.750894393,0.990875871,0.929110918,0.839125085,0.006435783,0.001968285,0.704130908,0.994032848,SIRA,0
49309,867.448,304.0723235,206.8129106,1.470277279,0.733078706,50235,250.5637019,0.778456632,0.981566637,0.823472611,0.824026663,0.00616667,0.001753862,0.679019941,0.998347591,BARBUNYA,0
31637,656.711,229.7192546,175.510446,1.308863717,0.645190802,32045,200.702465,0.761823348,0.987267905,0.921842182,0.873685862,0.007261095,0.002609775,0.763326986,0.999090996,SEKER,0
67533,997.712,358.1463031,241.2795039,1.48436273,0.739014263,68874,293.2331601,0.747377158,0.980529663,0.852541473,0.818752442,0.005303278,0.001470059,0.670355561,0.99505081,BARBUNYA,3
78310,1095.037,406.6826303,245.6847404,1.655302766,0.796894049,79412,315.7647681,0.736023911,0.986123004,0.820671781,0.776440262,0.00519324,0.001164261,0.60285948,0.997914965,BARBUNYA,3
80340,1105.488,428.2028752,240.5628595,1.780004096,0.827275491,81292,319.8313071,0.749734038,0.988289131,0.826101909,0.746915366,0.005329884,0.001023253,0.557882563,0.993033248,CALI,2
50107,912.961,387.3094391,165.2842386,2.34329324,0.904369714,50690,252.5830831,0.582504069,0.988498718,0.755446675,0.652148018,0.007729647,0.000862431,0.425297037,0.996595673,HOROZ,2
55596,947.733,314.7614494,225.636432,1.394993914,0.697228444,56806,266.0583126,0.770262407,0.978699433,0.777824116,0.84526969,0.005661584,0.001782785,0.714480848,0.996696435,BARBUNYA,3
179725,1592.405,591.5388324,388.9329689,1.52092746,0.75346017,181562,478.3648996,0.79726121,0.989882244,0.890658652,0.808678777,0.003291355,0.000868278,0.653961365,0.994627797,BOMBAY,1
37414,716.226,262.3377053,182.2270056,1.439620349,0.719369532,37914,218.2589845,0.744201774,0.986812259,0.916523998,0.831977181,0.007011752,0.002072297,0.69218603,0.996485093,DERMASON,0
78161,1149.645,418.699731,242.0044926,1.730132059,0.816043449,80292,315.4642231,0.683799342,0.973459373,0.74314312,0.753437845,0.005356888,0.001064834,0.567668587,0.98214162,BARBUNYA,2
155524,1523.825,559.7562847,360.2629506,1.553743686,0.765356315,159126,444.9936033,0.817506124,0.97736385,0.841660785,0.794977413,0.003599163,0.000886749,0.631989088,0.981949054,BOMBAY,1
77026,1133.607,396.3590173,248.1558386,1.597218182,0.779751973,78612,313.1653703,0.703562294,0.979824963,0.753220569,0.790105325,0.005145782,0.001237004,0.624266425,0.997089685,BARBUNYA,3
62911,950.094,361.4241806,222.9701851,1.620952955,0.787025042,63883,283.0207996,0.777254757,0.984784685,0.875796694,0.783071014,0.005745008,0.001332524,0.613200213,0.993968698,CALI,3
95349,1276.178,483.6912557,252.0172274,1.919278538,0.853538904,96842,348.4280663,0.692666449,0.984583135,0.735704648,0.720352213,0.005072851,0.000842581,0.51890731,0.995927664,BARBUNYA,2
203296,1716.579,627.5124928,416.8053569,1.505528858,0.747538554,205470,508.7676351,0.765018439,0.98941938,0.866984049,0.810768934,0.003086694,0.000822738,0.657346265,0.989653771,BOMBAY,1
86131,1137.663,413.0687207,266.268225,1.551325626,0.764511581,87730,331.1576592,0.695418029,0.981773624,0.836261467,0.801701128,0.004795819,0.00122206,0.642724698,0.997075294,BARBUNYA,3
30851,679.853,269.667569,145.9842504,1.847237413,0.840798034,31209,198.1936255,0.663291194,0.98852895,0.838781944,0.734955361,0.008740967,0.001573197,0.540159383,0.997802621,DERMASON,2
59508,928.142,343.7419182,222.095662,1.547720091,0.763242897,60177,275.2597661,0.783783784,0.988882796,0.868073237,0.80077451,0.005776398,0.001465136,0.641239816,0.992459746,BARBUNYA,3
60110,949.622,345.9102405,222.2243718,1.556581025,0.766341327,61062,276.6485659,0.727539003,0.984409289,0.837635466,0.799769806,0.005754621,0.0014523,0.639631743,0.995638634,BARBUNYA,3
40674,748.346,275.7774682,188.3993784,1.463791816,0.730271295,41111,227.5692098,0.7091746,0.989370242,0.912687001,0.825191453,0.00678019,0.00193928,0.680940934,0.996755767,SIRA,0
77063,1129.944,402.7253779,245.2669919,1.641987676,0.793156424,78491,313.2405769,0.691024032,0.981806831,0.75847616,0.777801932,0.005225924,0.001179829,0.604975845,0.993362882,BARBUNYA,3
222737,1847.94,722.4940683,396.6969714,1.821274475,0.835778955,225516,532.538784,0.83655204,0.987677149,0.819646328,0.737083953,0.003243709,0.000590595,0.543292754,0.989485225,BOMBAY,1
65425,984.708,325.0131639,257.4804424,1.262282917,0.610241524,66436,288.620334,0.816424578,0.984782347,0.84788834,0.888026597,0.004967721,0.00190564,0.788591237,0.995425248,BARBUNYA,0
48545,890.521,360.9889612,171.8947746,2.100057794,0.879349254,49372,248.6149909,0.601116917,0.983249615,0.769247403,0.688705245,0.007436172,0.00103196,0.474314914,0.996088732,HOROZ,2
71085,1049.342,383.9366687,236.9052898,1.620633584,0.78692973,72146,300.8458626,0.799426451,0.98529371,0.811248151,0.783582,0.005401093,0.001256028,0.61400075,0.995070236,BARBUNYA,3
57563,986.047,343.6359124,213.958916,1.606083629,0.782514323,58779,270.7240069,0.710926404,0.979312339,0.743974503,0.787822219,0.005969736,0.00141856,0.620663848,0.996838046,BARBUNYA,3
45982,803.092,261.3146512,224.2230512,1.165422778,0.513553275,46659,241.9630152,0.77270283,0.985490473,0.895915647,0.925945079,0.005682977,0.002576894,0.857374289,0.999203525,SEKER,0
80286,1211.485,411.5015508,249.2263805,1.651115544,0.795730297,81587,319.7238028,0.779044606,0.984053832,0.687406449,0.776968646,0.005125446,0.001152193,0.603680277,0.996745889,BARBUNYA,3
166757,1565.85,588.4357894,364.0076394,1.616547912,0.785704391,169717,460.7836876,0.743660753,0.982559201,0.854660484,0.783065367,0.003528702,0.00081844,0.61319137,0.991253228,BOMBAY,1
35795,684.955,227.565012,200.5136154,1.134910522,0.472880198,36124,213.4844479,0.76801768,0.990892481,0.958756122,0.938125093,0.006357452,0.003037427,0.880078689,0.998810565,SEKER,0
169559,1575.747,591.4136202,368.1300911,1.606534305,0.782653269,172319,464.6388102,0.736655747,0.983983194,0.858139183,0.785641038,0.003487952,0.000819685,0.61723184,0.991604125,BOMBAY,1
38607,754.254,287.6272745,171.7106049,1.675069951,0.802248682,39130,221.7114321,0.78905739,0.986634296,0.852787205,0.770828957,0.007450133,0.001622467,0.594177281,0.995288509,SIRA,0
57883,970.771,412.5618036,179.3304674,2.300567269,0.900587195,58410,271.4754585,0.669477215,0.990977572,0.771840046,0.658023734,0.007127512,0.000824297,0.432995235,0.996134664,HOROZ,2
62005,960.799,350.4905657,226.1835632,1.549584597,0.763900332,62953,280.9754757,0.798714431,0.984941147,0.844056446,0.801663449,0.005652618,0.001440117,0.642664286,0.995862678,BARBUNYA,3
184018,1653.655,627.8334712,376.1729395,1.66900222,0.800629029,186286,484.0444138,0.827895551,0.987825172,0.845629945,0.770975802,0.003411805,0.000743579,0.594403687,0.992061073,BOMBAY,1
67906,1076.897,376.5490121,230.2220141,1.635590817,0.791321811,69325,294.0418415,0.755703443,0.979531194,0.735816765,0.780885972,0.005545151,0.001271873,0.609782902,0.997355314,BARBUNYA,3
89600,1151.504,440.5665481,261.6907208,1.683539052,0.804474775,90899,337.7606597,0.747663551,0.985709414,0.849155001,0.766650716,0.004917037,0.001047788,0.587753321,0.989505669,CALI,3
82950,1111.235,426.1205902,249.6289112,1.707016179,0.810442979,84409,324.9849539,0.77789448,0.982715113,0.844139905,0.762659588,0.005137078,0.001072059,0.581649647,0.992885359,CALI,3
162374,1557.833,580.9771111,357.4782703,1.625209584,0.788288933,164508,454.6878026,0.787153384,0.987027986,0.840784225,0.782626017,0.003578018,0.000828017,0.612503483,0.995446531,BOMBAY,1
81997,1141.172,407.5545701,258.7221266,1.575259818,0.772663417,83673,323.1127094,0.822874748,0.979969644,0.791235224,0.792808456,0.00497036,0.001211269,0.628545248,0.990122072,BARBUNYA,3
42769,763.413,282.8155597,193.1404502,1.464299992,0.730493012,43159,233.3563414,0.773791431,0.990963646,0.92218883,0.825118468,0.00661263,0.001890685,0.680820487,0.996925433,SIRA,0
65930,1024.555,366.8341091,229.4159981,1.598990969,0.780308812,67081,289.7320886,0.752634162,0.982841639,0.789264166,0.789817744,0.005563994,0.001335592,0.623812069,0.997469865,BARBUNYA,3
72960,1063.457,382.7319153,244.0928528,1.567976739,0.770231369,74227,304.7877248,0.776566757,0.982930739,0.810690009,0.796347816,0.005245777,0.00130137,0.634169844,0.994363563,BARBUNYA,3
57187,898.194,326.1756939,224.4836173,1.453004445,0.725493384,57817,269.8383773,0.691917725,0.989103551,0.89077266,0.827279231,0.005703669,0.001647944,0.684390926,0.994423058,BARBUNYA,0
74399,1070.161,409.6716791,235.065259,1.742799769,0.819002898,76275,307.7787337,0.771205855,0.975404785,0.816354371,0.751281451,0.005506414,0.00108208,0.564423819,0.983677702,CALI,2
179474,1655.841,611.4539473,377.6808177,1.61897009,0.786432179,183984,478.0307459,0.788065338,0.975486999,0.822572417,0.78179354,0.003406922,0.000785073,0.611201139,0.989516363,BOMBAY,1
182976,1623.533,617.4970769,380.3828735,1.623356676,0.787740233,184527,482.67202,0.793546708,0.991594726,0.872331896,0.781658793,0.003374744,0.000777122,0.610990469,0.991855457,BOMBAY,1
83492,1168.303,425.0382554,251.072027,1.692893711,0.806887939,85361,326.0449602,0.670753163,0.978104755,0.768676749,0.767095564,0.005090766,0.001087329,0.588435604,0.996158933,BARBUNYA,3
165366,1566.762,592.0672143,360.1940718,1.643745027,0.793655948,168206,458.8578544,0.85841985,0.983115941,0.846544955,0.775009734,0.003580344,0.00079677,0.600640088,0.987299158,BOMBAY,1
54349,929.772,383.4831858,181.573601,2.111998571,0.880801791,55056,263.0575907,0.816198114,0.987158529,0.790038935,0.685969034,0.007055938,0.000963724,0.470553516,0.993808354,HOROZ,2
43145,799.426,273.4029446,201.2668862,1.358409969,0.676813217,43812,234.379863,0.766123304,0.98477586,0.848367064,0.857268978,0.00633684,0.002111159,0.734910101,0.998309207,BARBUNYA,0
175387,1587.972,603.2318039,372.2073688,1.62068743,0.786945804,176888,472.5565194,0.797228131,0.991514405,0.874020427,0.783374677,0.003439433,0.000798996,0.613675884,0.994576791,BOMBAY,1
164968,1551.497,575.8143385,367.2202006,1.568035575,0.770251183,166784,458.3053362,0.786258305,0.989111665,0.861207281,0.795925536,0.003490461,0.000864077,0.633497459,0.993346553,BOMBAY,1
147044,1438.437,527.3416878,356.5589039,1.478974952,0.736769522,148317,432.6918483,0.808845128,0.991417032,0.893049396,0.820515158,0.003586285,0.0010027,0.673245125,0.995712676,BOMBAY,1
50683,861.87,336.1397512,192.7412118,1.743995215,0.81927831,51326,254.0307065,0.733345873,0.987472236,0.857410207,0.755729442,0.006632199,0.001334451,0.571126989,0.996042737,SIRA,2
158140,1564.995,536.7652652,378.4083166,1.418481681,0.709228037,160990,448.7205161,0.829286711,0.982297037,0.811382599,0.835971597,0.003394241,0.001022559,0.698848511,0.991303812,BOMBAY,1
68638,1006.709,326.932818,269.3799602,1.213649366,0.566646208,69930,295.6224211,0.770347924,0.981524382,0.851072547,0.904229875,0.004763146,0.001964215,0.817631667,0.992318154,BARBUNYA,0
71482,1073.571,379.7632629,240.4227113,1.579564846,0.774081668,72843,301.6847844,0.800649642,0.981315981,0.779372389,0.794402234,0.005312712,0.001305142,0.631074909,0.996823742,BARBUNYA,3
63231,934.028,355.6625584,227.2279162,1.56522387,0.76930122,63775,283.7396864,0.761158995,0.991470012,0.910793921,0.79777778,0.005624813,0.001405451,0.636449387,0.996185773,CALI,3
149231,1447.234,537.3857065,354.9290902,1.514064982,0.750849239,150684,435.8977065,0.746845832,0.990357304,0.895347034,0.811144958,0.003601033,0.000961614,0.657956143,0.996188356,BOMBAY,1
65459,1000.764,348.1530579,241.1968376,1.443439563,0.721139717,66423,288.6953193,0.713488473,0.985486955,0.821326588,0.829219542,0.005318643,0.001551168,0.687605049,0.992516332,BARBUNYA,3
65806,1042.863,361.1261924,234.7003283,1.53866931,0.760009273,67326,289.4594989,0.707469683,0.977423284,0.76036276,0.801546675,0.00548774,0.001397296,0.642477073,0.988559754,BARBUNYA,3
36115,695.367,251.9558192,183.4432137,1.373481276,0.685495454,36515,214.4365784,0.763353131,0.989045598,0.938575752,0.851088017,0.006976487,0.002257951,0.724350812,0.994882277,DERMASON,0
40574,755.384,279.5383619,186.0400771,1.502570662,0.746374574,41130,227.2892899,0.716361518,0.986481887,0.893556721,0.813088008,0.006889593,0.001857478,0.661112109,0.99336766,SIRA,0
39571,723.964,264.3090446,190.9827964,1.383941641,0.691293767,39867,224.4623844,0.807670327,0.992575313,0.948752531,0.849242162,0.006679362,0.002143093,0.72121225,0.998115664,DERMASON,0
37277,710.193,264.78984,179.8084224,1.472622008,0.734081956,37684,217.8590152,0.802691645,0.98919966,0.928748324,0.822761988,0.007103303,0.002007877,0.676937289,0.99687275,DERMASON,0
159596,1509.379,536.5140723,379.8883152,1.412294221,0.706144499,161161,450.7814752,0.765492498,0.990289214,0.880309238,0.840204383,0.003361701,0.001033424,0.705943406,0.996999792,BOMBAY,1
154364,1481.35,556.1528852,353.8528242,1.571706786,0.77148213,155283,443.3309701,0.813058318,0.994081773,0.883976102,0.797138668,0.003602867,0.000897353,0.635430056,0.998709732,BOMBAY,1
135403,1381.938,523.2554269,332.1957763,1.575141721,0.772624311,137618,415.2113366,0.787849695,0.983904722,0.890965798,0.793515586,0.00386443,0.00094512,0.629666985,0.991814739,BOMBAY,1
171308,1592.272,603.421354,363.3694615,1.660627592,0.798358861,173826,467.0290354,0.786621177,0.98551425,0.849088566,0.773968359,0.003522435,0.000779679,0.599027021,0.9947608,BOMBAY,1
54137,905.416,356.3926718,195.4373656,1.823564653,0.836231556,54769,262.5440329,0.763245453,0.988460626,0.829865519,0.736670683,0.006583163,0.001195936,0.542683695,0.989618804,CALI,2
39255,754.365,293.3298038,171.3107425,1.712267424,0.811738605,39769,223.5643494,0.716397482,0.98707536,0.866845672,0.762160362,0.007472419,0.001555344,0.580888417,0.994636314,SIRA,2
162866,1518.137,572.2055991,363.5925914,1.573754836,0.772164249,164395,455.3761431,0.811566616,0.990699231,0.888011038,0.795826087,0.003513352,0.000869309,0.633339161,0.996720568,BOMBAY,1
183019,1641.758,624.6280809,375.9565751,1.661436778,0.798579995,184890,482.7287315,0.716751846,0.989880469,0.853272521,0.772825856,0.003412914,0.000750986,0.597259804,0.992309405,BOMBAY,1
39621,769.466,284.2134329,179.99725,1.57898764,0.773892337,40781,224.6041496,0.687912355,0.971555381,0.84092338,0.790265778,0.007173303,0.001725805,0.624519999,0.98610936,SIRA,0
203686,1722.932,660.997605,394.6847598,1.674748235,0.80216333,206087,509.2554073,0.790961373,0.988349581,0.862253109,0.770434573,0.003245179,0.00070528,0.593569431,0.994079357,BOMBAY,1
77724,1121.666,401.7467361,247.3877496,1.62395566,0.787917857,79022,314.581103,0.702196283,0.983574195,0.776314853,0.783033376,0.005168889,0.001198666,0.613141268,0.995714232,BARBUNYA,3
43220,747.775,252.0251914,218.8593068,1.15153975,0.495859954,43537,234.5834886,0.77958153,0.992718837,0.971298557,0.930793812,0.005831217,0.002699932,0.86637712,0.997667692,SEKER,0
73501,1247.283,354.308875,265.507911,1.334456942,0.662153191,75625,305.9156416,0.687387775,0.97191405,0.59370828,0.863415125,0.004820463,0.001652522,0.745485678,0.994818538,BARBUNYA,3
41130,767.813,268.9152404,197.6332955,1.360677814,0.678145321,42068,228.8413041,0.705367861,0.977702767,0.876713414,0.850979304,0.006538177,0.00211501,0.724165776,0.985356305,SIRA,0
79828,1120.981,352.0899634,289.4997465,1.216201284,0.569152015,81337,318.8105494,0.730323407,0.981447558,0.798304559,0.905480367,0.004410607,0.001828918,0.819894695,0.997156981,BARBUNYA,3
44924,817.215,282.1488206,203.1618504,1.388788397,0.693920006,45772,239.1631521,0.79427157,0.98147339,0.845309254,0.847648952,0.006280581,0.002000063,0.718508746,0.997856609,BARBUNYA,0
69852,1094.715,378.0915219,236.3665557,1.599598221,0.780499036,70620,298.2252985,0.76881253,0.989124894,0.732464484,0.788764839,0.005412752,0.001292373,0.622149972,0.995189988,BARBUNYA,3
62716,937.448,356.9927877,224.568972,1.58967993,0.777358815,63313,282.5818311,0.775037074,0.990570657,0.89679637,0.791561737,0.005692212,0.001378479,0.626569984,0.996045728,CALI,3
65653,1142.436,351.9454687,237.8849058,1.479477933,0.736980411,67253,289.1228041,0.785069415,0.97620924,0.632121672,0.821498868,0.005360691,0.001506012,0.67486039,0.998441055,BARBUNYA,3
168313,1526.465,526.0285073,408.3425662,1.288203951,0.630394919,169751,462.9284691,0.798115587,0.991528769,0.90772401,0.880044451,0.003125299,0.001156351,0.774478236,0.997685924,BOMBAY,1
60874,921.145,310.3337608,250.9693725,1.23654037,0.588210412,61578,278.4011208,0.8203822,0.988567345,0.901541464,0.897102268,0.005097969,0.002036783,0.80479248,0.995158391,BARBUNYA,0
36814,719.256,265.8447609,176.8942783,1.502845448,0.746483062,37293,216.5018259,0.798360514,0.987155766,0.894243692,0.814391922,0.007221295,0.001959425,0.663234203,0.996738503,SIRA,0
61320,971.046,339.1516004,230.9590196,1.468449256,0.732292245,62409,279.4191276,0.770739065,0.982550594,0.817207611,0.823876777,0.005530848,0.001571884,0.678772944,0.996743625,BARBUNYA,3
39802,750.551,279.3769561,183.5040179,1.522456889,0.754036038,40728,225.1165928,0.796693288,0.977263799,0.887880143,0.80578082,0.007019169,0.001825295,0.64928273,0.988504965,SIRA,0
57779,949.15,329.2330424,223.8914482,1.470502983,0.733175547,58873,271.2314651,0.716443265,0.981417628,0.805953863,0.823828201,0.005698144,0.001619048,0.678692905,0.998019941,BARBUNYA,3
76163,1067.403,370.0119166,262.940445,1.407208072,0.703568986,77251,311.4060748,0.777094174,0.98591604,0.840034394,0.841610934,0.004858158,0.001503477,0.708308965,0.996738092,BARBUNYA,3
77356,1098.053,396.2378894,251.3573304,1.576392814,0.773038052,78978,313.8354955,0.740163809,0.979462635,0.80622686,0.792038076,0.005122264,0.001243443,0.627324314,0.98890954,BARBUNYA,3
38751,739.551,271.1629633,182.2863325,1.48756607,0.740334155,39175,222.1245272,0.792940454,0.989176771,0.890341303,0.819155111,0.006997573,0.001943532,0.671015095,0.998179289,SIRA,0
53552,937.555,336.4962468,203.6038358,1.65270092,0.79617216,54684,261.1216653,0.689214929,0.979299247,0.765582593,0.776001717,0.006283542,0.001405513,0.602178665,0.995221234,BARBUNYA,2
54180,951.753,388.728347,178.9482034,2.172295333,0.887741362,55014,262.6482791,0.580209895,0.984840222,0.75162351,0.675660217,0.007174757,0.00092236,0.456516728,0.991689158,HOROZ,2
69018,1036.307,403.3788349,219.2340715,1.839945918,0.8394129,69793,296.4396176,0.797131077,0.988895735,0.807598253,0.734891353,0.005844545,0.001051533,0.5400653,0.993690944,CALI,2
159402,1508.083,529.6845988,384.0243698,1.379299442,0.688742833,161419,450.5074138,0.781190885,0.987504569,0.880750993,0.85052013,0.003322948,0.00107261,0.723384492,0.997763825,BOMBAY,1
80451,1122.763,414.4390978,248.1946222,1.669814979,0.800847193,81753,320.0521748,0.814809188,0.984073979,0.801982933,0.772253816,0.005151447,0.001130184,0.596375957,0.995837505,BARBUNYA,3
33961,690.353,238.1924989,181.6542972,1.311240651,0.646827292,34379,207.9434735,0.770405154,0.987841415,0.895463526,0.87300597,0.007013707,0.002513022,0.762139423,0.999348194,SEKER,0
70341,1168.554,402.9134374,223.4911531,1.802816048,0.832058583,71605,299.2673434,0.673325803,0.982347601,0.647322689,0.742758408,0.005728003,0.001075408,0.551690053,0.994595681,BARBUNYA,2
72756,1090.293,366.1897586,253.5604934,1.444190906,0.721485799,74089,304.3613253,0.809677491,0.982008125,0.769116681,0.831157393,0.005033121,0.001481666,0.690822613,0.997679735,BARBUNYA,3
96902,1207.71,477.898672,260.2467353,1.836329172,0.838718853,97688,351.2541222,0.736365363,0.991953976,0.834866971,0.734997067,0.004931773,0.000887821,0.540220688,0.99202301,CALI,2
132399,1335.884,486.8595673,346.5807118,1.404750901,0.702311275,133434,410.5796421,0.789965454,0.992243356,0.93230298,0.84332253,0.003677215,0.001147291,0.71119289,0.999048853,BOMBAY,1
64595,1013.236,374.3757955,220.2918279,1.699453852,0.808552289,65684,286.783731,0.68092934,0.98342062,0.790655949,0.766031711,0.00579574,0.00123105,0.586804582,0.997247307,BARBUNYA,2
24070,561.19,197.7759664,155.389835,1.27277287,0.618625326,24320,175.0624912,0.781645775,0.989720395,0.960430862,0.885155535,0.0082167,0.003111398,0.78350032,0.997217952,DERMASON,0
65908,990.132,361.1048099,233.0238408,1.54964749,0.763922457,66692,289.6837446,0.71800682,0.988244467,0.844815365,0.802215137,0.005478922,0.001399711,0.643549126,0.997274288,BARBUNYA,3
52371,841.309,281.5560374,237.2384123,1.186806279,0.538543831,52919,258.226312,0.757846755,0.989644551,0.929800255,0.917140028,0.005376182,0.002346369,0.841145831,0.998277153,SEKER,0
58932,928.906,341.4329234,220.0762982,1.551429782,0.764548068,59770,273.9243561,0.719086317,0.985979588,0.858257304,0.802278683,0.005793676,0.001480591,0.643651085,0.998579463,BARBUNYA,3
68942,1072.869,368.5849917,238.6227999,1.544634427,0.762148386,70514,296.2763586,0.713020995,0.977706555,0.752662621,0.803821006,0.005346305,0.0013768,0.646128209,0.998031876,BARBUNYA,3
195455,1716.411,633.8275833,396.8950789,1.596965085,0.779672291,198403,498.859735,0.759024962,0.985141354,0.833708195,0.787059049,0.003242831,0.000767597,0.619461947,0.9892591,BOMBAY,1
71078,1097.521,392.8396131,230.6321683,1.703316653,0.809521743,72505,300.8310495,0.6818426,0.980318599,0.741514052,0.765785933,0.005526881,0.001172437,0.586428095,0.99887274,BARBUNYA,3
83334,1157.753,413.4552211,257.4347018,1.606058617,0.782506607,84564,325.7363109,0.787150036,0.985454803,0.781268406,0.787839394,0.004961423,0.001179062,0.620690911,0.996865986,BARBUNYA,3
213022,1849.699,721.2160984,384.3779694,1.87632007,0.846141626,218065,520.7955782,0.737513762,0.976873868,0.782406047,0.722107534,0.003385641,0.000567843,0.521439291,0.978387006,BOMBAY,1
63888,1043.617,367.8371757,221.7071419,1.659112885,0.797943887,65079,285.2099718,0.779625856,0.981699166,0.737134719,0.775370166,0.005757532,0.001283667,0.601198894,0.997456831,BARBUNYA,3
88103,1224.156,418.9478443,268.4780637,1.560454655,0.767675414,89631,334.9271915,0.701099758,0.982952327,0.738800243,0.799448418,0.004755205,0.001198149,0.639117774,0.997314305,BARBUNYA,3
66642,1029.494,346.9797215,246.0212561,1.410364807,0.705171872,67731,291.2923441,0.735270753,0.98392169,0.790151277,0.839508265,0.005206622,0.001595276,0.704774128,0.993988627,BARBUNYA,3
24647,589.4,213.9009257,146.8934367,1.456163941,0.726907047,25009,177.148342,0.714488636,0.985525211,0.891566345,0.828179408,0.008678579,0.002518408,0.685881131,0.998755372,DERMASON,0
69727,1033.067,345.328328,257.839721,1.339313922,0.665216034,70784,297.9583423,0.722821749,0.985067247,0.821020246,0.862826238,0.004952577,0.001693185,0.744469118,0.997077854,BARBUNYA,3
43779,837.559,349.4661301,159.9980202,2.18419034,0.889036896,44241,236.0956459,0.802401026,0.989557198,0.784232582,0.675589494,0.007982506,0.001025771,0.456421164,0.996910698,HOROZ,2
74439,1155.858,396.6460314,239.5846613,1.655556867,0.796964333,75814,307.8614599,0.805355404,0.981863508,0.700166661,0.776161705,0.005328471,0.001192865,0.602426992,0.997352143,BARBUNYA,3
61153,988.076,330.529591,236.1084807,1.399905628,0.699805064,62432,279.0383807,0.746496582,0.979513711,0.787130843,0.844216035,0.005404961,0.001693506,0.712700713,0.997713739,BARBUNYA,3
184362,1653.005,615.7104168,384.505067,1.60130638,0.781032714,187863,484.4966346,0.785093771,0.981364079,0.847877168,0.78689043,0.003339682,0.000789845,0.619196549,0.991523384,BOMBAY,1
39462,720.25,233.5236698,215.4661437,1.083806791,0.385581744,39808,224.1530257,0.776077722,0.99130828,0.955921924,0.959872829,0.005917685,0.003098749,0.921355849,0.998571726,SEKER,0
61497,963.843,354.0770752,222.4866728,1.591452965,0.777925422,62605,279.8221083,0.684974382,0.982301733,0.831861833,0.790285867,0.005757632,0.001385353,0.624551751,0.993944736,BARBUNYA,3
38147,727.24,265.5571724,183.4325973,1.44770982,0.723097325,38558,220.3866351,0.718751178,0.989340733,0.906389231,0.829902778,0.006961417,0.002036978,0.688738621,0.997093665,SIRA,0
52737,835.521,277.7966904,241.9587178,1.148116063,0.491297051,53211,259.1270612,0.790067416,0.991092067,0.949315441,0.932793911,0.005267586,0.002459995,0.87010448,0.99898093,SEKER,0
188247,1691.965,664.1887128,368.0132442,1.804795679,0.832463864,194252,489.5748406,0.727547132,0.969086547,0.826333154,0.737102018,0.003528283,0.000642471,0.543319385,0.980580479,BOMBAY,1
84584,1126.361,394.41481,274.3782349,1.437485777,0.718372101,85824,328.1702205,0.803572107,0.985551827,0.837804857,0.832043352,0.004662995,0.001378569,0.692296139,0.995165854,BARBUNYA,3
39215,744.67,285.5908605,175.0477875,1.631502258,0.790135634,39613,223.4504168,0.799197033,0.989952793,0.888657411,0.782414452,0.007282694,0.001683524,0.612172375,0.998760613,SIRA,0
71970,1065.618,379.3781848,241.8672178,1.568539087,0.770420637,73218,302.7128178,0.74290846,0.982955011,0.79644955,0.797918357,0.005271338,0.001318058,0.636673704,0.99864759,BARBUNYA,3
183410,1635.855,614.4548917,384.2737319,1.599003108,0.780312618,185080,483.2441049,0.754252204,0.990976875,0.86127782,0.786459855,0.003350171,0.000790593,0.618519103,0.989013968,BOMBAY,1
185350,1641.849,604.6545875,392.9410131,1.538792255,0.760053674,187679,485.793114,0.82800243,0.987590514,0.864044338,0.803422523,0.003262231,0.000838437,0.64548775,0.99327155,BOMBAY,1
153885,1491.351,573.3714139,343.8445245,1.667531029,0.800233162,156047,442.6425955,0.779038333,0.9861452,0.869453607,0.771999763,0.003725973,0.000816372,0.595983634,0.993821202,BOMBAY,1
71456,1005.776,374.7846255,244.4125876,1.533409671,0.758097312,72262,301.6299138,0.801552492,0.988846143,0.887658731,0.804808664,0.005244971,0.001357355,0.647716986,0.99321549,BARBUNYA,3
78139,1153.901,429.6343751,233.1066782,1.843080509,0.840010659,79379,315.4198231,0.746113742,0.98437874,0.737463641,0.73415872,0.005498335,0.000985305,0.538989027,0.99340017,CALI,2
138244,1395.699,510.6812515,346.6453918,1.473209405,0.734332324,139249,419.544667,0.797365264,0.992782713,0.891810581,0.8215392,0.003694057,0.001037998,0.674926658,0.9943083,BOMBAY,1
169310,1542.564,576.8799274,376.7857755,1.531055483,0.757233558,171788,464.2975203,0.750827058,0.985575244,0.894141166,0.804842565,0.003407241,0.000881914,0.647771554,0.991774189,BOMBAY,1
72923,1083.134,406.9631528,229.1976759,1.775598951,0.826327268,74095,304.7104319,0.689931502,0.984182468,0.781106071,0.748742066,0.005580724,0.00108193,0.560614682,0.995426841,BARBUNYA,2
97054,1265.438,428.8218966,288.6922782,1.485394411,0.739440543,99061,351.529502,0.774362902,0.979739756,0.761625646,0.819756418,0.004418385,0.001230786,0.672000585,0.998185914,BARBUNYA,3
75124,1084.945,391.4400061,245.826288,1.592343965,0.778209289,76179,309.2747121,0.751991992,0.986151039,0.8019977,0.790094797,0.005210585,0.001252515,0.624249788,0.994020383,BARBUNYA,3
68118,1027.932,359.645249,241.6575618,1.488243308,0.740611811,69292,294.5004776,0.735178889,0.983057207,0.81010811,0.818863806,0.005279739,0.00146433,0.670537934,0.997923592,BARBUNYA,3
40438,767.967,297.9687098,173.9594667,1.71286286,0.811884634,40986,226.9080446,0.76142954,0.986629581,0.861617309,0.761516351,0.007368532,0.001528543,0.579907153,0.993301425,SIRA,2
87968,1147.645,412.4432531,272.4215534,1.513989066,0.750820106,89304,334.6704891,0.695718195,0.985039864,0.839304293,0.811434025,0.00468856,0.001253811,0.658425177,0.996848519,BARBUNYA,3
22687,553.435,204.6909196,141.2405819,1.449235884,0.723791449,22989,169.958776,0.721734428,0.986863282,0.930794253,0.83031908,0.009022388,0.002645339,0.689429774,0.999146368,DERMASON,0
148931,1403.498,496.1268755,382.8269939,1.295955832,0.63607015,149919,435.4593421,0.823961272,0.993409775,0.950104496,0.877717704,0.003331253,0.00121957,0.770388368,0.998389299,BOMBAY,1
138114,1368.731,483.7173648,364.5190225,1.327001706,0.657357888,139491,419.3473578,0.793950264,0.990128395,0.926427334,0.866926408,0.003502305,0.001220289,0.751561398,0.997323257,BOMBAY,1
66449,1106.16,382.8587025,221.8744585,1.72556456,0.814957677,68691,290.8702365,0.642913812,0.967361081,0.682436762,0.759732598,0.005761692,0.001184058,0.57719362,0.995984855,BARBUNYA,2
65181,977.089,368.0482822,226.7141993,1.62340199,0.787753679,65980,288.0816321,0.696088168,0.98789027,0.857951297,0.782727827,0.005646558,0.001307394,0.612662851,0.994598091,CALI,3
34644,690.13,238.1640436,185.6528993,1.282845808,0.626381184,35094,210.0240719,0.797807664,0.987177295,0.914062897,0.881846263,0.006874612,0.002564481,0.777652832,0.997608676,DERMASON,0
64783,1059.216,355.2919274,232.7027318,1.526806001,0.755661765,66071,287.2007615,0.730855144,0.980505819,0.725607654,0.808351498,0.005484339,0.001444458,0.653432144,0.997664118,BARBUNYA,3
54614,925.529,339.9522929,205.3706038,1.655311357,0.796896426,55585,263.6981314,0.769753347,0.982531258,0.801186804,0.775691581,0.006224636,0.001390113,0.601697428,0.995996586,BARBUNYA,3
50035,846.474,279.4366973,228.683881,1.221934384,0.574685217,50802,252.4015464,0.806391826,0.984902169,0.877518987,0.903251251,0.005584825,0.002293103,0.815862822,0.996930835,BARBUNYA,0
83117,1110.906,379.3635301,279.9034803,1.355336953,0.674993251,84252,325.3119291,0.759975496,0.98652851,0.846340451,0.857520303,0.004564211,0.00152238,0.735341069,0.996634925,BARBUNYA,3
63731,1034.115,361.4702096,225.2498818,1.60475205,0.78210296,65415,284.8593151,0.709746754,0.974256669,0.748898433,0.788057515,0.005671811,0.001349377,0.621034647,0.996606623,BARBUNYA,3
33303,684.947,247.4114414,173.246083,1.428092555,0.713912689,33891,205.9191505,0.721281296,0.982650261,0.892029641,0.832294373,0.007429104,0.002198994,0.692713924,0.989259597,DERMASON,0
81976,1180.158,408.0618288,256.3218355,1.591990117,0.778096625,83902,323.071331,0.714331774,0.977044647,0.739632997,0.791721519,0.004977821,0.001206449,0.626822964,0.997895963,BARBUNYA,3
81409,1095.466,419.1968833,250.7517088,1.671760824,0.801367972,83280,321.9521053,0.794505441,0.977533622,0.852480549,0.768021229,0.00514927,0.001105143,0.589856607,0.986099168,CALI,3
146976,1463.469,540.3445699,347.6428835,1.554309309,0.765553209,148762,432.5917883,0.79836607,0.987994246,0.862361249,0.800585057,0.003676414,0.00093161,0.640936434,0.996213465,BOMBAY,1
74185,1082.991,377.3951736,251.4390236,1.500941136,0.74572967,75436,307.3357702,0.780861858,0.983416406,0.794833696,0.814360627,0.005087217,0.001380152,0.663183231,0.995398992,BARBUNYA,3
62839,952.704,360.6232376,222.5298568,1.620561136,0.786908099,63383,282.8587983,0.798706086,0.991417257,0.870007811,0.784360986,0.005738844,0.001339887,0.615222156,0.997005117,BARBUNYA,3
75677,1039.343,394.2064883,245.7193692,1.604295541,0.781961646,76411,310.4109357,0.825897632,0.990394053,0.880351241,0.787432335,0.005209066,0.001235357,0.620049683,0.994742941,BARBUNYA,3
47863,839.571,326.2859978,187.9306183,1.736204567,0.817471539,48519,246.8624401,0.768587211,0.986479523,0.853286594,0.756583003,0.006817082,0.001377858,0.572417841,0.993834469,SIRA,2
96192,1220.012,448.888428,273.8383004,1.639246326,0.792373357,97341,349.9649387,0.811870157,0.988196135,0.812120763,0.779625664,0.004666588,0.001063466,0.607816176,0.996360433,BARBUNYA,3
64412,974.54,327.9948214,250.7908825,1.307841889,0.644483258,65298,286.3772085,0.746243411,0.986431437,0.852270212,0.87311503,0.005092138,0.001825433,0.762329856,0.997006919,BARBUNYA,3
69379,1064.746,365.565189,242.6596014,1.506493817,0.74791637,70780,297.2138731,0.738129435,0.980206273,0.769034575,0.813025644,0.005269104,0.001420148,0.661010697,0.995808528,BARBUNYA,3
73235,1091.178,401.9699383,232.6695086,1.727643389,0.815453097,74256,305.3615858,0.805550361,0.986250269,0.772924987,0.759662743,0.005488768,0.001127556,0.577087483,0.997001374,BARBUNYA,3
23937,579.371,224.3188937,136.1951646,1.647040071,0.794587413,24243,174.578163,0.710381054,0.9873778,0.896119809,0.778258844,0.00937122,0.002120665,0.605686829,0.997590478,DERMASON,0
40752,728.679,241.6146519,215.182691,1.122834977,0.454781939,41112,227.7873085,0.781857949,0.991243433,0.964464583,0.942771089,0.005928903,0.00288921,0.888817327,0.997995183,SEKER,0
62958,978.83,336.8552,243.3110501,1.384463221,0.691578194,64609,283.1265005,0.777259259,0.974446285,0.825745554,0.840499124,0.005350475,0.001647105,0.706438777,0.978038505,BARBUNYA,3
66991,1056.519,357.1544817,239.7330337,1.489800868,0.741248554,68096,292.054088,0.813352921,0.983772909,0.754174252,0.817724831,0.00533138,0.001470443,0.668673898,0.996190955,BARBUNYA,3
24186,573.868,213.73122,144.5738136,1.478353615,0.736508628,24512,175.4838216,0.803628389,0.986700392,0.922889906,0.82104908,0.008836981,0.002477195,0.674121592,0.996590092,DERMASON,0
70853,1087.632,370.8191638,244.1548892,1.518786558,0.752650399,72371,300.3545263,0.726697436,0.979024747,0.752669216,0.809975739,0.005233641,0.001389542,0.656060698,0.996416169,BARBUNYA,3
69123,1053.271,356.3549969,248.6214023,1.433323895,0.716410494,70470,296.665025,0.725883687,0.980885483,0.782982741,0.832498569,0.005155375,0.001527475,0.693053868,0.993370669,BARBUNYA,3
39753,731.257,269.916905,187.9505193,1.436106195,0.717724349,40147,224.9779803,0.795266769,0.990186066,0.934199649,0.833508299,0.00678985,0.002021527,0.694736084,0.997714794,SIRA,0
75679,1085.308,368.0140302,262.7612246,1.400564451,0.700147896,77287,310.4150375,0.764372576,0.979194431,0.80738233,0.843486965,0.004862829,0.001518386,0.71147026,0.996459955,BARBUNYA,3
186765,1648.501,635.8735911,377.526881,1.684313417,0.804676337,188680,487.6439106,0.808044754,0.989850541,0.863628422,0.766888132,0.003404672,0.000726412,0.588117407,0.99057404,BOMBAY,1
75270,1137.956,407.2692514,235.985883,1.725820402,0.815018761,76553,309.5750968,0.716215959,0.983240369,0.730433764,0.760123912,0.005410778,0.001114236,0.577788362,0.997158943,BARBUNYA,3
170021,1556.114,583.2122412,373.5774606,1.561154788,0.767915236,171568,465.2713839,0.791959345,0.990983167,0.882327083,0.797773694,0.003430237,0.000857083,0.636442866,0.993585828,BOMBAY,1
141519,1442.904,523.1006681,347.0957926,1.507078678,0.748144919,143783,424.4850847,0.780600678,0.98425405,0.854180672,0.811478766,0.003696328,0.000988687,0.658497788,0.992407975,BOMBAY,1
75275,1044.47,401.3775371,239.5164795,1.675782551,0.802437528,76120,309.5853787,0.673095838,0.988899107,0.867099004,0.771307186,0.005332149,0.001164103,0.594914776,0.9969478,BARBUNYA,3
81172,1125.616,404.016421,256.2952612,1.576371015,0.773030853,82356,321.483126,0.768965517,0.985623391,0.805073618,0.795717969,0.004977288,0.001230862,0.633167086,0.998106243,BARBUNYA,3
183612,1610.186,590.3071646,396.9258523,1.487197574,0.740182875,185076,483.5101439,0.797979974,0.992089736,0.889936117,0.81908229,0.003214971,0.000892621,0.670895797,0.997754602,BOMBAY,1
